2377
300
2
2108 3823
1
328
2105 3698
17040 7489 5724 9394 14794 16873 9891 719 12471 6251
159
2047 3797
17684 5873
386
1954 3807
2643 7891 15490 18622 11896 854 6819 11132 13269 14203 8555 18437 9949 11451
392
1980 3918
5809 4574 441 7524 10373 5386 19821 7842 14176 13520 1799 11814 2775 18517
380
2042 3970
16917 16397 17182 17608 19257 852 6615 1705 18321 11362
231
1931 3968
13146 1384 14461 1692 13822 15342 6047
212
1807 3938
8729 8650 18129 7564 10871 11258 1010 13025
282
1977 3996
963 4761 10381 5456 17263 19596
197
2007 3859
543 2814 18580 8430 3517 9087 16115
250
1859 3844
14578 5494 7371 15357 940 1810 19794 18837 6087
189
1867 3818
12275 3882 4690 11765 2021 1767 18529 18193
234
1896 3699
3886 3034 18677 14674 13057 2827 18765 10183 15719 8094
268
1982 3666
7177 10628 7994 14911 7179 17221 10440 2587 6187 16681 12548
189
1984 3610
17928 9517 2154 19662 10455 19594 1499 9605
280
1983 3485
460 17800 10539 5865 15584 19104 18525 17932 6879 10203 7495 15032
265
1903 3431
16303 8685 8738 15916 2011 3219 2113 2817
371
1953 3514
15406 12678 11347 10928 6489 5496 17753 7358 19372
259
2066 3538
13969 16588 6861 8916
228
2015 3635
10986 44 14387 13611 8120 7271 5139 16710 12334
68
2111 3626
11622 203 13295 3820
281
1860 3743
7920 3683 5954 9135 4283 12663 17222 16465 10468
204
1763 3648
11141 9596 4345 232 7626 12005 879 14389 2029 927
255
1715 3619
19448 12053 13460 5370 13691 18338
275
1854 3634
14465 19413 991 1889 11778 17925 976 11224 7836 8987
267
1838 3566
11906 4655 16007 16835 7684 2998 15505 6104 16919
288
1787 3447
16935 16477 1032 18508 5161 14805 16251 10575
258
1708 3483
8495 7035 9220 1229 5690 1995 7781
83
1792 3503
13323 10239 14504
193
1855 3659
15132 1192 11171 6237
300
1796 3730
8159 16546 5709 14701 14479 4804 15194
197
1902 3870
240 19354 16270 5436 8290 13305 15451 17782
393
2052 3840
6893 7741 3402 9977 9428 1685 19809 6676 5409 4263 17250
421
2159 3735
10557 4922 1922 7847 1069 13890 10680 11768 19898 12675 19004 17773
293
2210 3853
18855 9284 19564 13533 9422 16385 8186 10128 7187 2301 11406
261
2247 3788
2163 9947 18702 14872 2764
250
2329 3876
15426 6852 16972 9265 16648 9476 9807 3665 16490 14413
271
2412 3802
16867 2644 9843 14223 1793 11067
278
2391 3922
6346 636 19405 4035 8580 15532 11380 1234 6356 8852 5220 1274 14468 8185
263
2418 3970
16324 12814 2114 318 9211 12249 7069 2968 6497 14104
286
2323 3919
372 2448 1365 14195
280
2462 3882
8725 10584 3088 10116 1993 18628 10969 18723 17166 14881 9965
244
2560 3795
8130 11884 12426 19457 12530 11415 6532 11272
115
2588 3709
8536 15193 3416 6444
293
2487 3785
12489 14853 13816 19531 3794 3198 4663 11030
296
2567 3840
3955 4815 13698 18629 11227
276
2467 3924
6103 10392
237
2367 3815
17728 11365 194 16294 9563 19092 13973 15320 18000
238
2300 3759
5042 1513 17023 6224 1734 1723 14926 18512 19122
271
2221 3705
19040 10924 16836 16089 5225 7485 17867 558
291
2331 3683
15211 12075 6230 8209 19071
293
2211 3630
10931 2641 16558 19437 18761 10398 19574 17671 16862 11674 11603 520 9538
283
2283 3598
11656 7728 17517 10885 5844 10493 11410 7623 14833 458
266
2318 3468
16044 2309 10674 113 872 15260 9019 19954
238
2415 3527
10109 4133 7548 1992 19776 16403 716 6076 5571
264
2482 3616
871 11617 10562 16183 8884 1671 6719 16 3874
294
2566 3645
9631 10179 16456 4308 15651 9228 16798 13930
285
2445 3706
19756 7154 17335 13423 15926 13486 11377 8113 9225
2
2404 3732
13151
295
2517 3597
7161 5824 220 11273 17805 518 1485 11041
293
2528 3567
4013 1784 449 17359 5104 5013 611 19700 11322 8215
282
2613 3479
11290 18549 18175 12716 16171 8519 16578 6547 19395 17430
277
2608 3429
10609 2663 19362 10971 3463 12064 14137 17467 7631 11563
301
2463 3404
19306 16677 4358 4484 10532 7908 10361 17746
292
2346 3439
19849 9002 7909 13363 4907 11236
295
2502 3386
17456 15924 3173 3403 9178 14874 5399 14979
287
2639 3338
11832 12715 13903 11208 12256 13826 807
253
2663 3398
7521 271 17170 2350 2019 1932 10689 5027 2852 14614 16878
115
2685 3444
17294 10567 15848 13768
265
2422 3568
12918 9193 8252 13237 18973 394 16240
76
2355 3581
3494 18843
297
2221 3518
9077 9124 14663 8639 12615 9592 6735 6171 3987 1415 18705
298
2147 3532
4717 9636 16057 16158 15756 7109 4837 15523 10642 15689
251
2104 3495
13130 9371 19705 3181 4799 18277 7750 15865 9342 3912
288
2131 3429
19761 17776 5532 5382 713 6843 2971 13619 18859 1761
288
2163 3360
18002 8754 3614 18234 16221 779 1623 14350 11580 19260 1468 4453
276
2247 3363
15568 6288 18750 5049 16127 8482 17062 10582 6175 4080
283
2368 3375
12243 9114 10842 7340 3428 7903 10339 11438
261
2381 3277
1326 647 777 17303 7444 15636 12490 18731 12466 12545 2342
292
2491 3225
11181 17172 427 13787 6802 19403 17597 18516 4366
299
2608 3192
14592 9865 11686 19058 15167 12293 13444 12819 16198 2919 3938
285
2603 3131
15411 18902 9741 13492 12802 15809 127 14056 13613 9096
271
2718 3198
9911 6995 18572 6987 1494 12288 17488 17344 10173 19891
243
2694 3300
15461 1297 6378 18322 14501 4099 14603 8745
280
2671 3237
19182 3104 1281 1951 18640
272
2696 3119
5802 12378 12912 2223 8986 11283 3862 14334 14209
297
2681 2974
7041 7311 1847 1911 2362 7420 12756 2444 11439
114
2673 2937
19168 18163 16488 18159 13033
220
2707 3062
8540 12521 17133 13204 17034
302
2576 3211
6683 13929 2646 13760 12589 16805 8881 5294 12182 4775
291
2494 3335
7316 12793 16469 14092 19844 7214 17404
251
2405 3336
12848 14317 780
265
2425 3184
1581 7067
247
2282 3253
15960 17326 3187 9399 12874 9599 4196 19811 10533 9934
282
2310 3358
8280 18116 11174 17651 12479 19470 3871 15018 8792 18575
267
2170 3320
11197 229 1227 12630 18123 12179 18944 2833
298
2087 3341
7724 3427 5299 18638 10418 5238 14587 19166
284
2117 3252
10634 13593 12137 16679 3540 10560 4687 8154 8321 15870 3100 15324 426 18153
264
2183 3217
5711 1850 3736 15418 13049 17418 10215 11663 609 8848 4521 18341
286
2299 3168
71 16032 16133 64
284
2148 3155
15996 15517 2480 10165 5909 10029 14367
270
2205 3038
8116 741 3984 19026 18130 8075 8461 12537 4392 11190
296
2270 2934
4121 3742 5514 9968 527 15567 12308 3480 18410 10917 6481 10796 9023 13693
289
2290 2861
4109 11123 1981 9756 2404 14548 4010 18318 11116 17974
252
2346 2884
19955 12901 4323 11139 15075 5243 9289
289
2324 2814
8410 1670 1916 12811 10846 6669 3424 15361 1092 14725 11575 11313 11624 199 9292 4206
227
2261 2782
6856 11834 10571 15209 5020 2978 19535 2940 4594 15191 3566
290
2287 2697
15930 1193 1511 17945 17715 12165 8107 9693 19758
296
2202 2620
6380 19204 17840 8165 8903 13927 8090 16668 9484 2670 8272
271
2118 2597
8274 15594 9317 19162 15178 4785 4884 8019 3357 17949 6284
255
2050 2644
18787 5463 6473 5691 17582 414 7182 6021 6438 8797 1860 1745 17562 19244 2634
254
2054 2717
3570 19936 13990 15408 8117 12204
287
2151 2751
152 9066 2335 14664 18178 19980 1865 15218
294
2218 2716
18770 13466 18239 17532 3596
300
2240 2580
6332 9861 14795 5072 19686 12047 14607 6174 9923 2632
131
2235 2594
13090 5872 6015 8558 9128
293
2335 2815
1079 1949 19634 3560 7273 15338 14909 19724 14521
294
2392 2701
8719 4333 12739 2915 16560 9676 17639 19895 18431 19044 5252
288
2358 2602
6296 15622 15335 6912 5052 8373 17186 5732 6039 12462 12494 2748
259
2450 2504
11529 998 2456 15796 4965 10802 3877 18681 4490 9539 1904
296
2405 2424
9770 18117 17855 14019 19340 19322 17225 11641 12660
271
2517 2463
2293 2710 14290 10555 19498 4648 8166 11486 9848 18788 4977
276
2602 2522
13169 15403 8458 5622 7756 15550 5878 250 7404 2683 650 8331
298
2614 2622
17444 8141 8365 9007 16999 16598 3084 4575
254
2493 2635
4493 4303 7088 12844 5752 7352
137
2598 2671
16135 86 3368 19385
301
2517 2687
13805 1313 2629 11871 10670 18188 4385 12418 12535 2478 9160
273
2622 2535
15665 5629 10994 14569 10722 2824 17993 5769 3672
274
2753 2523
8291 13061 15668 16761 238 11306 15929 10930
293
2642 2571
16846 12066 10367 6080 5269 9
289
2676 2695
5306 19010 5111 18411 15262 3254 11382 9778 12634 9663 18664
285
2780 2742
6453 7916 16174 2474 1980 4047 2156
285
2734 2856
7044 12254 16277 9983 15712 17047 10052 16316 8003
234
2667 2762
17412 11033 6401 14190 14441 11908 8542 14470
262
2770 2823
17908 3880 8817 4995
300
2858 2714
3996 19807 14976 18050 19653 12218 1525 19850 11791 10985
301
2891 2801
16665 2945 23 8995 3889 5801 9682 9979 15529 11728 1870 11514 12643 16268 7423
300
2912 2891
3854 11248 14312 7964 11838 4846 2831 11847 12253 6957 3723 19599 673 10776
295
2935 2943
16854 12046 9616 5821 10934 19661 210 12237 4578 6439 687
291
2923 2992
14796 8888 19423 14986 18412 18488 5210 2903 6038 18725 10253 19167 15645 13806
253
2828 2955
14622 17011 8057 126 7551 6988 16540 5092 1023
156
2746 3017
11042 17612 10880 16908
253
2797 2923
801 10682 11211 8028 16831
287
2834 3041
13345 6930 6756 2526 13196 11107 10445 1419 1900
278
2909 3019
7215 5725 1644 13717 3379 153
296
2989 2873
9793 2083 14894 8048 13671 8360 9523 5714 435 4897 7239
249
3049 3014
14644 18076 15099 3055 5950 5933 383 1716 18045 14545 15781 7331
278
2986 3110
5247 3168 13905 1921 11688 7999 7745 14165 17886
86
2908 3091
9632 11204 365 7293
273
3018 3053
10546 5796 9743 834 9127 1122 456 10810
268
3139 2981
18948 4560 19014 6443 4438 176 14807 7183
274
3192 2904
18287 15030 11413 1744 828 5848 7092 14076
287
3114 2942
13732 5773 10353 7900 913 833 1915 15834 13597 12973
265
3002 2829
18462 13058 5587 17483 11183 2845 4682 4601 10520 5311 7603 5499
295
3126 2763
18492 14824 422 11217 13450 18816 4294 5642 2612 12915 14995 9544 13687 1364 14905 10499
267
3142 2695
5099 19451 8612 1275 179 14096 9043 5351 18113 9179 1750
288
3114 2583
157 18764 19066 1782 398 2466 284 16436 4176 9847 6713 12992
294
3223 2598
11875 18621 5437 19126 7537 18474 17614 9192 3905
255
3200 2507
8132 7146 19511 12947 2310 14591 9500 12653 3507
97
3189 2635
9050 16559 17607 2166
185
3134 2525
7110 5625 3714 4576
284
3099 2674
10028 3446 696 4337
224
3122 2816
14731 2351 11558 1041 17176 7237 12408 8908 17045
273
2987 2789
979 1220 10448 4892 2902 18487 9164 15292 3822 11423
298
2920 2700
13809 6393 18739 7812 4974 14696 156 3299 4770 7039 7796 4137
265
2912 2664
4024 14564 15008 1331 7809 5454 18014 3634 6721 9190
284
2820 2596
4504 9184 15130 3632 3718 13408 2592 757 9255
187
2779 2615
6998 6372 12470 4071 19773 18649
213
2841 2657
4877 9071 3410 18823 17533
244
2996 2695
11658 18243 9273 16552 3433 16079 9583 3445 5308 16123 11526
247
3035 2626
10247 2734 13173 6440 4679 11087 14483
186
3002 2775
7452 5722 1061 9680 17320 16110
260
2895 2834
18642 15491 11097 10809 17132
245
2751 2565
2210 4713
271
2524 2443
10502 18249 12320 6446 13894 13887 9122 5899
265
2443 2335
11741 14329 18760 3018 8561 13065 7672 2316 7141 13349 7133 12173 443 13119
282
2399 2255
14705 15337 19931 2381 18274 9849 14310 8538 3149 17018
270
2414 2156
10301 17650 9939 11448 1548 13545 4988 19750 4403 8661 16576
266
2531 2175
18224 9302 3642 2973 16434 8721 16136 9011 9925 13971 12449 9086 1854
272
2510 2271
5900 4305 18595 9167
120
2625 2179
3388 8992
197
2499 2236
17718 6445 4215 715 8774 8218
299
2385 2145
14652 6886 11703 16203 9597 14373 15160 16795 9029 1048 17374 933
298
2325 2263
2693 18532 6700 2608 3589 5271 5908 6504 19973 15548 2428 16036
2
2316 2204
11855
286
2357 2364
628 13026 7203 6752 406 19367 6167 15382 12641 11808 6519 17664
287
2300 2351
11805 8008 13261 19702 959 4597 13896 12596 16926 7065 17055
277
2226 2392
7053 12748 6613 756 14558 27 1689 1156 13881 16911 19214 2611
302
2115 2440
7720 4719 16494 19905 18251 1780 1695 13724 11574 8933
298
2059 2350
10672 17405 5484 11154 5482 15855
279
2119 2487
1678 7473 19979 10394 2292 3162 8240 7328 11353
270
2173 2420
5350 4489 13246 19699 2784 16973 1472 9980 18728 6197 14100 17443 1286
224
2251 2487
8757 3354 6935 13356 8006
265
2163 2408
7036 17064 13439 6294 15954
301
2154 2311
14298 8509 4168 16924 12035 13981 11982 2944 12905 1708
208
2015 2282
7945 18668 888 5336 2667 5745 9896 118
294
2074 2253
16120 7437 4826 3844 18960 3420 12379 12323
298
2025 2158
15119 7557 19826 18109 13550 335 5218 8217
294
1915 2177
5550 1144 16914 4786 18990 9981 9442 16226 14368 15143 7818
298
1868 2197
11173 19540 7413 7432 19920 8268 13626 16195 9940 10300 13079 1120
299
1839 2259
17276 6449 11752 18465 4462
301
1703 2238
14356 9155 17413 14335 6037 3691 10857 5855 16147
277
1655 2363
11352 19824 19765 19651 15974 9118 5298 12302 17957 15539 12051 12957 17701
282
1544 2454
5395 8665 6525 15435 9369 8879 15814 13782 11860 15334
298
1522 2556
16003 6561 18647 14774 2524 10606 4728 4342 17370 10161 17362
302
1474 2663
7170 10413 149 15853 1913 10531 8857 16874 19748
288
1519 2665
1815 9999 9247 499 2547 3541 14689 10544 19347 9700 15315
207
1604 2756
17693 2399 5283 19623
249
1540 2663
7374 4628 6221 13538 15958 4665 12151 17623 12538 10905
127
1567 2628
13 18174 3489 11754
299
1522 2497
15494 8071 19685 1837 13029 2894 8640 12096 17560
297
1629 2483
9395 3092 7360 5434 123 11176 1163 10146 601 8279
299
1750 2476
12133 14453 12673 1058 14924 736 11623 10051 12269 16707 7306 11561 17127
246
1692 2561
16646 9441 10904 18675 15667 11065 1251 12087 19677
248
1738 2553
12363 6042 12525 4431 8778 4174 8317 12312 16041 9157
141
1825 2564
1804 14510 10322 11886
283
1614 2529
16656 10741 15000
290
1501 2431
2280 12882 18746 16756 2717 9462 12215 10390 12038 1546
285
1578 2381
12594 11505 14164 2377 3906 3719 8715 7403 3406
291
1532 2261
14434 10580 7754 1968 18769 6234 10719 14770 17766 17274
283
1464 2334
4774 19221 12642 18073 13142 5718 19007 19707 18057 11882 9578
293
1389 2246
19554 2006 9672 8070 13947 13888 5695 16689 10090 8258 17460 457
294
1257 2244
13817 18657 18938 14602 18898 14707 5807 4646 4351
286
1274 2371
6865 5671 10286 618 3850 19617 16146 19941 135
295
1157 2304
705 15501 4195 8283 3973 13670 12687 12509 12144
280
1198 2433
5115 14575 1310 3036 9864 5766 17199 18953 10712 7522 16186
265
1102 2348
2091 5352 10873 19375 3247 3933
295
1110 2453
9391 10135 18963 585 13128 84 617 13740 1709 12401 18733 19520 17477
248
1057 2362
13447 7462 8227 2165 3484 1132 2577 5356 10110 15486 5327 4876
146
1071 2433
17363 17777
269
1223 2475
2607 11783 10865 14530 17323 7229 11609
285
1160 2272
18034 4918 9151 577 1448 4060 14537 10874 5564 14457 10967 5540 14043 4469 2786
267
1033 2254
11333 10910 891 19309 12856 19926 10126 8901 15572 14046 16062 10527
263
983 2291
12081 4732 3872 17381 15674 10422 9729 13785 4607
300
910 2199
12730 19523 2252 18460 13633 8794 1347 19196 10268 11159 3747 11761 12639 12988
287
895 2138
17789 16833 18699 14473 3281 4800
276
846 2274
10261 14469 13137 14172 5050 10515 5012 14554 7339 3826 1288 11928 17378
302
856 2332
13186 3945 2051 13154 18688 1931 8452 17017 17226 5420 7405 4007 14040 13127
278
796 2375
7018 9809 4470 3976 15465 1489 12240 3659 2600 17739
269
809 2507
9119 10180 4257 1768 529 7006 19248 11548 11828 1875
300
747 2568
5459 5035 9646 18648 16209 18309 19787 13848 10237 6524 14852 5500 10138
290
634 2610
3176 2144 2883 14804 18875 2150 15664 2954 4933 1267 19082 7038
299
655 2659
17169 13396 13424 6543 8210 163 11949 3875 15103 5121 3927 1128
188
738 2632
2690 6498 14722 2807
287
638 2558
16841 13512 17511 13342 19720 6585 17692 4940 7846 2352 7107
267
553 2493
11584 18114 7984 19480 8178 7876 8201 5539
285
452 2458
13581 7429 12294 17425 5428 13722 2794 5089 16080
287
357 2493
1502 19373 15852 15720 18293 1076 788 12542 10705 2187
286
270 2415
19670 19155 13145 2627 10063 10876 7957 19622 5926
279
161 2443
8372 14166 5834 14574 14942 3999 3031 10683 18842
279
37 2392
7479 956 4033 10123 9702 3067 19099 10169 6342 13954
281
129 2492
3704 7824 8638 5951 10803 1697 19603 6327 7155 17116 15274 15978
289
242 2523
4538 4204 3093 4972 15997 8437 12513 11684 15397 18214
298
213 2556
19357 11739 7839 6242 16745 17173 2802 18217 2418 19043 4381
275
141 2598
8505 14004 5970 18422 9116 309 3982 7816 7356
289
269 2648
895 10144 66 10040 7949 1199 15690 16311 16690 8967 14045 8110 1861 16694 15824
298
219 2685
16545 18608 11620 3870 11455
294
341 2735
18040 4054 11084 9501 2427 12114 1713 10553 6118 17803 13037 10770 2853
300
455 2755
13684 10008 6707 2486 17498 11851 14111 16066 12028 9205 16535 15305 10508 8074 17740
284
520 2814
16417 9487 19943 5635 18978 2779 1801 13113 6216
253
575 2867
6722 5114 1556 10811 576 10751 19937 1382 10310
262
617 2970
9215 1314 19072 16565 5219 17049 14638
236
712 3069
17995 17735 19224 11449 666 9928 9822 12092 2597
287
673 3088
13558 13986 4700 2125 12116 10383
270
556 3005
2767 17764 10211 5406 8416 450 17239 5304 5284 1547 2966 13751
274
540 2987
4778 6033 1108 1537 15646 15681 3196 6219 9536
295
518 2951
8760 5637 804 8124 10231
2
647 2902
12787
299
477 2790
2983 16533 15942 7445 15169 11606 10403 7364 13748 6377 1864 15249
292
429 2851
5863 11934 5853 193 648 4412 12268 8322 15980 4319 17822 18404 18612 484
280
356 2874
1988 14625 13209 16380 12337 5241 16728 1609 4064 11138
299
249 2841
6883 1803 11981 17104 11708 505 5107 1642 16775 641 1252 11591
299
276 2909
5341 11259 3111 8847 13420 14245 15641 12381 1628
271
357 2993
18424 8962 7073 19037 2290 2511 15765
288
321 3055
18031 8047 5344 11507 16767 11383 9120 17332 1437 9628 14271 12647 76
287
455 3131
7998 53 281 8463 13467 18845 7094 1953
44
523 3083
15077 3599
287
364 3092
6791 2805 743 5592 14745 19136 1015 4579 16109 19501 12469
302
276 3184
6560 8690 1507 14407 5935 15800 10427 6586 8426 15795 6634 13913 18697
279
241 3220
6391 9655 3522 19514 808 7453 6029
287
165 3190
6746 3237 1253 14305 262 4555 19428 16310 15121 15952 8414
300
100 3165
3792 11111 18952 8477 6818 3759 18794 19179 2014 19186 391 5071 16660
288
112 3239
11319 10982 5678 4548 2757 18332 5359 1320 4456 12990 9993
298
75 3318
18197 11696 15144 13882 16145 1239 8433 19923 19607 7176 15140
262
38 3364
8633 2980 51 12595 6089 4664 13702 4255 8199 11718 6108
164
41 3459
8406 6724 5268 7256
273
97 3258
1534 17958 5198 8069 3928 4372 18058 8714
285
8 3188
17126 6300 16425 815 17480 13498 2129 17058 3469
290
76 3069
9827 12021 15275 14597 19591 7098 18827 15448 4312 11815
299
31 3036
16394 10328 16359 5735 12425 7569 7738 12529
269
129 2981
14438 15891 6901 5320 9797 8087 9673 17229 18679 2595 7545
253
77 2922
16714 2562 9041 14718 4686 13445 6422
255
77 3139
15828 12246 6386 1891 5143 10267 10558 13407 18272
281
176 3102
4577 13666 16863 5063 18779 1404 10979 11482 32
224
238 3033
3051 18304 17878 9349 5021 18425 9589
287
202 3148
2640 16355 15624 102 7319 3378
267
327 3239
9744 783 17751 114 5603 7491 3964 16481 4376 19414 17136
291
443 3191
10834 209 2712 1852 10966 9201 59 1774 8630
268
474 3302
12186 19441 5993 6295 12292 10631 1589 17513 15874 1289 8033 15326
266
534 3353
7456 768 11414 13674 13008 17569 16589 4265 15973 13534 8704 19321
295
626 3432
3039 7151 6483 1408 16607 14230 13781 13714 885 10603 17508 16002 3238 15569
284
708 3409
531 18507 19180 9105 9505 13016 16894 8957 3768 5373 7077 11942 573
245
728 3273
13786 7856 11086 15704 19426 15846 8529 3460 15054 12953 14651 11826 5322
298
839 3277
16512 16202 8543 4097 7985 8676 8636 14214 12404 4169 4339
272
772 3164
15254 16205 12518 11980 11986 10452 16235 10022
195
765 3314
8222 4102 13104
241
720 3424
16968 13978 111 10743 7580 17942 8026 3688 3578 16922 7198
265
795 3373
1380 18756 4866 5157 14066 18392 16356 6195 7372
279
908 3337
6416 7105 4636 18538 11836 6283
279
832 3467
12877 10827 8231 12291 6265 14293 1019 13050 10460 4344 367 9806 8773 4320 3157
291
818 3588
15915 19779 9177 1633 3164 1442 183 15555 1436
274
945 3602
8833 12063 3951 7121 6181 19934 11676 5192
274
1082 3599
2134 3710 14784 10465 15376 1429 18713 18892 3526 11003 17744 7454
295
1196 3547
8205 3012 5743 4235 2765 8481 16634 17500 9875 4211 12437
292
1264 3613
18775 4367 2070 16905 18659 10307
296
1261 3517
9481 14095 4314 7866 5971 1244 13047 6927 14786 19919 4222 13201 17675 11239 19578
288
1186 3495
3657 198 514 10242 16526 3411 1719 16492
279
1193 3420
19525 18358 6896 1321 5522 11779
282
1296 3516
15221 753 11166 1492 1576 2914 15896 3482 11799 6591
299
1413 3568
19683 7095 1422 12211 12300 17249 4423 5991 8961 8905
279
1418 3458
17529 2490 12701 16505 12534 13190 2366 11716
254
1406 3358
9527 14034 18950 10049 2174 14624 14136 11903 7490
246
1425 3233
4185 14518 19652 15886
268
1375 3382
19818 17534 3109 4172 14791 8812 19125 1986 19358
286
1331 3462
3148 11281 3637 10407 2403 5430
290
1465 3525
2030 10104 11400 17900 6821 5544 12887 7853 16671 18569
275
1569 3626
8932 14876 599 177 10633 11682 14665 3310 6313 17070 12783
298
1659 3702
18049 3279 12855 8203 1351 11842 619 19434 308 16814
296
1585 3828
5816 9057 3777 2183 16282 9708 2462 9049 7878 3127 9540
201
1696 3808
16100 11919 5259 634 12934
298
1627 3890
12487 9971 9117 10320 1242 2506 8264 5411 1790 3423
299
1738 3963
10087 15365 8929 3929 18483 18886 17518 6926 17279 13491
238
1750 3831
4189 19515 2803 2225 13594 2768 14708 19031
287
1655 3951
5902 16126 950 14231 13995 3855 6188 4865 14547 16108 3103
283
1632 3997
7222 13301 10438 6968
267
1611 3787
17641 2072 12296 2082 2879 12843 17203 857 14194 10429 1105
281
1500 3763
15264 9398 10632 3347 17572 6689 4361 15728 8699 18643 16901
288
1438 3643
3726 5772 14409 8126 19259 10933 14974 10458 9293
267
1434 3698
18367 2956 2868 18394 7466
271
1476 3758
1532 14753 6589 16472 2496 9762 3594 10044 3943 18719 9489 3419 13230
259
1371 3734
15943 18335 15643 551 11648 7399 2977 3545 9146 2895
299
1286 3683
7397 8578 14035 3715 7111 17527 3392 13023 3937 18771 10665 14032
68
1296 3655
16259 7642 8325 14420
258
1372 3769
14814 5329 2777 946 8093 19285 143 17448 2930 4476
276
1455 3794
10576 16346 16736 13535 13831 2353 1175 5513 8366 8468 14965 18551
243
1522 3874
5257 8583 14710
293
1425 3802
19825 8793 14395 17829 10506 5426 10325 13080 3313 17188 9290 706
289
1465 3934
18085 11389 16967 3006 2530 5338 7125 2995 12586 9370
85
1523 3998
15402 9058 4913
286
1433 3912
15353 11722 5973 17816 10852 13449 11436 17571 14923
294
1373 3909
14193 15170 6031 1795 6753 18929 724 11022 14586 2164
274
1237 3850
15174 12646 6551 4953 18676 13019 13651 19177 19130
301
1214 3810
190 10061 4920 14512 7660 6412 13868 19735 11023 4384 16801 16443 16912 3035 16206 15316 16966
203
1201 3770
8559 12018 14744 14626 19473 8415 7200 6784 15631 19691
260
1282 3919
16819 10331 17388 12972 3380 3733 3975 10174 15703 6448 13958 1268
176
1273 3989
7721 8523 3273
201
1335 3878
17564 17325 1339 2668 759 11738
268
1532 3794
812 17271 4606 8105 11231 4683 18165 8692 11076
147
1563 3674
8479 10491 14661 19034
260
1693 3724
1736 17592 2882 8767 13206
268
1668 3610
2143 12870 19250 10107 3132
230
1523 3625
8671 8002 5792 5272 12951 7368 8701 18407 4190
261
1483 3502
3251 4858 8973 985 15692 1237
294
1221 3574
15883 12867 11047 14378 4486 10096
219
1166 3650
19383 14042 14994 1360 16331 7525
205
1082 3572
8577 4734 15468 7854
300
1006 3648
2449 7028 5240 2479 5652 1529 6420 16060 1121 17419
272
1065 3755
18112 13179 9430 2664 5859 7264 15283 9097 2658 12202
296
1122 3854
15074 8234 19897 16765 16527 15389 14519 14393 17525 13599 14890
240
1112 3984
1700 2835 15087 9613 12006 1825 8647
290
1063 3856
4070 4989 7639 11629 12492 11628 4288 15877 18745 5019 17621 6146 11302
280
985 3817
1014 6258 8698 18883 6215 170 19753
296
1041 3746
19105 15610 4650 19490 9334 17465
295
1031 3590
754 9227 2136 11167 19792 12100 19055 116 16177 15393 16641
299
1021 3499
14154 12060 18439 3490 6656 14173 2010
294
1079 3385
17168 11496 1307 17408 13150 4524 10939 14654 4551 9111
299
1108 3500
7934 9705 3815 3177
278
992 3434
3287 7892 7470 5832 4649 13374 15308 12206 9110
290
1002 3343
5060 14306 15127 11000 12834 16981 7799 3764 7975 13661 11150 16691 3418 12321
300
960 3260
9258 6632 8243 10754 19546 1786 4572 8711 9956 13357 700 5648 8297 13108 12690
277
1093 3313
5512 15352 10693 13456 19903 1897 6142 2050
266
1115 3233
2254 302 15948 396 13804 10053 12727 13375 11547 428 15050 10932 631
298
1228 3206
7686 17732 18543 9963 17719 8560 6994 15062 5335 3220 17910 4143 11581
262
1301 3214
6658 7766 16741 15061 2097 9652 15437 7275 16954
289
1334 3153
2390 8541 15907 3134 13851 19814 9355 6600 10280 18768
140
1399 3174
16706 17020 2067 279 2220 3656 18651
265
1324 3222
9248 4904 10072 15778 13596 8475 507 3731 16348 1694 17697
285
1340 3286
9460 4619 19901 4161 1515 3014
253
1244 3373
14467 8029 2679 13524 3356 526 1955
281
1176 3297
10417 4625 16708 6785 3571 12696 14617 16092 15535 7510 2851 4990 4282 8717
274
1109 3348
14608 4267 16043 1535 8955 13002 6637 9621
218
1118 3275
9156 13980 11260 18729
282
998 3289
16285 11956 15223 17841 8672 1424 13895 6159
261
983 3181
12554 2038 16266 16738 6390 3120 5790 4871 1213 17914 3209 5337
277
887 3111
7726 2094 10706 19382 3448 12977 19732 12170 19836 10100
107
763 3127
9507 13756 1057
211
978 3139
18107 4005 11539 6807
292
927 3304
14973 19586 9587 10602 9617 6097 5788 4733 19176 5281
135
876 3236
17152 17368 3760
42
927 3389
8743 18007
275
999 3522
6816 5258 404 9055 13904 3511
28
954 3573
9320 18490
280
808 3603
5525 18452 13168 13936 15400 1350 1876
297
846 3512
16455 17690 13796 14579 16068 4268 2938 15224 18445 5787 6247 16539 8985 2962
143
929 3506
2260 17846 19050 9665 9615
270
751 3482
16071 17383 7185 18405 7086 15379 12884 3263 10157 2179
276
665 3557
9584 12500 18710 8440 14416 4919 7571 1756 758 2233 9219
288
636 3606
15410 34 12852 7772 13900 13612 16782 10108 6991 2442 19606 5985
294
679 3705
19421 1260 15446 14490 11732 2534
293
559 3644
14961 3954 14240 9782 9945 14630 17802 14027 11384 10768 14642
295
540 3509
9229 16884 1820 1112 695 8850 2354 7391 191 13923
256
398 3505
2928 11328 8816 778 12636 11557 16790
251
362 3398
5380 6681 14870 4878 8362 7231 10753 15826 5442
302
527 3632
4271 10256 16517 12522 19462 18135 14115 13317 1247 18840
263
435 3726
9187 6555 977 13390 5040 8134 16754 9844 6660 18313 17050
277
510 3831
17856 2188 15551 1740 7539 12693 1088
88
526 3732
3315 10947 18749
286
415 3710
16847 14207 2284 1362 18969 7313 9241 6014 8826 7578 4375 3414
301
324 3618
8975 15048 8631 10616 10461 9499 5849 11280 4817 4330
274
200 3604
6095 4401 9375 6858 14865 7434 10570 19438 5079 6208
302
180 3670
8898 11735 14228 363 12195 18150 1765 7700 2111 4436 1652 5363
245
136 3685
10167 8921 12895 18298 12027 13371 11883 561
280
3 3698
9957 13018 4571 15206 15404
283
80 3751
16676 15243 8179 12510 13772 3210 430 500 9813 6772 17494
288
29 3790
3846 6769 7730 1999 2947 2279 13136 842 5213
300
135 3871
8689 18011 15142 10134 12731 19447 535 19288 19952 19315
134
175 3788
3186 12974 13123 9765 8160
289
119 3902
3121 2876 10385 14580 13185 18778 16809 7790 13385 9224 5509 18426
233
35 3930
18996 15528 4464 17707 6528 5734 10266 672
193
41 3844
18164 9287 4547 6447 6855 11140
2
2 3749
8128
297
217 3658
8445 16771 15172 1711 2460 17324 3319 2836 5095 15038 13856 11605 9310
231
252 3588
10875 8759 6803 4072 13753 7826 12333 12790 8569 17502 15563 4527 16682 65 8039
298
267 3504
14296 17162 6330 1273 19530 5894 4316 2368 18171 14869 2568
289
320 3413
14896 3169 951 4355 19655 18803 14527 19000
295
220 3458
46 8619 19644 14359 7433 8220 3804 4150 13840 3990
287
110 3503
2356 10779 6776 19227 17462 63 7172 18815 10505 5170 17244 18658 16946 1184
275
17 3522
13788 5178 4088 17683 3130
166
112 3483
15374 8303 5851 2579 11753 14680
152
227 3430
7139 7837 10402 16857 18428 17357
296
319 3687
11316 2177 5503 15202 14693 15888 2323 4076 19857
284
287 3790
13101 16915 19156 6840 17329 11795 19399 16430 4396 6253 11010
238
272 3874
6278 17185 5043 2062 4706 12084 6044 3442 13499 13522 12258 19209 3188
293
292 3974
13443 8088 18515 97 4634 8787
250
229 3866
7513 9915 7497 17978 16810 10149 15732
165
330 3803
10272 9645 19271 18375 18236 4158
292
407 3681
17933 11552 4157 2422 18828 2588 9601 11474 8213 14386 16441 18041 6061 4032
298
376 3586
11005 10898 6874 4519 18900 18554 8012 285
288
460 3661
18489 15697 8361 17951 17961 343 9951 1038 5118 498 4120
152
500 3594
1397 5250 16785 18586
164
547 3665
1298 17659 6641 14956
260
689 3611
5541 19282 12424 12351 7099 2120 15758 11830 547
296
700 3756
2604 17577 14059 6364 13263 2176 2037 19922 10998 16114 12742 7950 12712 17622
294
676 3767
4533 16774 14021 11573 5239 9498 7411 12364 17825
293
704 3890
1068 6828 13587 8814 16651 3991 7589 6369 15992 19143 4731
296
764 3954
2527 7166 6119 11179 17866 4912 5931
248
656 3936
1162 6475 680 14294 6086 6766
292
654 3848
9716 17241 16340 8838 17028 2197 7690 2491 12986 16102
273
566 3801
11194 4083 14189 18524 7869 9836 3239 9585 5260
253
581 3880
7175 2560 4896 19408 8951 4848 282 4074 19343 1050
278
491 3973
13514 9678 6837 12324 15024 17769 14922 7178 18671 2133 797 15627 8811 10836 16334
296
432 3982
1316 11137 1512 2009 9929 12998 6592 16592 6999 13653 10299
296
359 3922
663 16412 11083 1572 19885 3919 7253 19443
189
365 3998
8600 11587
198
579 3932
18590 1357 17354 3963 9070 14864
281
496 3878
3852 8078 13379 9039 15917 13551 10344 1686 17089 12465
261
452 3898
14604 11589 14028
299
628 3750
6388 3485 466 14406 12772 4329
271
761 3684
3189 10234 13829 10409 12962 16197 4197 12833 10925 6699
298
838 3736
233 16234 13114 4475 13968 10411 12461 17457 15122 6317
286
856 3828
13022 2171 10781 17646 7871 11144 361 4160
274
942 3925
12804 17536 14084 16910 12583 15083 8565 5201 6739 13027 11544 12635
279
892 3952
8407 8387 9701 19698 12031 17909 5915 19069 3554 17786 6537 14246
288
900 3999
4272 11533 5784 1899
300
1006 3903
270 1963 2813 19777 8294 8938 4517 8082 980 17540 13197 3481 9069 4336 19270
273
1030 3990
6135 11430 9091 3459 17563
254
853 3782
14132 12205 12633 15578 2348 14419 14047 13657 652 8197 9159
250
893 3700
16913 17742 4182 15621 681 3344 1107 18485 58 10673 17882
286
913 3656
6675 7651 11433
295
742 3656
4048 7279 12963 11127 17557 10225 19602
295
744 3416
699 2034 8627 7383 12406 9594 16445 5045
173
647 3497
746 19222 2672 12692 974
280
616 3353
10806 13675 17375 15595 10386 12228 19265 12719
288
580 3252
1746 7997 15413 11480 4518 16824 18067 11975 14929 11200
298
618 3246
6367 6533 1217 4209 10949 15988 11038 19251 17210 18541 15729 3009
280
614 3200
6706 16034 15979 6918 19524 7128 19409 12299 11506 5385
140
653 3175
9837 10057 1178 15415
284
548 3334
2623 2780 18347 16200 128 15755 12688 19119
274
524 3434
15210 4833 18086 14790 10062 6897 13549 11719 3756 19978
282
428 3293
19921 5880 17865 13502 19079 13604 13686 8229 3857 14538 4677
298
375 3203
6705 10483 4494 9935 10357 5558 1590
266
327 3291
2678 19183 7640 3341 1477 5505 920 13421 6770 9417 6640
277
241 3340
1901 7611 11163 11790 1016 5377 18248 16826 3547 3 8586
203
139 3292
6898 10485 15445 13106 9856
279
352 2987
9541 6967 3438 1763 14997 7021 3967 7679 14369 2770
297
456 2955
17501 3562 19039 6931 13097 17336 75 6563 6088 16157
203
392 3004
5966 3444 12771 7201 10454 9833
292
272 2936
8392 1655 2246 9244 7259
270
203 2837
19947 15311 6942 13459 19969 18421 17906 13956 13924 14054
299
147 2719
3643 15554 15718 11370 3435 549 1509 16623 1542
205
276 2800
9657 8733 5761 11125
235
341 2814
13560 3075 8723 1620 16864 5075 9742 334
289
466 2727
18012 16045 13784 8483 19544 13365 17075 6573 17318 8013 5913
288
449 2612
19267 4615 19797 5746 17214 17468 19458 16421 13144 7588 744
272
497 2562
15656 19103 5211 6920 7012
71
542 2699
11188 15799
275
424 2597
10605 2102 4106 17007 4693 11374
170
387 2678
5813 5488 13366 9834
292
142 2642
18789 1190 13177 7330 13062 7291 2492 11252 19799 19493 10037
198
37 2579
18115 17943 5222 19420 10316
263
45 2660
166 3558 4483 7619 5806 5861 16664 2204 11996 6972
286
110 2756
5234 5631 12208 242 2250 2231 8114 8357 14584 1888 13668 4098
252
52 2839
725 6929 19463 11145 10342 10792 2650 14655
281
29 2691
1196 4680 10648 15859 13236 10612 18499 9090
21
40 2797
4863 18478
283
23 2646
11844 16868 2213 17367 14179
296
66 2467
15652 67 14505 11011 11472 596 17305 12602 10780 7667 2532 2573 2242 9850 5146
287
18 2390
12191 16239 5384 10762 16333 9439 4951 13617 13766 745 12943
281
55 2288
7638 1277 12082 12430 9789 5758 4759 19789 5653 8566 3621
282
106 2275
2245 17749 9326 2108 4936 17537 9438 13944
289
211 2219
6274 18531 11367 10872 18910 11489 1886 13789 7393 17008
267
319 2274
14946 2364 16661 10443 16597 15346 4248 9389 1984
282
429 2274
8806 11782 4705 7552 19359 12436 16216
285
325 2193
7459 15395 17514 1214 20 16940
290
447 2146
8438 12161 3553 2901 12039 10897 6464 18194 14822 18594 4049 2591
288
434 2013
8431 7944 7951 18211 9959 13293 8338 12893 7152 15831
262
472 2013
6726 7559 9368 9774 18102 18867
300
422 1953
4964 3901 9872 19900 8710 3037 3421 4199 19848 4062 31 5646 5944 3684
289
355 1907
8641 1853 7867 5577 9526 1566 10987 3626 18480 2268 11796
290
234 1855
13932 19060 2934 11939 7914 19584 13441 5038 13472
234
106 1858
5681 14213 15519 8138 17784 16435 12826
283
87 1778
7323 19687 5737 7995 7354 9574 12679 18252 11520 8923
232
134 1666
14061 17283 18520 10259 18542 16027
220
167 1775
10589 12260 6575 15385 6516 17874 7735
261
59 1781
9565 13487 10007 14959 3007 5621 6630 7386 12499 3225
289
9 1651
15801 16498 17798 3415 19749 5825 12176 11572 13839
285
94 1576
8139 16516 5819 1153 13688 12410 3452
257
25 1485
1430 8732 5895 16155 11926 8645 19345 19874 12276
298
47 1395
6962 5133 15071 13700 14397 315 18351 8568 1664 7774
257
15 1360
16016 13193 9374 19028 1896 3342 6948 8429 11898 18735
265
77 1447
15252 6336 1300 16072 19015 10787 16220 941 15123
217
163 1417
14331 18961 8275 19094 18108 11929 12552 9699
240
114 1530
7967 12340 11072
293
20 1776
16979 7023 9520 9792 8864 3267 16370 6866
272
64 1913
15235 11627 11509 18706 3152 6895 14127 18077
119
2 1852
19675 15892 4377
285
240 1873
11479 1025 11749 14168 10944 8950 14667 8954 9328 17341
297
277 1983
10831 16231 7827 7674 943
283
147 1935
9236 9804 4725 15364 14879 9579 4840 539 2137 14071 4821
254
55 2022
10035 14445 18636 18589 2614 19444 11918 4353
241
71 2000
12784 9634 16099 9016 7189 9309 15777 19460 14633
149
98 2092
1730 12526 7101 13511 12574 18949
285
140 1976
18141 6940 12128 19785 136 12125 14371 15921 7598
118
162 2089
13696 556 7415 1141 14559
233
184 1989
9633 16683 4676 9529 2001 11894 10181
271
260 1826
11040 11540 10274 7815 4930 17929 6608 2421 480 873
257
335 1731
2541 11905 5447 10172 4957 2065 481 17872 15102 8720 16820
262
455 1731
10094 2711 14953 12766 10433 9036 18841 17195
294
423 1629
1498 4975 14437 12778 313 14197 9906 9340 19982 7921 6131 9863
295
533 1619
17184 5068 12830 19893
285
382 1627
13609 17139 7645
298
351 1702
6805 2808 1969 6307 11431 18871 29 15825 17167 15617 13979
292
274 1594
1912 17936 19239 6559 12650 13007 7938 7737 8405 15564 14507 11714
294
220 1479
2303 3698 6124 6457 3434 6916
284
257 1614
5838 12507 15349 1279 4478 8835 12347 5188 3266 18253 19567
257
142 1592
16256 7097 6218 4810 13219 2522 8096 6612 13417
290
383 1671
8254 171 2881
203
257 1715
1159 6768 1657 7542 10374 4697 3972
296
370 1893
11590 7149 7260 9619 5910 18087 3935 912 16793 7565 2822
297
495 1842
3261 11091 12352 14090 19706 15120 918 292 19767
266
555 1886
3989 2503 6830 17915 8779 10148 1160 8044 3318 14343 11916 7646
249
591 1923
7272 10820 19528 6813 9588 14177 11358 17403 3853
296
732 1944
16956 12743 14007 6749 5353 6396 9427 17435 18122 15552 12746 1287 3941 15515 16776
269
796 1926
1401 3293 12899 18619 15317
284
833 2060
9868 10459 13908 2447 7447 1732
258
898 2019
3681 818 2695
293
747 1982
10936 675 14448 4398 11953 11360 1928 3432
298
527 1876
986 11670 7488 2625 9095 19695
286
539 1754
8115 13555 9714 17073 13926 14952 4818 1976
302
583 1685
9709 2561 17633 3708 9280 4331 1021 11146 10837
299
443 1841
15082 10679 7935 19479 6303
143
383 1846
19390 1372 10158 4310 5937
189
324 1925
17395 10119 6229
281
403 2082
9101 8521 8653 12791 8296 6889 7451
290
504 2062
2104 4492 19582 5297
293
393 2164
9858 7897 9642 11635 16025 15028 926 4285 1887 12825 19192 7890
218
319 2064
18467 10760 459 1474 8089 19401 8515 13030
278
293 2162
7531 5343
291
324 2312
17442 3917 3668 4642 17759 14064 12004 3234 468 10542 1270
298
383 2439
14556 1240 13654 5575 16119 19272 18704 929
297
413 2395
2933 9449 6173 15067 10801 5132 18692 14525 5749 11820
283
514 2314
19231 17458 8868 12669 2457 6659 16980 15666 5750 205
201
606 2347
5589 497 6829 17988 1569 19881 11422 7376 5529
301
517 2394
12813 9306 2047 17235 14867 10315 9761 17273 7566 2464
265
453 2318
7457 4220 10957
114
370 2328
2387 3781 19293 16088 321
290
261 2266
14134 11969 16581 17233 3203 562 2476 9496 11375
297
170 2290
4100 10572 6472 18555 17137 17431 13086 10950 11356 2052 8887 15116
282
32 2290
11279 18006 14782 6165 17953 3881 5528 15857 1053
287
5 2160
806 3824 8678 6737 38 7492
289
137 2226
19041 16983 13989 3574 6611 275 2325 8978 12836 5309
263
223 2163
7483 1261 8101 13579 6480 8544 13162 11598 16740
110
250 2077
15466 12322 18181 7664
94
167 2456
7350 17863
291
320 2542
2295 11064 6211 6149 8248 11600 11878 15063 7274
289
579 2473
16562 5823 4039 3150 2988 5876 16393
245
838 2408
10236 17613 15108 18161 1773 8364 4237 18097
2
893 2450
10815
256
873 2296
3052 11553 10652 9411 1802 1131 411 19077 19521
279
976 2382
7211 2093 8853 9387 7970 5452 1164 213
272
952 2512
1857 2234 18192 8319 15462 3932 12903 3611 11662 17775
291
908 2629
1409 15469 3211 12250 15779 11244 2992 3255 13289
235
941 2647
4554 1142 16021 36 7671 6932
237
1057 2619
2927 12015 3436 18456 8739 1631 1824 13721
291
1121 2689
7351 16538 12174 2379 10940 14524 17307 10496 12421 11513
156
1184 2643
18393 16073 4252 15561 5675 13845 6824
227
1102 2705
8191 10855 9222 10756 13334 1204
172
1071 2588
332 3948 15999 6304 10024 15360 15482 3073
276
999 2668
9323 18342 11582 5511 14813 13830 1276 16712 18207 8121
293
1001 2789
16210 19619 4114 13098 1049 5726 16845 15351
258
883 2738
283 15004 400 2493 5890 10626 1118 5531 1231 17548
284
827 2673
8204 16150 12341 1563 9767 1086 14738 2610
290
789 2680
3336 15009 7954 1449 16069 15525 8557 7421 6133 523 7302
297
696 2750
18582 9281 10350 17811 18071 5054 5804 17602 9887 3673
276
630 2724
15940 2219 6070 9163 14380 17887 10462
291
746 2780
10011 7544 720 2921 7426 5088 16513 8103 9150 16432
301
777 2848
8626 2859 8219 12581 14282 9516 4886 1838
281
697 2892
19668 6362 15384 14988 1034 4791 15323 17343 1997 7948 5600
226
739 2953
215 19256 7861 2266 17449 12655 1575
290
883 2711
4758 7474 10340 11268 2790 5236 17247
284
858 2814
18199 4008 990 17712 3258 12356 1749 5135 8691
290
847 2962
13790 19621 14033 15141 13504 7042 9620 16880 18776 1186 9494
253
869 2992
16791 11364 11690 18244 13333 6564 13761 2026 8614 18890 9638 13821 2169 11742 1012
194
929 3033
5187 1157 10800 5366 8883 5601 6633
2
837 3047
14829
296
877 2863
11354 18263 1725 9557 16107 6190 7886 17669 1518 10192 18665
285
955 2869
9482 15010 2857 18453 7773 8032 3757 17873 13170
197
954 2946
13921 6233 474 16582 3230 19181 14319 19497
46
834 2814
17261 6059 50
271
1026 2686
18001 18635 185 12001 14748
293
900 2591
15322 18782 5703 9820 16569 7820 8899 16896 18596 11452 16453
281
812 2563
4803 11069 6287 8790 993
254
961 2526
12003 10997 11960 16208 9239 855 2216 14656 18155 389
231
1022 2458
5319 8221 10486 12549 9747 12372
266
918 2273
12281 3138 14131 1965 4200
296
786 2294
4503 16780 16709 15290 5472 10854 15772 13094 10990
115
722 2165
7278 7367 7157
294
744 2320
6114 12126 5262 3199 13801 16871 13501 7083 35 19855 17231 425 17141 3625
294
647 2239
14969 2337 7287 14015 13242 10961 11784 14463 5085 12392 12575
290
666 2220
3585 11287 17917 14497 17606 19853 18518
281
674 2346
11811 10189 19600 13649 15485 4875 12088 1200 15137 7498 7930 19681 5440
292
617 2461
4921 9658 1873 12628 17246 17768 4695
293
735 2387
13134 9746 7449 9176 15649 999 12130
262
813 2189
1757 17313 3194 4292 2505 18104 14576 19352 18119
263
751 2074
10739 755 18366 9123 4122 10797 18653 4234 2391
285
715 2125
3243 10528 817 15735 16318 8119 1294 3464 3332 5818
278
584 2095
286 15072 5449 1465 12397 6333 69 3345 16267 4457 3847
191
548 2006
7889 1635 14916 19627 17398
280
573 2112
9927 6992 8713 15691 2431 9197 4841 19206 7982 9734 15844 19378
301
528 2166
4570 7817 15309 6986 1059 1171 2386 5228 14503 5142 12828 6186 9466 6810
50
511 2253
18663 14966 15912 1293
90
792 2076
4089 3916 13938
272
1100 2201
15900 6606 18227 4474 6599 13087 16408 6199 13102 7238 749 224 1094
146
1033 2163
16927 8597 835 261
292
1305 2394
607 18669 12984 11303 2084 16722 1036 14919 17459 12328
26
1275 2451
6506 5717
272
1237 2274
19320 13429 7958 8207
272
1362 2203
6182 9332 8391 10333 6838 16519 17461 18232 12480 5980 12433 6092 19948 15723 15198 5008 4692 5475
62
1311 2166
1445 3840 4699
209
1437 2160
7159 13069 17799 13211
144
1393 2268
4971 3825 3788 8820 2838
168
1438 2344
7926 3920 104 7258
154
1488 2209
2918 15780 12387 8276 12892 1862 16173 5347
288
1557 2258
4948 9801 15377 10291 12996 18264 8873 10058 11293
295
1560 2378
10431 13398 5590 5312 19764
224
1648 2275
15747 1146 17238 13531
283
1723 2178
14277 18003 4132 6468 12267 7712 16987 19587 13757 8617 2007
261
1603 2186
5739 14489 4632 14593 18256 5109 1966 15212 12065
150
1636 2155
19350 13518
270
1878 2228
16726 1659 9358 19876 11698 11562 5728 6694 942
299
1844 2356
6718 42 8397 18583 7946 15995 7084 10881 17824 5771 13376 2961 11156
286
1861 2465
6469 13843 9909 17937 2443 14842 1254 6833 17765 11755 12987 8722 16185
299
1928 2562
15830 1481 17990 14885 429 7450 15080 13405
299
1989 2470
18053 16977 4853 13244 9704 5506 2078 13382 9393 24
246
1936 2418
1863 14991 14793 13346 13473 18406 2389 11571
31
2003 2560
635 18862 15832
148
1799 2441
1165 2305 11369 18368
289
1798 2339
4450 5929 6458 9468 16993 16823 326 13304
234
1866 2366
16483 15775 2373 18530
285
1927 2248
3161 6977 8575 8492 11465 8999 5388 7543
270
1936 2112
722 683 12198 17232 8326 5175 17755 18695 14932 10112 1727 2736
288
2030 2030
2539 17531 12193 12431 17033 16687 3521 7821 5774
296
2034 1992
18018 8076 16232 9464 4442 8427 17729 17499 5651 18089 19968 12709
254
2127 1984
11142 3767 10838 12869 971 15587 2886 13139 7874 18094
282
2110 2115
17125 252 12665 15513 8947 13231 6368 6192
279
2159 2108
3142 10343 6244 6022 6548 13229
200
2068 2044
6982 678 13120 11585 12061 15588
297
2163 2005
1622 9853 10091 6344 19613 18443 5830 16658 10365
285
2171 1921
11112 13692 15227 5960 5253 6590 1230 984 10406 16789 419
284
2291 1899
13336 3462 12388 8866 10901 7907 10222 5521 18983 1602 3483 7062
159
2261 1807
19435 10778 5654 10098 16345 2040
298
2271 1919
19230 9283 18894 9381 18070 17376 16653 14139 18120 8324 16788 10115 1125 10430 17979
275
2339 1936
15854 5367 8823 10456 19070 18301 8301 6068 19076 14627
278
2403 2016
2375 6655 15701 395 1187 8009 14302 11760 3116 16585 6145
274
2455 1917
10213 12168 8182 1191 13628 7051 13648 13017 659 19002
266
2390 1804
10516 4420 6441 19503 13659 17583 8771 4691 15533 227 1454 14140
279
2439 1727
223 16106 7862 14686 14144 2392 6315 15658 14493
295
2534 1615
10975 3682 8295 4409 16842 16521 7518 18504 12203 19150 18025
295
2673 1620
15499 5206 9243 14583 8122 1975 15215 14857 10207 15898 11692
274
2797 1644
813 15495 11233 3859 2732 18225 19734 19090 16501
235
2895 1630
3272 17665 2344 8155 11301 16083
298
2839 1722
14183 2424 11999 2446
291
2841 1567
158 1158 15182 18851 15343 11693
272
2688 1579
11032 14300 4621 9686 8832 11095 6206 14113 9099 7590
239
2750 1591
670 2495 10489 381 10710 2214
259
2760 1734
3500 14307 15923 18738 9656 16039 19164 10738 7476
274
2799 1829
7167 15386 2041 8428 9094
266
2629 1625
10279 8844 2906 19406 8750 15045 3703 8524 591 12468 1381
274
2710 1734
11178 4448 1407 9922 2633 16800 15366 16219 5889 10004 16518
298
2621 1583
9902 12717 15020 5753 15076 12955 9641 15906 1733 3639
252
2630 1455
18271 7710 17980 15197 1373 2461 8030 16575 870 16784 17029
271
2669 1374
6853 17455 11833 12136 9986 5939 5490 2785 3470
297
2706 1371
1538 6958 11115 2276
282
2633 1495
12876 18022 7052 12620 16012 11556 15965 17016 16281 17708 10025 9140 19962 15889
268
2519 1463
15725 16204 10725 760 10595 1753 658
292
2634 1523
9373 19417 5748 5113 17475 8249 8255
276
2765 1481
11801 501 18830 4240 1299 5972 14955 8731 11869 12913
299
2869 1506
3740 15770 9718 3472 11607 18273 11522 14590 14939 4219 15225 5125
290
2898 1418
19113 16051 15946 1262 12485 3790 6321 2081 4324 12199
290
2870 1308
5643 13353 236 10088 11373 2782 14980 6111 602 317
284
2791 1301
13755 6581 12584 7398 15947 10426
280
2917 1398
8408 12944 8937 4844 16885 4584 12681 17117 19012 1245 14717
264
3013 1313
17076 5641 1541 1457 7294 6408
209
2874 1449
13970 1335 16744 18821
155
2966 1526
9711 8289 13689 15310 6626 2922
195
2871 1534
7467 6411 6624 349 9558 6891
262
2746 1425
16297 2520 19816 18497 8143 12052 15168 3033
187
2702 1436
8736 17178 10425
245
2575 1630
10772 9556 19692 18836 7574 4639
294
2504 1725
639 13300 3761 16013 5025 8522
298
2421 1687
13902 8845 6050 18147 655 7188 2140 9270 11592
282
2405 1543
9000 10306 6019 954 7706 11185 3322 17355 8613 563 7192 5893 5679
284
2348 1422
3024 3910 15146 15804 8469 15606 1412 15792 12169 9664 10209 6214
294
2305 1316
7502 13544 7811 16544 18226 2885
300
2447 1318
4641 5023 15487 1669 18327 16014 9938 6975 7254 8054 2865 6314 17311
288
2479 1219
13561 1941 14255 8796 12472 10804 6048 865 18005
286
2499 1312
4796 3607 19127 12162 10858 17059 12684 16547 4600 13728 11264
252
2563 1369
93 19598 1567 8241 4321 19909 2581 13911
270
2503 1291
13479 19589 13635 18330 10206
271
2628 1275
7755 10212 2485 6647 13729 14657 9881 12544 12068
200
2630 1232
2653 7292 362 17730 2753
228
2462 1187
16257 11723 8718 2519 2810 1724 2905 3583 1594 6790 13276 8072 649
257
2509 1126
15356 18063 6569 7662 8432 14159 19268 246 19508 16604 5070 13011
266
2588 1069
13983 615 4741 5988 19820 3744 18231 9894 1290 4847 5708
274
2665 1048
146 440 4286 5759 11867 15176 15717
242
2661 1109
2557 10067 19924 9992 7290 15849 19232 16141 11039
284
2773 1044
15705 1148 2578
258
2649 1135
11074 18838 16622 14733 16645 6066 19084 15521 3953
299
2600 1101
6434 2890 15746
258
2465 1086
12109 12242 1580 875 16724 6733 8981 9410 13394 11216
296
2440 1053
6868 18221 5786 5715 10501 14481 4415 3728 12694 15989 8170 19189
265
2526 956
15873 3908 4941 14840 3041 5407 15333 12873
294
2557 944
3140 13311 7940 13115 18755 8608 2251 16278 6668
276
2422 1189
15936 1814 12935 910 14605 703 14764 18387 14904 8180
220
2335 1217
5080 10085 6859 9339 7802
293
2408 1355
5639 12891 16764 12767 15583
201
2304 1391
421 18306 4293 2184 6797 16556 15905
296
2402 1420
13247 18056 16557 17973 15709 2385 19203 12705
277
2358 1524
6961 14998 18712 10613 14810 5870 3454 1613
300
2466 1497
16050 16338 9948 390 12142 2880 14522 12896
284
2447 1604
9937 13521 4037 13537 8644 5462 8786
274
2318 1572
6060 15745 18553 14704 14200 4419 18075 13915 9473 17071
282
2244 1471
19377 13149 3900 2374 7366 14357 1843 15638 9249 11924 7583
277
2146 1557
9883 11915 12375 6467 13552 19160 11267 7617 8063 57 9576
301
2042 1537
16534 945 1934 14648 16992 3524 14006 6301 13253
274
1996 1408
4867 3617 679 17790 10283 11865 9315 8267 12110
287
1920 1444
2039 10717 4404 11954 16625 18937 5044 7577
302
1928 1548
18869 14012 11601 16049 2912 19258 15582 13188
297
1863 1508
5927 13089 712 9586 9491 10766 4417 8435 4911 16511 5645
292
1872 1429
18992 1478 15039 8484 18384
267
1846 1595
4477 7899 8302 482 16175 10729 14244 2773 18381 5159 8914 19842
263
1794 1696
3519 9447 12773 18096 5202
221
1803 1570
19933 4908 19939 978
289
1948 1400
245 2382 17632 15713
257
2070 1468
18655 12289 1787 1311 18591 11963
267
2109 1391
16839 14016 15644 1438 19837 10379 1393 19308 7087
297
2128 1294
18923 12768 7108 15304 7131 11672 8751 16401 2950
275
2056 1297
17963 3924 8878 2948 4019 651 19959 12057 476
275
2021 1198
11332 2863 7881 1879 2861 18206 613 4216 18395 1353
281
2126 1165
5230 18065 18527 7037 10030 7373 5191 15726 16431 5665 3750
301
2182 1028
4516 8980 15502 19106 4029 876 14628 7763 18378 1207 1952
297
2153 887
18276 15117 6072 7898 16194 7585 13281 15861 11532 16958 3787 2235
279
2210 943
13769 10765 11535 4284 10677 12503 14428 18624 446 19558
299
2343 961
1607 16875 15841 18420 2059 18564 5003 18959 10303 3166
284
2391 1056
3437 9753 16143 7327 18565
207
2389 901
18312 14759 11872 10716 6792 13758 9300
284
2248 979
785 6544 3969 17144 1923 13996 19609 9356 16010 16955 18632 5504 11355 7288
148
2329 1051
4103 4253 14816 8446 6264
224
2229 857
14247 15369 7530 1471 12922 3766 10707 7022 8634 7165 19466 3848
282
2313 866
6748 8236 2317 548 16271 909 10399 19445 2959 15858
300
2292 812
15164 387 496 882 8310 7599 17596 19553 16388 9365 12070 8211 15534 8660
273
2422 837
6232 4094 13191 14691 16440 10444 12999 147 15013 17078 15788
219
2465 974
12645 12 18364 4549 13917 8894
296
2441 830
14581 2872 11335 7553 13764 13813 15179 5119 8594
195
2451 842
17218 10643 1406 18044 18215
174
2377 845
14802 16876 7681 187 15094 10636
281
2136 956
6738 7894 19618 2345 12588 2926 3890 4245 2965 6107
236
2058 1017
6601 17678 19138 19862 13004 18173
283
2197 986
6426 3957 11997 7732 3582 8337
287
2110 1112
10625 1467 3028 18019 19338 1211 530
229
2206 1126
12181 7913 13488 4429 12429 11277 1639 3396 16433 17927 11044
228
2219 1207
10794 11391 15580 13474 16262 5324 19522 19747 10492 19333
179
2295 1278
9783 5392 13192 12523 11085 82
287
2197 1314
17301 7248 5176 2013 5444 18305 14099 14410 19247 10079
278
2216 1408
5754 9429 8235 16861 393 16429 13647 3197 3001 10184 1983 7102 9021
184
2137 1468
3373 10735
263
2216 1335
13389 18442 14728 2263
253
2228 1157
18986 19211 7090 13081 288 6607 12044 7757 13189 2192 1653 10814
293
2333 1172
14212 19679 14069 7933 5551 18250 1903 14610 4468
284
2137 1191
2267 5151 12382 9549 13570 18989 18444
289
2018 1088
14646 2892 15864 6005 15694 5569 9524 18290 5 16573
271
1984 970
3510 17871 1601 9955 18964 14408 3876 4348
295
1881 1045
2087 16263 9345 765 17924 15052 5439 508 7653 3515 5747 13480
283
1874 1160
13285 4506 15549 11837 10127 2800 5415
295
1785 1217
19120 13543 11873
176
1820 1072
15200 18814 3043 11031 9297 3066
259
1893 1121
6418 7504 11715 3182 775 18804 10288 2209 14235 579
269
1905 969
2 19346 8309 2801 2516 2645 504 1470 16006
271
1868 845
19694 15136 2118 8683 2343 850 2435 12566 1483 17984 1573 1608 2900 11678
295
1813 972
14729 14780 6115 13792 1619 18385 14174 11618 3091
198
1707 940
1553 11475 16594 12711 7924 8902 8454 731 10258 17292 9359 16247 5398
281
1776 992
5545 12201 19252 6530 5680 15256 14464 17021
271
1776 904
19631 4422 16113 8021 7840 14697 16163 14747 16162
285
1753 806
16168 13690 4514 8520 6305 19830 6268 16698 5549 10036 296
278
1653 776
17505 10368 5869 5547 7461 2538 9238 7499 3326 1330 1990
213
1642 676
14692 1003 16228 3552 3397 4727 18774 13625 19972 13987 16811
270
1655 797
18509 2502 4666 1133 16813 18976 1233 14288 4543 13380
269
1671 804
1223 9930 6643 18355 2393 16923
288
1790 720
7742 17682 14523 598 16122 13393 6603 4552 874 7438 10031
275
1718 627
862 16920 798 18010 15158 11357 16748 2791 9278 11774
281
1821 577
4525 10415 14241 17643 16803 13863 14333 6761 1766
294
1910 674
7309 11667 19774 8624 469 14238 14284 19967 2647 11054 433 721
280
1972 763
7634 17628 14684 5033 9486 237 15507 916 19555 4400
299
2080 757
11284 13658 2731 17293 8948 11909 225 3440 15806 13259 1910 18356 7054
292
2145 800
99 5997 3382 18817 13878 7104 17090 16065 15423
266
2248 748
952 12527 9984 584 15794 18349 12295 9213 15724 19478 3557
284
2339 690
18477 3107 7561 12171 7661 10639 19274 19805 19974 3497 10723 19961 13497
275
2253 680
2572 7119 19117 9555 18772 1432 4081 16101 16984 11344 19863
273
2164 594
12568 4777 6996 13013 11219 1222
251
2173 614
10755 19829 1366 7591 12403 4561
269
2185 519
10512 5164 12307 17845 6210 11121 13715 3648 5704 14712
274
2258 502
7989 374 9788 13957 16357 10568 937 17938 9590 11519 4769
284
2305 453
13009 5400 17439 2849 7148 4307 4332 11991 6557 10662 17299 12713 494
301
2205 395
4229 15287 12123 19132 7769 6337 47 5805 15506 16215 18620
289
2197 376
7025 17312 5318 14673 10006 13074 15011 18566 19684 5946
219
2268 273
19048 9104 12958 17939 11673 10248 10667 3887 8394
220
2285 148
6402 13203 2888 12571 19817
276
2240 248
6357 14514 9724 13121 7234 14799 12812 10421 10202 16721 5458
290
2202 259
6878 3160 16777 9818 19062 6625 353 5425 9143 19841 18242
266
2132 217
17148 17911 14474 18561 7322 2322 15856 17670
298
2117 132
6136 11148 962 8389 196 2654 13834 6397 17970 2378
300
2085 42
7400 10864 11396 77 8825 7299 12631 280 15769 18734 13279 11743
206
1956 6
8073 16952
271
2128 1
11695 8886 932 5147 22 19220 11632 8168 15489 3939
290
2232 35
7884 4445 11659 5864 5518 9131 3508 5936 5534 14941 14821
175
2339 60
6437 12365 16688 5596 19629
2
2271 83
9451
267
2102 113
2410 15536 17224 762 19464 4509 5455 2283
256
1961 97
15751 8945 18403 10032 5116 18118 8198 13483
270
2109 209
7743 12758 12336 15483 19882 18158 17804 1812 13743 1554
250
2085 338
15162 6788 3538 10906 13331 6515 5168 8819 9018 4131
292
2046 294
6069 16442 2487 605 4262 5310 8724 6657 7834 467
271
1930 193
2240 5668 15526 17006 386 2061 6875 18362
288
1862 128
4386 8307 13937 18348 5279 9074 10799 1937 17574
241
1773 62
17813 13515 14844 14287 14690 7841 5898 1127 8421
300
1774 18
16261 19219 3930 9274 19397
274
1884 22
7996 4002 15741 9433 822 17851 17763 17119
292
1865 161
18337 17556 6012 19858 3195 6717 13747 12473 10132 6429 6567
270
1763 208
17566 6057 17555 1453 7803 6703 11131 11371 7010 9443
299
1781 306
5197 19716 13360 5212 10746 5131 4113 12131 9474 14279 8418
168
1788 445
6714 13602 9697 728 13225 18853
268
1788 366
5483 14476 11466 12231 2566 784 17493 9943 4093 11666
297
1725 293
16292 11611 7114 19513 15904 19912 10941 7896 2438 1228 12278 12339
284
1630 187
8125 4473 18266 16211 16753 15129 2131 12886 7392 6094 2289 17146 6529 17213
298
1589 232
3167 10524 18854 6112 10016 14836 17202 9388 10668 1082 7443 13726 6484
283
1590 361
4441 8335 8537 11435 7602 2453 2471 4544
285
1493 460
14254 1707 134 6956 3306 15107 12539 7779 630 14108 10366
262
1567 550
15282 16849 11182 764 19178 3352 9857 15819
110
1643 470
19822 4558 160 14286
225
1499 513
11385 10592 7446 9435 4246 11968 17848 16650 10009 11461 10676
288
1522 602
3623 5781 8625 1630 17415 17868 3026 13945 9199 11936 17791 16217 17565
286
1504 658
17110 5826 2548 13373 2733 4488 18447 8860
279
1546 591
10895 14283 6259 15380 9169
170
1434 514
847 12080 7378 8862
291
1571 405
1684 13159 13886 3983 19819 8582 13862 3077 8964
267
1662 350
15241 2363 9401 6455 19783 15911 3818 18196
296
1621 391
4776 7394 14845 8183 14828 13808 1662 5607
257
1534 297
3878 493 13051 2357 15820 354 7300
293
1554 225
10619 12012 17631 10 11136
258
1699 152
14757 537 7124 16827 17321 880
299
1641 68
8284 18029 12434 17159 11075 19741 2077 3687 14114 13255 8643
183
1575 44
13401 9053 8419 7831 12954 12532
279
1617 95
2468 10637 16454 2795 805 12272 4932 8162 3504 18138
300
1476 88
13603 853 6269 11425 1882 2582 18599 6140 3800 15298 17754 8756 18955 8189
285
1405 24
16779 7797 10740 5595 7576 502 14267 9392
289
1265 83
6834 6098 2523 2536 9075 8969 9013 14620
287
1373 64
4999 10033 18576 19549 5921 17118 9196 5553 8328 513 11866
298
1425 177
11323 18687 11625 16327 18484 15444 5010 18354
288
1378 4
19324 1629 7194 11521
284
1622 258
13412 1805 15784
277
1796 335
6000 1721 2666 15813 19896 15727 1944 9725 8376 7594 13006
268
1861 459
1610 10020 6491 12265 6326 19711 14672 12928 2407 17689 1565
299
1934 489
13422 4052 12670 17898 16082 4819 13135 8363 13576
230
2013 601
14073 19157 2518 15913 2952 18646
143
1927 559
18661 15802 11102 11626 16364 7329
300
1979 481
2126 12875 7232 9880 15822 10250 14502 17489 16350
290
2039 483
10120 15288 16865 4460 16272
287
1800 228
17604 9479 14274 4901 4835
261
1983 201
14250 8377 7529 14544 9267 15034 19088 14157 1577 10246 897
291
2055 185
8865 4674 9257
289
1946 280
8411 10654 1435 13992 5627 12259 5585 11063 19057 4021
300
1894 321
10432 12113 13744 2110 5358 13232 14417
250
1966 359
19605 14446 8467 9533 11395 9532 10822 11160
298
2043 328
9735 18824 14714 17252 701
2
1908 356
5797
245
2061 273
4845 14618
266
2204 323
15763 4108 6501 14275 2558 19965 12370 13735 14783 18513 5073 3978
225
2278 429
16503 7085 8190 17463 11071 4028
254
2256 590
3346 16391 1173 5064 19202 5039 9313
285
2364 657
15161 6720 15743 12036 18396 3546 12657 5548 16023 5305 8345 17102 5372 5009
292
2488 740
10324 7508 19744 11109 13458 7927 13462 12251 5287 6130
286
2603 823
12154 15152 15296 17625 17969 994 16718 3228 9508 14755
279
2692 741
6153 9752 16663 10731 8102 6974 16131 12644 3363 6361
260
2761 659
7670 19566 18786 7417
276
2652 693
17515 3323 11490 1004 685 18559 13799 17699 11036
291
2648 575
2180 1197 769 6594 4079 12094 455 19784 2754
2
2603 661
18585
294
2661 825
7586 18043 12967 16470 2264 10926 15156 5233 5689
279
2779 850
7810 18861 10845 16030 1001 6693 10482 3246 12420 13260 2186
264
2812 930
4744 1516 19161 12683 18956 9478 19240 13716 17264 15203 19551 15585 12261 1587
238
2905 858
5293 975 9885 7305
296
2784 887
866 453 3030 129 6522 10178 16950 7220
21
2810 710
6549 8788
276
2705 876
19872 13272 8228 4688 274 10623 4604 8598 14229 18866
235
2656 935
9418 5963 19642 13034 6172 2256 12438 9346
275
2564 747
10298 8449 8412 17526 10153 4927 9840 10232 19008
299
2485 696
15431 16493 17422 8084 18177 903 3677 15373 11701 12764
294
2496 641
17649 17061 68 360 13530 16766 19151 17371
276
2515 493
19456 6909 905 15927 5720 14009 3153 1114 1416
272
2643 425
14841 5244 3068 13138 11902 4966 13103 7655 18081 8972 6677 10318
159
2645 304
14323 14577 17278 2781 9990 10945 17757
284
2648 406
9412 1185 13275 3123 13265 7621 7879 19672 9819 10798
265
2574 343
14936 11545
297
2712 434
12919 13256 11802 4541 2211 371 4036 13083 8830 8958 6203 1822 9189 10027
280
2818 364
15192 8196 18557 17065 7669 15556 6965 14080 7648 7250 12626 19356
273
2843 361
18603 11282 9798 3475 15104 4531 6505 9854 1098 7235 19624
260
2940 337
10529 14376 18777 8910 6679
302
2783 369
15895 3660 8747 2409 4887 17345
298
2789 475
487 6566 1846 2340 2613 7885 14031 1557 13454 13273 811 13084
282
2862 548
17524 10114 472 19146 6644 6503 18296 13891 16891
283
2758 557
11711 13091 7310 14785 10048 14402 4605 1257 18694 12888 13893 19217
288
2869 564
12163 12769 1045 9869 2500 15811 12733 11295 13264 5990 4086
197
2907 651
4861 13571 6620 19142 830 15278
275
2906 591
18511 16549 1926 4328 3304 15968
278
2895 511
18707 7389 9764 11806 16444 1588 707
275
2947 541
14089 10721 4136 13369 1074 3620 11292 13873 7249
300
3015 629
6454 18463 15269 19658 7074 12612 13857 16164 13042 995 7654 5906
288
3110 664
16629 2205 8994 19491 2931 19577 18039
300
3148 759
1943 799 7830 9232 15291 19262 5697 4598 5074 14065 18055 9230 10346 17426
285
3095 798
13297 4657 13194 2416 18503 7251 19579 2716 19929 682 10348 18042 12795
252
3109 907
16752 6154 14248 14259 3476 151 15216 517
271
3075 1013
13774 18832 14944 148 18802 15630 10308 5303 13223 13682 14360 13681
298
3101 1115
12212 19576 2477 9802 15273 11225 12286 5912 15443 3816 12968
286
2970 1139
7829 8673 8657 15478 2878 15803 10922 17795
298
2964 1266
15597 18552 2066 341 3302 7860 7081 2339 8382 4512
301
2868 1180
15037 9420 3814 14347 836 4788 17677 3212 11500
295
2798 1102
18020 19030 17797 5723 10744 16167 1215 19550 14615
294
2835 982
4273 16399 2694 9514 2528 4771 15670
222
2814 1177
6162 8246 16288 19140 5877 8184 15329 14273
261
2848 1232
15111 5623 18872 10902 12651
298
3055 1093
4961 3702 18195 8247 19663 19916 2692 12890 5811 6815
50
2980 1042
15059 3808
225
3123 1125
11419 18881 13152 17854 16112 3699 13122 6354 16853
299
3096 886
9221 9456 9674 2656 6430 15237 16299 4374 8053
284
3171 888
18601 19601 14454 17262 19561 3283 6168 1022 4945 4164
254
3211 955
13271 15676 11794 10224 9262 7348 16615 6045
289
3140 841
7412 3666 18202 4722 13075 6513 16659 8742
290
3038 831
5485 19815 6180 2714 5342 9480 3095 18905 18473 12138 13841
275
2961 913
60 8777 1501 17817 12637 2135 16182 3564 18535 1390
242
2953 1001
3020 10918 12177 17640 5663
265
3011 903
4766 10759 11270 13870 17194
267
2961 778
19713 12477 17977 6629 6389 18106 14948 4110 4553 16673
166
2863 783
2178 3851 4994 893
285
3177 759
9874 6273 18501 10255 3303 15868 2728 544 142 16929 10598
284
3304 753
15753 11117 18984 16246 11792 8174 12779 8499 11089 17445 1592 6535
292
3431 682
17948 9147 3010 15219 6871 9206 1666 911
235
3410 581
4737 15761 19295 5110 10089 11744 15640 5203
286
3395 641
14171 4714 1046 15023 1505 1089 7971 19592 3257 3321
297
3466 525
13811 15715 6334 14650 19641 892 570 3204 14148 12089 15959
160
3385 477
8356 7202 8911 15839 9138
286
3498 446
9681 7788 19013 5375 6109 14062 6985
292
3553 576
12604 8459 3830 10886 532 3375 6860 17779 9625 4983
264
3507 692
1842 17580 19539 13536 8605 19492 6765 17673 4446
265
3597 705
11445 5348 7515 19878 947 5580 18152 16566 12428 17101 2533
292
3588 837
16770 211 2621 11162 14713 5868 1754 1205 18880 18808 6646 1488
271
3546 914
9877 5984 1939 3351 15181 7324 7813 333 1413
281
3559 956
3061 5429 9426 11846 8216 11613 2854 16781 18982
273
3590 1087
13212 2553 5516 747 12863 11551 12091 13993 15842 11657
267
3605 1142
6778 15843 5383 7308 16347 5566 4816 18763 12213 8067 5888
267
3486 1121
6200 5267 17918 5378 14685 10065 12357 8315 18400 5657
298
3458 1022
709 14640 5226 18740 12897 7947 5624 16365 5360 14018
300
3382 961
1783 15341 3994 448 18927 14440 1039 10284 17972 18167 11305 16020 9073
281
3290 854
4839 13858 3252 4631 14921 8237 6276 1764 17862 12332 9263 303 9677 4144
297
3358 844
6082 14800 3193 19583
276
3326 877
1236 16178 18134 1085 11337 5084 1052 608 15981
268
3353 938
9518 5907 4279 12785 9269 18068 9559 3029 10649 19148
232
3438 860
8920 19124 16392 5598 1858 4653 13680 6113 10661 11706
2
3419 761
3732
276
3338 988
19459 3311 1224 5664 2501 3636
124
3425 947
8989 5082 11543
154
3376 1068
16276 12189 13618 4998 12252
130
3516 1072
17497 17306 4416 9667 11570
300
3512 1179
15590 1918 5523 4573 6869 6605 17492 12452
249
3629 1186
17806 424 1555 9946 12385 4276 5911 538 17356 1464
270
3590 1236
19880 4589 9100 3135 16825 5729 8305 1739 3106 12344 9226
297
3489 1262
13478 8453 4203 16636 6134 17658 17240 16377 934 1304
284
3452 1392
958 8776 12788 13984 13433 7280 13041 18288 6250 11412 4926 11246
294
3346 1402
6870 17145 17738 8943 11401 15945 6427 17122 14861 6716 2048 13313
298
3226 1477
8682 16128 15984 8434 6825 8370 1818 8712 7337 1582 7093
300
3156 1367
19616 6004 10464 8584 7739 15541 2311 10853 5974
272
3187 1250
3207 16611 10978 12139 9974 5498 15350 98 17259 342
289
3254 1148
6311 16486 6980 17785 2958 10534 16755 9384 6179 5995 14315 3353
273
3285 1062
11311 6783 14769 18623 19801 4299 10977
300
3200 1057
10867 16860 18072
239
3317 1107
6023 7919
299
3233 1271
19496 15632 17635 17935 8587 4148 14085
299
3196 1186
18934 13607 9715 9860 16070 16411 6922 14964 2436 3409 366 11155 11229 1880
265
3086 1227
15429 14121 11021 9771 8257 3980 5181 6058 11077 10241 12700
275
3057 1357
9547 15771 18311 14541 4613 1544 6500 16489 10848 12820
83
3002 1463
7218 10095 17054 4281 18656
239
3052 1324
8480 15325 1627
302
3177 1387
16529 7668 5231 1221 2380 3335 15764 11101 11499 12435
151
3081 1417
13824 9552 5992 8441 7181
233
3194 1480
11763 19006 413 5451 14370 17384 15427 1640 5280
250
3174 1584
12072 5943 1883 17567
245
3254 1514
11255 7584 17003 10396
282
3362 1386
14641 12227 9031 6687
285
3503 1379
19742 4289 4610 11527 10870 5546 18265 18858
297
3536 1491
249 7057 15654 17474 12041 15957 7649 4259
292
3456 1496
12736 1924 15086 15571 7563 10916 1400 16156 8518 13015
299
3355 1487
2999 12691 15677 11147 16284 8004 19027
291
3448 1584
10355 14762 8041 10960 13124 4795 2484 2099 4378 6536
266
3561 1653
144 16590 7608 16520 13933 6081 9469 15432 9889 3439 19505 3604 4009
173
3633 1582
10594 15306 7701 19804
282
3512 1628
19808 7636 6417 9575 14388 5867 14484 3701 7338
297
3506 1743
1514 12448 16096 19261 10615 575 3269 14914
288
3619 1818
18742 18083 19108 8455 15684
172
3481 1765
5290 17725 4295 3019
213
3459 1670
13397 14421 7480 12396 7533 7195 1439 13679 16410 10152 7942
300
3378 1707
139 9733 3588 4244 18609 6520 2002 4084 11503 7103 12950 19351
295
3259 1688
8979 11612 16447 19860 7877 16640 2949 761 16943 896 13503 13347 1461
281
3245 1777
8764 17835 18183 1751 15118
297
3242 1683
17113 14349 1149 19532 17081 16375 13064 16317 9768 8769 3324 11257 12579 16255 4831
257
3161 1750
8045 1819 10921 16701 9040 12801 2596 17484 15459 8533
76
3153 1643
10535 6653 10021
277
3317 1637
3712 11921 8651 10233 11966 18981 7171 15036 11877 6588 8708
86
3275 1565
16142 8970 9754 1688
286
3365 1655
10372 8171 14236 9707 18571 14321 7835
253
3396 1782
19970 7059 3408 16644 8496 2232 17319 1605 14698 18857 15776 15434 13248 15791
217
3286 1809
18877 1106 17219 1632 18377
214
3418 1594
12209 4258 1402 2248 12207 72 5686 16460 4563
293
3482 1542
17857 18614 14572 4162 1328 17545 5340 19052 16250 8642
285
3612 1511
8333 3525 18670 16828 16248 9531 17 5421 8312 14451 5614
237
3602 1407
2747 13962 19114 1341 11913 18753 3241 5476 1371 7207
233
3708 1353
3653 8314 8810 5843 15767 4620 9152 19185
190
3592 1351
14984 3884 3867 15424 16343 10338 14299
298
3422 1343
16719 4163 5418 17056 1332 14308 16337 5542
293
3258 1370
1907 4984 3502 6628 7968 18054 17022 19911
266
3329 1285
13387 15829 15281 8250 18908 12402 11312 4053 6801 3294 9083
238
3380 1222
3873 2333 8688 11098 16199 1884 12417 2706
249
3309 1279
533 3741 1168 15639
300
3448 1273
19292 4031 10937 7047 1523 12481 15340 10039 10920
230
3445 1162
8946 5087 10550 17414 14918 16624 17860
295
3627 1073
13898 11528 15736 11989 85 10999 11446
276
3686 1053
12313 13054 9321 5670 17771 2946 16666 6399 11730
298
3683 1150
14309 3903 12750 6170 7857 7303 14907 6091 1129 9059 5015
288
3802 1124
3082 17041 6477 9720 15934 11780 6971 17486 3361 9644 7864
266
3922 1135
4864 18899 5879 3042 8025 18353 16354 16413
112
3985 1074
7538 8097 5102 17876 16111 12803
267
3898 1136
14142 12627 19190 1143 4743 3360 6517
273
3858 1183
1872 1658 1458 12960 13131 19740 19223 7163 6227
300
3869 1271
19078 6358 1101 10484 12407 19542 19051 11889 2991 11078 14677 18455 8755 17770
283
3965 1227
7752 16304 17042 10047 6597 9543 18809
278
3898 1177
11029 305 7795 6018
237
3749 1177
14008 15944 14017 10671 3695
203
3696 1199
9344 15575 5817
253
3562 1016
9424 6008 18933 15110
285
3504 842
13110 9182 17778
301
3666 809
8195 10715 8112 14723 9254 16695 7714 18604 1349 4184 16797
282
3696 693
14843 15773 2855 19384 11610 9567 1463 1868 9235
275
3709 605
851 1533 9600 14390 10995 6638 17921 11409 3837
300
3817 584
10588 2550 4369 14669 7765 1893 5207 9437 18450 12411 9763 5604 15557 9275 19255 2508
259
3795 638
9172 6071 1712 11870 2909 329 19669 12010
250
3874 709
14716 10713 2402 1598 2473 14005 379 8425 17111 19213
146
3844 822
1925 12948 17009 11428 14158
297
3889 647
14830 17842 1441 5666 14533 9573 1809 11222 9811 5369
291
3948 775
16480 132 13024 5957 16796 7002 11045 2369 15833 9649
295
3906 804
8476 1663 13451 4171 1674 17864 12982 2482 2665 13318 16609 3892 2871
269
3993 791
16274 14156 12374 19128 10647 11080 10742
277
3899 878
14118 294 16414 11271 401 16176 2327 19474 12906 1363 7558
286
3779 926
17783 2419 5394 2281 8827
289
3931 688
18901 6496 5066 13577 5251 15673 15153 6787 6328 299
278
3993 578
9271 11536 7789 12297 2755 3049 8915 18876 5365 8395
274
3998 454
15837 10585 9204 12309 5721 19833 12842 2549 13267 18882 14324 5313
234
3909 449
3063 17254 1844
152
3991 510
7880 14792 2982 2181
294
3915 628
1119 5123 7931 15823 9060 7406
191
3842 511
3551 18028 12839 14348 5918 2035
215
3733 577
6556 5242 5424 18128 5224 16593 3914 7440 18212
274
3663 704
2580 18946 15807 3008 12816 16941 15148
299
3753 707
2951 15090 13838 11392 7976
271
3743 795
7973 15542 4198 10968 17601 17074 18602 2513 18275 2691 9830
296
3677 835
642 15793 10959 12160 17205 17300 11019 3320 4042 10194
280
3664 886
9890 12872 12556 18279 5613 4807 12188 13637 14291 10488 8872 515
287
3684 989
15006 7977 2841 8011 3738 4882 6576 3478 19299 15205 16932
270
3804 1021
4856 9085 17464 7863 1982 15496 17189 6631 3113 16342
268
3873 951
7431 6312 11324 13767 9106 377 9020 2241
237
3931 1035
12894 9653 9452 3158 2997
297
3801 1055
12156 473 1813 794 17617
36
3733 918
14516 9817
226
3563 749
16407 3072 10943 14957 19568 17209 18980 9136
301
3554 614
4461 13442 15053 2725 3465 19572 7685 7240 7266 12415 2415 9107 4996
288
3609 629
1440 15492 417 17519
288
3575 547
12108 16737 13733 8952 11130 12079 3291 19081 8485
256
3568 410
9139 13425 19907 375 14496 13354
274
3656 502
13859 12924 269 15422 10958 18240 7027 12013
269
3716 414
6648 881 6220 6478 17149 14606 15165 12140
56
3680 528
2273 3290
268
3762 414
18246 15242 17091 1026 11294 8381 11800 9051 2546 7127
285
3786 406
18361 2554 12234 19678 17844 1974 11664 6970 18884 4630 11016
67
3864 442
15808 7787 10086
267
3678 412
13517 2358 2724 15993 10972 10526 15975 12158 13920
296
3719 278
9203 7823 1282 17888 322 11777 18800 17897 13899 15818 4277 4178 13798 13916
285
3769 181
9142 9643 2870 9268 14109 16564 18222 3074 19889 5560 12840 11517
281
3712 119
13434 13912 12807 12754 10412 5055 10054 92 7196 9113
262
3640 43
17698 9212 6609 16595 9324
182
3708 77
17954 11361 6285 18510 13268 13465
281
3798 273
12907 5731 18397 17131 12789 803 7844 14135 14036 7698
291
3888 282
4780 2705 1874 7106 7257 408 3505 6754 3630 10610 9431
251
3954 217
19229 2618 16437 12078 12796 12197 1417 18897 13378
298
3994 70
10182 8169 9598 14178 5232 4752 8148 254 6511 5620 10622 19107
2
3916 7
11307
298
3941 157
13794 18280 5292 16314 5593 9952 17994 11388 6757 17285
299
3868 63
9722 2772 11538 3979 15026 18493 5537 17286 7546 9014 11967 8358 16103 1285 9654
272
3900 89
17523 10263
254
3990 209
19273 3222 405 10503 12358 5017
116
3850 152
1302 3078 7448 16614
279
3942 268
1403 5987 5364 17760 1466 17694 8270 1374
148
3857 248
18781 19116 9899 18522 10314 5994
283
3718 231
1042 8828 18672 11459 15970 662 14030 3520
194
3592 328
11546 9867 18795 2517
256
3682 259
11201 15962 4134 9794 17410
214
3629 419
178 16149
299
3340 688
9612 2023 6523 12978 10330 7568 8133 5574 846 13413
298
3260 687
19543 9089 10424 18579 4673 9944 10687 7780 2056 594 5061 6973
283
3212 573
4278 1649 19129 259 15866 3144 5538 7993
292
3301 518
5246 14506 14817 13669 7236 7644 17103 8840 10254 16729
290
3389 409
8118 6565 4522 7472 9272 5355 17660 478 10175 78 13001 6635 8060
286
3479 383
4905 2349 2904 3676 1063 4925 18726 14280 19966 3232
286
3576 367
3453 1006 14621 12121
277
3459 303
18870 6404 17451 3372 2703 18111 5172 5777 3797 16739
272
3489 171
10942 8000 14634 900 6907 16680 182 13140 10133
293
3601 172
378 3960 16812 18476 17269 17275 7514 9253 14732 1796 13639
292
3610 200
11066 10896 17605 13291 12704 13966
286
3533 125
2146 17838 16031 11253 19363 19918 8963 219 2745 1584 7312 3670
294
3519 1
10847 13712 316 2762 10714 12858 7168 10249 3772 12920
290
3437 45
12319 4854 110 2306 1849 16548 11819
285
3376 94
19839 7016 2139 17277 13012 14403 5846 6741 8716 11887
242
3468 22
1246 5856 7289 16523 15128
271
3505 141
15332 420 4147
292
3403 248
16971 9917 16409 14462 7001 14902 7960 8554 2308 5205
296
3384 185
10624 12902 16172 5998 12361 8058 10019 5891 16904 8674 17814 17095
293
3450 141
4523 6596 19693 18757
297
3311 198
5633 18560 13258 17171 4066 688 6727 12959 15258 3473 4893 16160 8266 14116
254
3252 274
12325 19314 11729 1698 11195 1379 3309 11025
293
3151 303
10076 6571 9352 1008 6836 19019 10777 11309 9419 18939 7365
274
3215 411
11339 3671 4662 6116 9566 821 19545 14596 14777 6382 18819 7923 12152 14225 10805 10347 17706
300
3222 492
19723 1370 18009 19859 12043 1646 12606 2688 17107
285
3153 461
4432 13164 19446 15982 3395 1970 14679 14491 13312
287
3053 447
10541 12239 1972 16207 4590 3376 17586 4275 15285 4011 16040 19102 12145 14913
266
3076 387
1431 3573 5527 12878
246
3091 484
11769 10601
254
3095 300
17067 15204
286
3241 331
17230 13505 1394 19843 8439 12749 471 5676
268
3232 200
9961 5057 13157 19870 439 5302 15190 4883 13591 5854 13586 15005
287
3135 165
307 4855 4061 4582 2774 14123 3405 19615 11442 7436
277
3082 244
7609 2563 9832 13506 4955 19827 7535 4997
277
3030 293
9828 14846 19585 13175 13963 13250 19636 16475 14658 4915
294
2971 216
1735 9728 17895 17024 6663 10866 2521 4373 6141 7265 17108 7017 19883
271
2835 198
16213 16312 4723 5032 11501 3108 9450 8808 6262 18752
296
2865 290
17966 6758 16245 4249 11491 10408 1337
284
2907 250
19892 10360 938
252
3049 193
2199 17197 2574 15381
255
3264 173
856 14526 6936 7369 9829 864 14162 18376 8443
281
3213 71
10304 5586 4364 15239 15362 14891 2149 9521
280
3193 11
8659 4813 13676 11978 10277 8752 10400
263
3097 50
9092 15428 8863 3141 14338 1414 3950 15887 19725 7458 14619
286
3044 116
18690 10000 14145 4302 10332 12446 4652 2798 2953 1385 18140
293
3056 1
6329 9926 9307 9758 1718 6844
296
2932 77
2259 6073 2433 17870 16371 1738 11776 7702 1117 4300
291
2832 121
5438 14775 8706 3259 13402 19341 9810 5289 6793 7116 3968
261
2770 38
7729 3023 1895 8687 19154 6691
266
2893 15
11879 3593 2170 17889 11274
296
2768 88
4073 17645 13183 18958 10757 13221 4497 13455 8420 17421 16899 12262 4820
292
2720 115
15407 9985 16184 12721 17027 10139 13559 12853 16140 4444 195
277
2708 211
2028 5167 2821 3065 7659 2414 13400 14105 2100 8595 6248
272
2577 197
11727 13665 18386 18419 4187 2128 6654 17955
129
2419 221
19472 7596
283
2601 261
15508 17441 13640 11424 1677 8728 11516 18810 6279 1405 15463
269
2479 330
7091 9286 15562 6796 14382
296
2673 208
19234 5658 3190 18698 18423 14761 14262 16058
272
2654 83
7675 1043 17121 16214 12315 2975 5481
287
2546 173
19233 10264 7465 14938 7965 3949 17507 1135
181
2431 143
14549 18486 15125 11209 18048 2441
258
2568 106
16384 3159 2744 300 1368 19778 18016 475
220
2470 26
11327 103 3513 15399 10511 11985
283
2516 103
8152 8031 11524 4838 8591 8016
122
2602 34
5486 2843 9350 10376
283
2668 247
1235 8818 10329 4183 4463 11518 2510 2729
159
2729 304
7858 5886 12455 17893 4593 4435
171
2750 140
10823 2955 3125
295
2880 80
14910 16507 17380 16522
214
2936 13
10271 9457
231
3046 133
15527 11158 4356 14719 10684 8177 3655 17600
243
3280 138
4790 19275 11326 603 6487
227
3493 311
6161 10807 2743 9970 14429 14024 10860 14477
214
3428 368
7785 17792 347 7941 12909
42
3331 422
13667 15860
235
3260 534
4495 1462 18850 13202
300
3199 651
17470 8590 17832 13418 13351 7547
107
3210 716
15840 369 5640
297
3108 610
9932 595 19838 1097 2759 10953 6696 11762 11977
301
3085 525
606 17083 7135 15217 14668 19643 3819 13872 8503
280
3084 649
5599 12373 11912 12304 8049 11645 6025
108
2980 692
11758 7205 3651 12543 5345
2
3038 589
8735
155
2865 468
3833 3922 3918 5410
285
2712 466
16137 12221 3389 19712 17140 16326 7304 2025
202
2647 451
5062 17339
293
2506 482
12567 17539 13540 9739 8709 13352 10220 14734 11756 4151 3628 16496 12055 19812
175
2483 398
15070 7217 15016 1956 11675 19316 14694
292
2419 442
772 1681 14456 13278 18267 12069 6685 11218 5727 3965 3404 2726 16139
293
2369 352
13158 18966 5515 1755 9166 10358 17080 2929 6051 3155 10113 2488
117
2366 260
10695 6902 17709 14175
250
2368 378
16783 3789 15479
104
2400 446
19963 6053 14788 7464 10154 3274
251
2541 505
12555 18909 528 18577 8960 18889 3535 4304 16361
272
2476 585
4238 1155 18972 5572 107 11523 17193 2058
291
2418 707
19987 14149 11848 14087 14385 6534 2858 8593
212
2420 578
9846 12037 9035 8062 17620 17652 16279 6541 2535
297
2145 738
10439 5469 16212 3550 8473 4591 14208 4491 15591 12540 9710
286
2066 655
13600 5255 19425 829 10093 9921 16580 9692 5605 587
295
2053 692
11363 11671 16242 17599 19325 5018
116
2176 703
18991 18727 5277 2986 4402 7282
284
2096 815
5656 15851 19042 5403 2680 12085 17847 4507 13614
230
2029 903
1064 1452 3447 8023 11059 11614 15872 18449
292
1951 711
17724 13615 12632 3365 16059 6579 1078 9372 8965
296
1845 742
15714 13329 6574 2243 14789
232
1793 597
7776 17781 14893 11334 18741 19975 770 9162
300
1762 554
10038 7708 15530 18166 16081 11403 12668 2020 11892 2116 1706
138
1658 575
1851 16372 4065 18282
295
1728 682
2200 1340 7115 11149 14982 5820 10056
298
1800 788
7049 17420 13077 15648 14163 17260 3112 15251 7469 908 19035 1722
287
1914 806
12824 6160 6078 11342 8065 1574 13326 18943 9787 1797 4424 16678
181
1977 820
2469 7100
124
2051 1088
7060 10816 10732 241 7740 14318
219
2083 1189
16458 11469 15149 18654 8876 6850 12241 14609
290
2001 1181
9133 5762 2332 1545 4485 15022 7126 12488 18630
301
1929 1280
8606 13875 12671 19763 3942 206 13438 16856 4860 18533 18035 11504
298
1829 1285
10275 10935 12933 11825 14892 373 18157 15089 9660 9072 8528 8926 8036
291
1843 1356
2286 8145 9477 8968 4058 10767 7112 6110 3124 12493
296
1731 1407
11734 11457 1543 5145 11932 17157 384 15078 16159 13876 13741 14232
266
1651 1352
11858 6030 18860 17680 8077 189 15616 6156 4900 4654 12086 5165
297
1649 1240
18459 2937 15091 13391 15817 15522 7396 8548 8508 12961 10297 17686 3278 686
295
1704 1188
1210 861 3835 3226 2159 17971 14866 9551 1388 7570 17551
286
1757 1101
3016 11317 12580 10479 10590 19676 4746 268 2752 11485 9403
287
1688 1011
17700 13852 11314 17696 9098 2891 7848 19388 15990 15708 18805
247
1594 970
19029 9195 4254 17112 17399 12496 12423 1428
294
1636 920
7592 13910 921 9670 17208 10243 6419
253
1674 1028
7428 1174 1306 11705 8859 8444
202
1778 1122
253 19294 5004
301
1653 1205
12600 7243 13866 15051 8007 9181 15057 11859 12277 8768 9903
282
1539 1184
7959 7362 8147 6261 1522 9028 17626 15623 2583 13836 18457 5371
294
1557 1110
2434 8871 15002 7555 7663 3165 447 11237 4588 14858 10252
208
1552 1042
10955 14211 5953 8516 10877 12757
207
1476 1092
5036 8 14494 11094 6126 6432 4981
299
1582 1163
10083 8629 8034 16017 15044 4256 5673 19419 4651 8705
280
1612 1271
3096 16586 13343 18926 14206 5204 14003
300
1537 1399
6363 2255 12008 8579 16572 2825 17382 15574 4825 14101 17400 7768 19296
283
1472 1411
5885 18919 1009 6223 19307 3952 17731
289
1394 1432
4793 4395 14107 9405 6106 16869
260
1488 1382
11604 17353 16190 9841 1834 3300 17317 4346 16152
296
1376 1295
9717 12348 12624 10145 2018 10124 1831 2206 19278 5474
247
1446 1236
9723 7493 10826 15470 9288 17084 14075
297
1401 1341
2304 16258 3180 2913 16949 17130 2979 19024 15240 15347
270
1305 1378
17666 6036 16009 3216 4976 13052 12377 6711 2455
282
1275 1314
9924 18046 18806 5182 11923 6771 13860 13031 5779 6270
283
1327 1184
11488 6099 18098 13252 14325 19056 7276 5930 14326 17647 18391
263
1249 1221
10311 10656 2272 10890 15598 795 12821 6773 14616
257
1188 1306
17315 621 15064 13624 3233 12570 9511 18924 6043 9606
277
1152 1401
13283 13997 8355 16482 4792 17268 10988 12737 19429 10198
296
1083 1499
17880 1081 15752 18198 6241 1855 3805 10627 14743 8281
278
965 1415
15228 6079 2394 2430 3221 11757 18519 10349 10789 13547
286
898 1324
15390 14022 9343 7680 15570 16778 6085
176
821 1407
542 12774 12284
289
944 1437
2932 15392 15436 18888 10650 9892 8874 2265 13629 17158
257
1028 1402
6963 4387 9001 6743 14301 12562 11677
259
992 1259
3678 1781 4096 12770 16452 19846 5628 7387 4027
300
962 1129
3548 5076 18446 10204 13218 13574 10909 4465
261
874 1204
17985 10697 3506 13287 19680 9666 15387 15319 15538 9564 6471 12030
275
799 1266
4390 16806 9721 6320 14720 13251 18308 8161 4393 684 8763
289
766 1219
18223 7410 18329 18399 19798 19664 13585 11189 13918 3386 6413 8451 11564 13763
270
694 1116
15635 16138 7523 14110 12180 13677 1170 15540 13650 781
254
605 1096
17051 17796 4341 19593 6686 8278 6137 3860 5942
280
568 1089
11750 18092 793 1018 8846 452 7616 3362 2696 17155 6670 13775 11288
302
512 1086
13709 13833 4388 12184 3737 4334 15056 11633 11299 13825 3285 7134
263
410 1052
2601 5626 70 465 5256 12536 17637 19475 6102 6822
253
336 986
2967 4040 10451 620 18784 6431
268
458 1092
17983 7687 1060 2531 8700 12298 17334 19887 2098 13982 6934
287
428 1215
19200 10596 12861 18365 5897 17912 5273 16179 15730 1272
272
316 1250
10363 3821 16244 385 4781 17687 18793 10620 167
282
269 1355
7833 8488 15679 5053 2319 7888 11454 7336 5002 3749
233
350 1296
2722 1134 10309 6054 16366 14901 17361 13321
300
423 1239
8059 14970 4982 17316 16918 15375 13226 10536 11129 16024 9397
297
405 1178
10903 12561 7792 19175 7186 6786 9198 14868
107
535 1202
3663 11748 9223 5975
288
403 1121
1798 9423 2119 14222 5412 11736 12482 17446 17788
299
352 1128
4954 16571 3208 19656 14215 16957 3807 18440 15516 10084 11405 15604 18717 13940 1704
302
275 1081
17287 6740 19938 13415 3516 12845 5776
295
189 1179
13939 4159 1295 661 2371 7129 3608 4425 12866 7676 3713 2812 17243
299
129 1113
11006 3384 3679 7733 19337 8552 10238 17063
262
15 1176
16093 19455 2307 18370 16567 3422
289
55 1037
17648 8696 12883 19956 399 17879 2963 9821 16959 6593
288
69 960
16606 868 19547 16416 11818 10191 2829 18149
291
156 834
3407 7026 16424 3559 16038 10125 16963 12682 17923 16506 13885
287
190 777
10395 5005 886 7618 5136 15615 15339 7893 12369 5584 17827
272
72 855
12722 15949 9546 7992 3154 10565 1973 14781 4609 188
42
29 723
16938 19752 17713 6325
288
121 907
10685 9045 16872
274
19 1003
19009 18780 15785 18947
285
71 1117
1829 15447 14949 6083 17297 8442 12359 6862 15268 6280 4129
238
160 1034
4362 3412 19241
278
72 1202
16844 12024 8158 4530 15318 15473 14129 6672 12781 4767 122
260
81 1256
11821 6493 18936 1161 10073 12090 3650 15901
283
190 1255
5850 4580 19283 19689 12338 9855 13634 17394 18796
288
198 1312
9259 13592 15653 15504 7096
163
125 1247
2346 629
300
260 1177
19729 3264 3576 4768 12864 15998 14702 11203
260
519 1040
11537 1427 14818 8925 10442 18216 8839 4126 19158 3685
277
573 985
14051 11398 5905 15166 6286 19329 1447 2989
256
610 849
8695 16105 7270 17931 16298 4016 1885 15297 10282 17044 17142
288
658 751
7556 12054 16463 14234 7665 12616 6185 5120 5193
301
520 769
3178 4123 6379 4859 1249 9202 3610 17358 8935 13187 19509 7130
283
528 874
8127 5636 1503 898 7030 18408 19932 9341
278
448 887
5738 16398 8286 13869 13879 6394 12931 9950 1665 15768 19786 8904 9510
253
370 913
13243 16830 9461 15100 1728 10075 14835 9425 17590 10129 9603 19873
153
308 808
8136 2123 10861 13298 622
286
325 905
1591 19917 2943 3387 14202 14128 15049 4022 1456 8108 15003 9252 16976 17082
288
276 842
18797 3595 10296 7683 12578 6395 9997 18951 901 11346 7541 7031
297
241 753
17106 235
289
273 963
11214 9535 14756 15155 3192 7956 3758 2740 18127 2939 17843 11310
299
239 905
5555 3885 931 8880 19626 16063 4165 14466 266 7606 5214 13085
282
256 995
669 19913 5090 10591 14436 7333 13207 19717 18829 8549 7695 19065
216
195 1103
402 17852 10992 17752 18617
235
365 939
18432 8842 12042 14653 7979 17541
293
461 864
8262 11421 1964 19197 6120 614 6351 12541 12476
301
509 809
9554 17280 8997 6779 5674 19374 15467
289
486 654
18544 11639 9256 19398 5086 16427 18316 9076 14120 181 10477 18471
225
386 666
8831 15189 5840 19957 5149 15683 11983 18584 15106 4343 2559
285
379 582
3638 10581 12965 12076 6385 3577 17242
298
325 670
14706 14903 10292 16746 6007 14801 16307 12622 10136 18013 2423 18631
300
273 610
8694 8637 4090 580 8976 10336 1425 16760 13457 9005 16898
261
232 517
19888 16743 10117 3223 6832 16300 7682 3700
296
236 639
19415 19988 12097 12442 15875 12629 18820 17135 1398 2830 10369 19674 16643
261
155 659
12229 19745 16001 15919 14823 14498 1977 1002 9336
299
119 536
19983 4498 8758 10497 6459 18965 13567 15012 8984 4112 14374 3136
244
68 431
8400 19254 9766 899 16335 5460 12829 3307 5533
288
58 535
12849 11726 18037 18721 4296 15222 12443 4592 7758 10965 485
96
46 589
16792 11634 11234 18074
280
118 506
2935 5740 9553 1103 6460 19281 4127 6479 17721
246
191 389
19733 559 1490 15441 10748 2115
282
126 385
13507 14475 10828 1359 13823
262
186 489
16368 1726 8526 7164 6908
284
114 667
633 2545 1062 14058 1638 7705 13427 3468 19563 14452 5443
253
87 699
12150 14266 15759 11775 8354 9838 8464 2543
42
195 721
14342 9329 19430 8592
282
298 578
15603 16657 12124 8341 1508 4928 7582 12991 3087 4233 19017 4947
287
371 535
17959 16305 9570 7004 832 7873 13737 2247 5608 9121 9690
297
455 436
17741 14715 15876 12508 3329 17234 12917 13325 14585 14601 9791 15396 1615 19746
266
554 388
3904 3350 13815 16635 13636 15613 16154 15933 9706 17504 9904
293
463 379
16227 5612 16948 19109 18201 16254 14276 12475
284
408 297
2834 624 15565 7441 14977 5583 15248 4124 1568 392 12497 9171 15695 10840 12398
288
337 265
6056 12614 12868 11249 18303 12551 5904 15925 12279 4480
296
301 311
18754 9299 15733 17257 3539 18550 14358 3572 11733 2846 17714 3849 10416
285
229 204
3775 15027 2837 15738 1266 14081 3011 15401
259
346 152
14639 9884 7370 627 6960 11470 3926 4452 9294 18587 3565
280
265 106
19191 11122 164 9180 2274 4899 9061 18333 19393
219
282 6
1358 15581 11793 10974 14330 7321 2763 13368 172 13812 13469
299
217 88
16553 11511 11186 16090 8504 7882 10702 16829 6731 14931 5567 11492 18885
294
130 43
12271 6290 7922 19487 15593 5667 6093 16631 4230 6617 5602 15663
290
64 96
7247 3925 2737 7658 19800 7314 15955 8046 340 7983 17570 2702 12916
264
83 10
6763 15096
293
12 151
15920 3080 14029 13960 2925 18314
88
69 166
7020 9571 8226
262
332 21
3242 12501 12450 18979 11061
275
220 162
2652 5183 9497 3021 4526 8802 15611 823 12223 12607
288
142 186
1597 18618 3697 9745 16352 6540 11143 11597 15367
296
174 281
884 1624 3057 16995 10155 10177 7901 15914 11897
291
84 333
6370 15327 8383 3038 8927 2080 18255 16674 14119
186
29 248
9622 5314 6542 19152 2367 19499 3858 15313
245
206 224
9012 564 3383 2101
283
395 279
10698 1856 3735 13468 16587 15336 7409 3791 7173 19510 3654
269
495 225
9786 8239 11937 9630 7943 8571 2571 2261 6558 15782
273
474 143
3662 7210 15493 5955 4851 12698 4311
234
448 81
9989 7505 19236 11289 5744 14598 7704 9689
265
524 143
14404 2887 14041 1559 8993 11650 13892
292
599 232
7939 1334 8971 8611 6702 15328 3487 267 10319
290
530 279
2700 10630 10579 19023 3205
253
635 200
11907 6925 15897 6256 9319 17217 6636 4508
283
691 148
6984 9730 4794 4789 16747 12220 2899 19032 10785 18185 16386 9444
279
813 109
14091 3533 9772 17950 16056 5948 13316 5857 14020 10293
281
853 6
5887 989 17603 19930 15177
295
893 139
8256 12346 12923 5056 16787 2324 18773 15229 4482 8780 13274
167
932 68
6352 13837 3765 14947 503 18506 11583
297
931 136
16495 19946 9779 1520 11278 16319 11079 1637 10017 11944
290
990 130
19238 5464 5223 9363 9691 19854 14806 5196 13951 9737 15748
290
1043 41
3619 10160 12677 12102 4950 11035 17281 6695
236
1009 150
10015 2475 15115 5502
289
905 152
18210 17965 8514 1528 3529 18766 13014 5349 12107 12011 15693
233
861 236
3398 19708
295
780 97
18088 15650 3793 18662 11266 4226 1077 9568 18017 436 14252
161
694 54
18893 1811 4301 7652 12290 1024
300
816 149
626 3569 4843 2175 17807 15579 12577 6827 1305
188
705 191
4349 11560 16508 5315 10551
294
627 156
2109 3340 13776 8849 2637 5576 9519 8318 6309 15124
255
621 64
1375 13655 14083 16551 1651 7401 16504 18916
153
533 61
4979 19410 13021 19610 11803 14068 726
111
416 201
8232 7656 18315
179
513 409
11048 13566 6392 3774
279
391 436
5949 9378 88 11702 16116 18701 19489 7068 15805 13383
233
305 394
10530 3631 1391 10763 5845 14322 5448 18023 14898 9898 11015
250
274 464
5423 7980 12734
297
300 684
16773 18142 6864 13410
227
427 761
5706 11300 17598 2815 5842
240
509 657
16484 8470 19667 7905 11081 1892 2620 7928
253
535 700
10223 2675 14875 14930 4414 718 15279 7633
281
630 840
8670 13673 18268 13296 16287 12216 14897 12000 1791 15236 13516
225
687 949
1007 966 21 12603 10384 11478 5858 13093 16329
290
777 898
14562 15294 13641 6664 33 9006 5431 12185 13598 4568
288
821 807
11453 356 18468 8462 6755 3214 263 10996 3248 15043 6649
279
860 682
2408 10726 10611 3817 12611 9595 3175 18269 19465 16153 2806 17385
254
881 576
2783 17546 19068 13055 8396 12451 3896 6667 19612 61
221
999 540
18715 16881 9919 4092 5710 7460 16525 18682 12505 18645
280
992 585
16415 17787 18852 13213 364 5065 8380
288
919 661
7749 867 3265 837 13010 18284 8051 12245 14532
293
1062 592
7851 8785 972 14859 2856 10388 19597 5719 1102
291
1173 504
14611 11685 13835 323 19864 6006 16330 4753 16965 10377 13720 19467 9153
299
1144 381
6121 368 5445 6239 5097 12153 16601 17204
273
1253 446
17833 17366 96 13141 2730 8131 15937 16293
273
1226 316
4782 19115 8457 18920 16925 729 1866 7050 18209
286
1250 201
1179 10219 3514 15798 16985 9377 2727 11804 10140 18357
247
1234 112
15688 6010 11829 15131 6732 16933 14636 9008 7439 13372 3431 568
198
1163 41
3640 17891 12456 12900 16497 13652 19141 14711
276
1302 201
9751 625 12303 16786 7751 10764 19851 15417 14455 1930 9839 11113 8055 3581 1920
299
1347 141
10276 12652 14681 19298 13426
292
1311 252
6568 19047 15633 10651 14192 14249 1828 13280 11717 7346 4707
202
1294 343
1291 6423 6698 14088
22
1323 245
9550 14900
2
1193 329
15331
235
1160 486
17000 6407 3059 3746 13071 15620 5069 10583 7252 13288 7143
288
1197 524
10064 4890 4056 4105 14430 10101 13178 3843 11599 9445
261
1333 502
3461 13850 10879 16734 11251 8527 8005 17402
300
1358 420
2969 11180 12306 9233 6890 10696 12860 923 16921 6293 6983 19781 12399 4542
254
1422 332
1493 9434 18767 7118 19718 3050 3584 7277 2172 10863
152
1495 230
13554 12640 19411 18294
158
1392 285
4987 4117 14815 2452
301
1454 386
15286 18666 4894 19396 11418 2202
295
1305 424
17627 19951 7204 14103
298
1295 547
3838 9348 19033 12638 12016 3958 5610 17695 17818 8017 11554 4020 15371
283
1330 601
9407 10752 16667 10597 12995 7344
149
1354 739
1278 11959 13627 4063
256
1374 611
9562 7719 8273 14226 13539 19235 5199 9512 2425
268
1240 567
12654 19625 16461 4266 5154 3667
287
1168 615
19360 10981 14736 3879 12747 14571
230
1030 627
16390 6189 11199 17031 17982 13348 12504
292
889 628
13964 16509 14695 18258 17201 12970 3400 19391
293
787 526
10481 17039 18762 8532 9750 8135 1202 3003
291
760 647
3743 838 2222 13239 18270 6191 18593 14261 13112 17510 11720 14340
269
743 776
14700 11647 3897 3151 12127 4188 3170 2788
290
725 665
1169 3706 9266 16491 14727 4822 10312 16570 12515 1194
272
725 535
17057 18807 16273 10163 2228 10549 10122 11002 15188 14487
257
752 456
10045 3618 14060 14124 117 10470 3218 1421 6688 19984 19630 17812 19640
284
692 369
8576 3962 10911 3664 15253 11770 17245 4556 8900 10289
204
785 281
3017 6398 10964 19648 15114 17097 19865
132
838 294
15602 5156 12685
257
700 288
4929 16087 1444 18079 12558 5688 12119 965 11885
209
633 396
18498 13914 1531
291
751 397
16336 12444 8091 7357 12432 18904 4712
285
779 446
10142 6428 293 17644 19300 11974 4748 13172 15543 17002 12565
273
871 446
5417 1065 7416 5422 17338 6814 5977 17192 1124 8573
258
942 369
4382 7402 12656 4772 8424 2326 15994 14767 479 12680 11824 2896
277
1050 374
18547 9604 13985 4269 18505 10257 10105 6887 17266 2000 9897
269
981 270
8304 2406 10364 12832 5158 6040 52 8858 4003
293
1081 288
10832 6767 3256 17105 4139 6424 16042 8472 9694 5945 17288
289
1132 230
18811 2016 2076 16725 1152 4532 14703 7725 17150 4537
250
1102 128
18292 6157 18615 11797 16799 9671 7262 16723 461 11207 1455
281
1102 185
8448 19290 4156 3244 9736 13156 5432 3185
219
1091 385
2507 1376 17115 10548 10428 5965 14384 19091 2075
301
1014 346
10720 14962 12050 16467 2227 13738
80
931 274
18160 15871 7974 19067
146
945 416
9522 5924 18060 10352
294
688 545
6951 11034 12975 19755 19823 11062 9777 14873 13088 645 4658 12723
293
571 482
14201 18191 15642 6002 3286 18684 10946 13490 7301 16011 16322 48 15783
275
652 557
10686 10563 15460 6343 4154 3491 4784 752 2148 1562 18121 656 15935 17026
244
584 669
17815 7284
280
518 534
12002 949 19796 17905 7762 5160 3959 18711 11124 12226
248
584 455
9845 17452 9251 8668 4852
294
729 570
11397 1877 13556 1614
103
617 695
19366 10450
145
774 654
6781 15295 15682 397 19376 4880 1715
182
848 567
10269 18537 11198 8784
282
862 731
3603 12400 2330 1758 3649 17407 4426 8173 4434 2657 16758
225
973 733
2299 5321 7228 15660 11576
296
888 787
19087 7736 13745 19332 2285 4015 258 9784 8761 18099 12952 11263 14509
273
1001 849
2720 4145 2217 3995 18323 5922 19772 17068 16858 14297 6622
299
1093 917
1238 9004 9079 17544 19286 2626 18674 14808 14057 18683
269
1019 999
7297 10782 7512 18917 19159 6235 18932 3734 1073 6712
225
976 1076
7986 12350 1717
294
1016 919
16238 18064 6257 14862 15953 4824
274
1116 854
10082 9333 7692 732 16953 14908 5479 521 5815 18625
275
1230 874
15299 17987 3450 14849 5126 9749 1389 6715 697 10507 4338
266
1262 760
17138 19287 5067 4078 17992 12335 10574 272 8534
298
1324 847
571 12393 8959 1091 131 18607 12214 13435 8730 13967 8511 19118 3276 16840
272
1416 899
16633 17850 10199 18186 6101 982 3956 9364 3399 14372 17005 9684 1561
300
1526 873
19486 2875 11213 17748 4359 10419 3641 7808 10218 12981 16936 8531 6730 95
276
1495 853
19279 17066 9240 6553 17342 3827 10270 6461
222
1444 750
9022 6697 230 10226 8609 4992 5461 14925 12850 7241
113
1516 775
4 2060 14940 6662 13975
276
1394 826
19476 9941 4924 212 8385
280
1449 938
5227 4411 18229 6335 5317 3592 5282 5655 18220 11746 18831 17482 11852 297
301
1355 835
1839 14011 6041 5793 13245 9662 19404
280
1222 912
3809 17553 8551 13867 13482 4832 13299 13238 13697
280
1347 978
9790 2797 17134 3085 7718 13718 3094 9017 16029 19210
297
1330 1049
5101 10907 2540 10962 5112 3832 17940 6811 4170 4616 15226
159
1420 1028
5661 11880 16166 10538 2073 17944 13548 15599
277
1337 1081
5007 4264 4868 2440 14678
272
1279 1017
278 4141 10130 10334 8749 16705 3005 16969 11387 4059 13953
248
1268 1145
7424 8348 1898 8918 7969 5606 18736 4430 10164
190
1213 1061
1823 11555 202 11286 17099 16628 11957
249
1333 1001
14169 14573 4798 12524
51
1272 883
17143 12022 17256
281
1124 808
16302 19673 919 8562 6545 9640 565 14039 19427
191
1083 733
10819 5477 2676 11508 1650 11133 6009
268
1163 795
6744 4668 1084 18170 2088 2917 11569 1794 2107 9972 4640 4889
270
1237 713
2153 1325 3644 14570 16451 13934 1392 15471 11588 2624
276
1281 642
6318 8545 17212 13448
132
1149 679
14433 15363 4467 11013 10475 9033 6275
298
1176 809
2911 9084 12745
234
1045 792
4956 12190 15625 5166 11226 17595 16577 17747
236
938 828
12457 6812 15126 10391 4959 17331
299
792 792
3985 14053 12806 14812 15600 1497 5248 1826 17702 16903 15244 16291
55
725 837
9608 5932
208
619 961
16462 11221 2751 10371 4298 13583 17839 10404
284
651 1069
14396 8753 8982 18151 6470 7637 19021 2630 4958 15893
160
710 978
3467 15412 3236 17228
273
704 1166
18084 14758 1426 6323 14666 2987 18613 2766 9108 2064
295
596 1245
3337 15084 1476 7349 12979 15790 13713 3549 14632 17962 16600 19336 14002
270
635 1352
16733 1396 7620 2990 14645 3297 2193 11368 9905
281
661 1459
19468 4721 12857 8050 2685 7677 6892 612 16269
299
567 1548
9975 18479 11053 691 13578 1208 6900 16053 9125 109 13810 10401 13770 12129
248
448 1549
9188 18680 11681 3366 8783 2470 10260 12287 11336 4836 4638
254
458 1486
17981 12648 17086 2315 11026
263
545 1495
17610 2850 12969 18922
204
671 1466
14798 8607 7991 8693
297
641 1332
16675 18078 841 17667 15509 15246 1020 10724
271
734 1355
18708 11321 9647 12026 11463 244 17619 6125 4458 13565
231
779 1461
13601 16473 6366 3126 5266 6020 12362 3745 8351
225
671 1521
12098 12033 12157 1539
241
800 1519
5940 2498 14958 2270 7377 7032 3720 11106 4539 15787 8043
293
882 1587
10733 16446 17365 15066 492 1176 16916 6751 13734 3367
280
845 1683
15046 19452 19400 11812 10185 89 15637 1699 15098 9186 4622 6604 19646 12512 2756
289
767 1692
17496 14623 5381 5397 17642 3101 1779 7089 8081 6894
244
755 1804
18833 16363 4440 11476 9303 9312 10618 8181 5148 3730
296
748 1739
16647 14660 15734 12238 6835 12661 8702 13906 12547 7246 4274
294
662 1661
8507 8083 9132 8064 3364 5189 15383 3046 8502
256
648 1563
19387 12283 2698 17396 14435 9068 2221 8386
263
677 1731
15497 2809 15359 3783 6217 14546 11935 8517 17181 9826 8891
288
594 1775
1835 1869 19709 17427 2244 3531 12025 17265 15173 18834
40
636 1848
16851 11340
276
866 1761
12230 4952 11366 7390 18454 13828 14560 8897 733
295
793 1846
3907 16367 3993 7332 5105 3235 10244 10790
265
837 1871
8506 5616 10666 1989 159 15742 18429 10302 14682
268
962 1917
12040 7731 13897 11437 1318 6252 15985 9569 4125
283
963 1963
18008 18317 16978 8977 9888 17120 9335 2816 14838 16387
211
912 2093
16379 18718 17390 15589 5730 2320 15607 19276
293
997 2049
4599 4814 19365
183
1011 1897
2570 19440 3229 13807 18132 10844
284
879 1767
208 10525 7263 4888 19215 5209 14886 11043 445 16769 18038
210
943 1701
15762 2238 16613 13306 18605 14363 849 12862 12219 18935
302
997 1618
7255 8106 6409 4960 3528 18285 19802 4166 7463 17114 13126 6442
263
935 1514
2467 7822 1209 8261 10927 1269
292
973 1691
16998 9347 15878 14500 7320 10923 16005
288
910 1782
10370 14313 11725 9351 9134 12194 3253 1978 11965 10954 9740 4227
301
886 1681
2012 12799 12846 15302
291
775 1603
3456 15710 18320 6494 14492 19311 2121 9471 17585 74 676 6750
254
737 1567
3371 19212
128
634 1312
3260 2106 11228 18095
300
549 1367
536 2746 9102 5276 13638 16759 6225 4740 3748 11766 16514 17869 5543
289
541 1428
4082 19861 5860 10118 16349 17223 423
291
475 1345
11196 7212 2207 13610 7422 6937 6240 1667 5716 6046 17046
273
513 1241
10467 13409
288
440 1378
17010 748 16125 19305 9472 14366 18844 541 9032 19775 9668 8157
221
332 1352
15815 16405 6742 3471 4829
272
381 1440
8398 7043 11008 2432 15092 7717 12327 1927 9795 11108 10216 1336 10692
265
365 1500
9470 3271 15259 10188 13727 2296 6562 12945 9261 11781 10593
204
301 1558
1760 10362 9866 11007 12460 13048
225
512 1359
13710 1600 4496
249
606 1205
4969 9260 19910 4347
176
746 1133
6341 6032 14361 653 14037 26 13525
98
745 1226
1459 14529 16931 19958 14341
293
831 1149
14551 9276 17289 3083 18172 10658 6465 17309
271
918 1119
1308 13414 1446 5835 10003 19225 10150
288
847 1004
16500 13819 310 7014 6011 13388 11175 2529
156
907 961
9044 6016 2230 5630 18299 19690
274
923 1137
19899 1703 10382 17165 4357 7184 19731 18184
82
809 1069
10469 19016 3401 6271 13883
279
1040 1298
13452 11773 5391 3754 16563 1095 12135 11498 19199 15722 1729
259
1099 1231
2412 8804 18720 11128 7595 6243 11051 8332 702 4180 19394
281
1136 1165
17187 6806 6451 7147 7136 8535 8679 10273 9908 14951 4511 10375 11840 6415
148
1050 1150
10699 9624 10664 19469 3250 16457
296
1143 1078
11020 16886 15918 2910 14975 18219 14600 11534 15531
272
1199 968
2257 13779 1878 7761 16684 2749
126
1093 980
9580 11055 9936
104
1127 1285
6906 18383 9895 13350
270
987 1309
16479 186 17885 14820 8924 18438 11164 13070 6128 2198
291
879 1269
819 11481 4044 16902
216
994 1370
5756 19095 1383 17440
300
1158 1466
1687 17952 3206 2721 16627 13155 17037 16591
282
1108 1410
17174 9882 16048 8564 9277 14044 1188 4119 10137 578 3590 14749 17295
67
1083 1427
2907 11709 13510
281
1174 1256
10841 4750 19638 1243 16537 4213
289
1335 1399
4917 15922 14106 14990 18472 5925 17616 13020 6924 14827 13847 5379
268
1276 1460
19301 13302 8375 19935 8697 10862 3771 19280 18015 3530 5200
114
1326 1527
6764 19488 12007 11220
207
1468 1313
15750 7153 6212 5712 4802 13107 14555 9901
276
1613 1362
145 8214 1482 1595 15232 15214 17352 11394 40 5249
223
1554 1318
15263 4371 17296 16420 7643 15021 9383 8799
300
1690 1341
17454 5100 14268 17043 19536 2499 2008 19832 7033
276
1778 1463
1696 19710 9027 15774 17618 9726 7962 5106
299
1742 1593
9246 5334 7005 1867 11679 4891 2318 14963
222
1672 1579
5078 11955 4567 239 12592 4850
290
1658 1533
6150 11721 1654 16402 10305 7375 12048 7015 15951 4689 18190
259
1644 1538
2277 17808 16720 7936 4910 8137 18798 9161 5896 10884 11771
254
1630 1647
11946 18143 10983 10519 14362 5179 14741 4720 12533 16374 15882
241
1631 1758
5866 10730 10883 11891 8175 5301 10608 6674
285
1662 1839
18588 9931 18286 5677 13111 2437 6946 13999 10196 1033 8588 19588 6678 15488 3163
225
1762 1754
10240 16988 14001 5414 13909 4515 16711 14339
278
1684 1790
5405 16187 3780 15388 155 9920
234
1646 1894
16617 13437 9831 6842 11565 4067 19059 18144 16439
252
1618 1752
14014 16474 9353 13553 13928 19985 1496 2713 4715 917
261
1719 1683
301 18863 11649
285
1562 1673
10736 15014 18241 5285 10471 13270 14536 15680 18324 13584 14819 9024
296
1440 1692
15711 8550 16888 352 14972 6690 889 10587 771 16193 3868
274
1374 1746
14180 17522 8805 13262 7285 7137 5919 6319 6062
233
1377 1906
18536 14495 12625 9078 10278 19834 12502
284
1374 1994
8014 4077 15454 2709 16351 10818 12786 11017
207
1392 1991
7193 964 5798 7540 14204 2636
299
1385 1836
9953 3128 18133 18069 19063 16730 10378 13494 9669 17704 19560 5124 19335
293
1434 1919
4647 4935 5934 15458 1777 5413 13865 17255
282
1512 2029
4130 17681 3795 18359 17377 9623 15686 7267 8079 4726 17485
301
1531 2079
843 3601 13109 5288 5450 11958 13901
291
1463 1848
809 10690 19512 667 4500 15524 1113 17875 5473 9800 7770
277
1549 1914
14863 12608 4587 1013 727 19348 13723 4724 18204
246
1445 1815
12926 1702 4155 18918
284
1319 1777
15433 10640 11816 3280 165 2606 3605 10894 19477
138
1280 1884
3377 877 19450 11046
280
1302 1753
8836 7777 17611 4360 17654 6867 12759 2229 15972
292
1319 1701
16129 14768 19269 5659 17528 8393 16308 6017 4443 19053 14122
286
1262 1600
5177 5961 3898 4335 4643 9414 6966 17691 12591 13711 7587 7519
286
1145 1632
12122 1051 19730 8667 8677 19453 5881 19073 11987 5393 15910 234
291
1149 1738
12831 18903 16850 6254 11646 3131 4394 5140 996 15314
295
1033 1697
16290 11411 12371 8500 19635 6928 1626
270
1163 1766
403 13355 17491 3417 6826 295 13254
298
1247 1835
17831 12074 2789 8038 11927 9025
295
1085 1799
5030 13032 9231 7868 15233
277
1158 1887
14752 7517 8990 4025 10833 15073 7007 2677
279
1137 1957
13171 3998 14077 3864 13606 1521 5903 13292
299
1100 2012
9731 19721 18911 4236 6619 6583 6997 8353 16669
298
1130 2058
8238 4797 8589 15301 7487 14181 11024 9900 3369
251
1257 2112
11785 18997 12841 5999 1154 10106 409 12619 18573
294
1143 2154
11484 3915 14147 9003 11420 11134 11434
44
1180 2231
6122 1710 2454
277
1218 2068
13309 7363 15101 16662 10001 800 13489 2124 13337 8329 16478
270
1289 1977
10487 11057 5536 19170 8513 2288 12073 2655
278
1216 1911
15484 2057 704 11093 17892 8153
112
1251 2060
13428 8010 12192 8867 15293
222
1073 1986
2300 6910 15419
256
1137 1719
18925 8931 16639 16945 6151 15230 3174 2450 9799 11691
293
1072 1687
12172 1504 9158 8123
241
1209 1710
169 2237 14167 11990 19302 6704
302
1199 1570
15180 8212 16396 19163 17919 7385 8944 4618 17999
284
1088 1543
8655 14427 12331 4644 11262 10745 7503 14811 10843 9103 6322 14344 12187 1256
213
1174 1550
9234 17327 12751 3661 16900
41
1264 1652
15754 15659
291
1450 1707
7604 790 5453 324 4635 4116 1356 16882 9814 5947
290
1350 1671
2388 2297 13220 10356 6933 4583
234
1460 1577
730 19431 3586 12017 10210 306 19 18257
300
1471 1647
5634 3013 15966 3458 8829 18703 2866
250
1501 1750
15196 19344 6921 18344 14218 7929 3753 8861 11240 13513 7048 13476 2605
235
1579 1788
6226 13706 16144 15449 11876 11052 14550
32
1485 1728
9048 19137
299
1586 1588
8374 18930 7801 15250 14763 7800 970 19074
297
1605 1522
839 9458 6339 19436 7794 6993 3496 12330 17052 11169 12808
216
1526 1513
14643 18650 5263 9823 19538 13632 6063 15019 6158
224
1732 1329
7140 6780 8525 4406 16169 4407 9208 17322 13406
271
1846 1364
6238 13328 25 7632 3457 17216 1551 11157 3053 18945 6289
286
1969 1269
19216 18634 10728 15700 13949 4760 8260 8140 9030
95
2051 1287
12755 11325 17409
273
2009 1524
12810 12794 11596
298
2132 1623
19249 4763 15991 3705 14182 2003 859 15457 2451
274
2007 1609
13180 11952 17809 3834 18747 6485
283
2030 1640
19169 18637 15950 19831 18326 5278 19121 12409 5800
192
1936 1756
2397 3692 11399 8164 3102
254
1974 1667
7061 7226 10929 18915 6915 17543 5446
282
2044 1731
14920 17014 8570 9675 10156 12847 13440 5492 8896 13217 16962
300
2127 1810
4250 17573 17883 5387 18975 11172 8746 6310 15047
258
2080 1841
13643 13214 10159 9561 10839 12740 7528
275
1999 1828
18921 4012 11839 13322 1027 3114
280
2124 1755
8142 9614 19317 987 6873
295
1998 1743
3137 14285 14449 4879 5083 12120 15608
288
2120 1699
10074 3493 664 1250 18027 10586 13783 6105 6435 4153 14968 19660 6024
285
2218 1721
14258 2699 16369 7532 4006 10694 13731 6507 8487 6882 16848
267
2274 1648
7008 15480 11900 19101 17340 13484 15452
300
2114 1554
14855 992 512 13803 15312 1673
230
2200 1582
11630 18436 1830 9314
259
2237 1509
462 10577 18372 16033 2215 5530
268
2344 1579
1845 14854 17472 16091 8740 12453
278
2363 1701
13257 8675 1583 15739 8299
271
2366 1822
8889 15634 14187 10453 18110 17154 18101 13073 18999 4194 3224 8061
288
2438 1809
17036 15394 18139 6795 9661 18300 5441 5791 1005 11525 330
294
2525 1822
10435 6881 2429 17503 13063 9413 17333 14877 18417 8539
288
2601 1804
13907 4562 10775 12605 13663 13404 4962 7678 4217 1206
300
2523 1888
18826 17530 10262 1636 19339 14659 12305 17653 6913 13595
298
2639 1921
17884 17079 14539 540 15596 19045 17826 1962 12550 8766 15455 5361
286
2621 1954
11767 13076 13481 10466 10518 5983 14480 1917 7845 6639
255
2512 2019
4370 12164 14412 8384 15821 11772 18024
300
2585 2097
18864 1641 19001 8035 17901 18371
291
2495 2095
3215 14161 2648 16230 7607 3217 8893 15707 11857 17946 13068 2804 11710 9115 12383
284
2430 2107
9483 12413 3680 12942 10521
267
2474 2016
3600 11378 5144 12800 14346 2799 173 10599 18709 10523
191
2532 1972
7972 17904
296
2644 1992
7122 17968 5967 11152 14185 19657 451 6899 9382 5799 9506
279
2664 2102
7075 3694 11012 10559 13166 4017 19768 3902 15391 19266
278
2768 2125
9607 19291 2405 4808 13005 12697 2565 7034 5698 14771
299
2818 2001
6231 810 6527 5647 13035 14143 19289
276
2890 2083
18448 16253 10718 7579 2869 4675 13590 14052 4980 106 19131 15368
287
2947 1981
7216 11345 18090 17258 11683 8346 16344 5507
263
3017 2052
11349 2974 15612 13436 1945 11713 11114
285
2957 1942
7295 15065 5618 8618 12939 6989 16619 1603 8855 10912 6127 14074 2638
290
2835 1922
17559 557 3755 7221 11841 2069 10447 16602 9629 8080 2793
273
2804 1885
2043 7142 10201 2191
291
2911 1975
13277 6202 12582 19886 6452 2687 8193 3349
302
2974 1900
18954 6117 17561 15671 18369 7071
292
2884 2024
8339 1519 12217 17720 11359 9757 1737
294
2766 2004
6049 18962 10434 14927 11473 1115 8404 12994 840 1524 11168 17248 10878
190
2736 1972
6846 1145 11161 18598 5190 510 6490
236
2754 2060
18278 1675 2173 6035 19304 16448 4874 9973
292
2825 2169
11668 17960 8156 5433 11235 10162 18233 11269 2659 16794
294
2786 2288
16476 7825 6213 18062 13227 14906 8621 12871 9602 13573 13630 8684 1080
273
2776 2408
19904 8188 8352 6255 18434 19737 6602 9082 19500 19595 17853 8623
275
2679 2447
17180 12560 8409 5330 15605 15737 11165 6645 6745
289
2552 2409
3669 11223 8680 19334 560 19263 4018 16064 10821 17302 5296
181
2595 2386
19548 12105
284
2746 2388
13384 5847 12672 124 6671 3425 18261 18568 14860
276
2832 2468
11381 4603 708 7759 15289 19728 7911 1195
279
2884 2323
7575 18641 8342 2589 5174 3492
277
2904 2392
11462 1645 11467 15511 2049 19172 14256
284
2976 2328
11298 6196 15477 1203 18379 2818 2994 7342 2771 18390 2750 18812
282
3042 2261
9217 4055 5782 1180 13564 9812 62 9455 16067 8727 7550 5493 11636 11477
274
3109 2225
10013 16583 3845 2365 11444 10808 4534 11320 15266 6129 11090
290
3102 2120
3305 19054 14023 8450 15247 1044 511 1317 5489 4389 5556 3598 17438
276
3085 2043
3762 12699 12167 11961 1123 1769 8662 6340 3921 10537 11559 16004
265
3065 1943
9010 8129 11594 16423 14888 734 2689 14079 6228
90
3095 1887
19856 3629 9037 10708
286
3123 2040
6084 17417 4623 7455 16406 11615 15845
294
3171 2049
10915 8581 8037 17161 19407 18633 19020 17387 3115 15112 4870
266
3227 1923
3658 11276 8917 9515 1816 1212 5831
278
3199 1877
7209 973 4716 10614 2017 3532 13621 831 689 11809
291
3122 1800
1377 13546 11308 1679 1690 5862 7427 4667 17314 13742 7689 1047 12553 4535
275
3048 1726
6546 2555 2631 16928 9154 2673 9168 4101 15983 11275 6709
301
3117 1677
5803 16117 4934 3002 15175 773 19559 2341 18494 5326
290
3040 1668
12817 6950 18896 5006 7520 6729 14336 4944 14026 17688 4612 7527
298
3039 1571
2619 5764 9361 8052 10494 7223 17550 14613 15355 10441 19036 16975 5996
232
3006 1524
4528 11850 16530 19565
294
3003 1677
8707 18691 9357 19950 6651 8417 1151 19944 4881 16697 13198
283
2920 1717
4943 6152 2981 14000 4251 7435 10547
249
2898 1804
101 8652 4885 17350 5127 14520 4261 16224
278
2960 1822
8991 17743 4439 17310 1284 10952
260
3036 1775
14320 2707 291 13096
233
3206 1975
18047 4701 2472 9852 9914 19201 11747 14112 581 19986
293
3183 2070
14889 2651 4681 15031 4418 1263 4057 13392 2609 925 5217 9165
296
3245 2145
6570 12101 3624 9876 11338 997 11642 4242
260
3321 2079
17821 19877 12664 15138 8615 1460 17092 18254 331 5615 16000 1998 477
275
3339 1982
7233 2162 4499 11408 8367 928 11058 8263
279
3283 1859
11971 1558 12854 2847 12930
133
3379 1935
3201 3974 12257 18998
272
3330 2022
19813 4118 1201 17346 12058 15812 17308
271
3440 2058
13683 13582 3289 14251 18105 15300 16188 6981 6949
270
3506 1956
4645 6526 4247 6847 844 8928 11440 19449 18995 2224 14098 19722
284
3474 1896
2185 5976 9305 11931 10345 11110 739 15731 6914
285
3509 1916
6306 18868 19526 18689 11126 19353 6845
289
3535 2053
5958 19989 6820 3117 8225 17834 7425 17579
286
3631 2003
5501 7806 16655 19688 16832 15453 16400 17828
268
3718 1957
1030 6682 1616 16550 3842 7804 15629 3798 16608 8245
296
3794 2016
17428 7764 1743 100 17098 2674 5660 200 1909 3385
300
3861 1948
120 14418 14612 3213 8265 14552 7699 960 6618 12316 12495 7208 19927
296
3918 1869
15880 17638 19534 9130 4550 7334 13703 12236 2920 14392 10354 16249
300
3972 1777
336 5617 506 1072 12851 255 12744 19364 7904 14985 1806 5171 7722 5650 18182
158
3962 1686
2761 19139 11100 19424
263
3949 1788
8824 11348 13842 12376 15093 18126 6666 17656 119 7666
282
3826 1771
3711 2294 10081 8803 11050 19960 590 18260 17207 18848
279
3682 1784
15354 14431 6794 4738 9525 10617 12835 15344 19253 16637 1264 11495 1871
300
3709 1728
4115 6383 1216 1225 2024 7227 12511 1933 1265 17096 3488 54
266
3672 1645
16939 786 12546 7501 19976 3143
289
3761 1579
12155 7066 19242 2497 11621 3693 15867 17001 1387 16237 5093 5265 17433 4317 5609 10761 17837 16596 11665
279
3762 1538
19264 357 130 11242 5478 1800 1099 15081 19494 2848 11868
269
3682 1449
4614 16373 1947 5467 1296 10227 3076 597 14561
232
3678 1541
19319 19518 7355 11135 5300
283
3815 1490
5559 16078 6405 19018 2792 2439 14730 388 11407
275
3895 1383
5208 14125 348 16883 11541 4963 13800 1530 328 19704 7629 17015 3443
289
3932 1415
13523 18154 1668 8622
261
3829 1325
7906 18822 19495 1139 3455 4297 3542 14934 228
2
3773 1228
12273
293
3817 1378
792 7345 16015 19086 2860 9696 9964 1292
291
3782 1423
8546 983 8556 4034 12827
286
3804 1586
3888 2660 9962 1771 11602 4973 3940 1035 6198 7070 11910 10914 16075
294
3831 1658
15577 18581 19369 8949 14895 3803 9216 2649
267
3884 1566
18021 15964 18563 6096 6673 3022 12658 15721 12414 14945 1028 18360 640
187
3951 1451
15145 16180 13588 17085 6582
278
3924 1546
19562 4985 2970 8368 1100 10510 18352 14676 19666 5096 19171
247
3969 1645
18451 14987 3240 12394
272
3645 1649
1552 9572 12147 12071 4842 19038
239
3774 1716
9380 14224 18895 7716
255
3899 1798
6595 8956 14981 9207 13335 18887
289
4000 1899
858 2936
283
3835 1955
17722 17629 12815 13195 1656 9912 14871 4050 3556
276
3736 1864
3784 17124 1579 8807 15881 13563 7315 13568 13773
218
3861 1818
1890 5491 17542 8401 19769
285
3836 2010
1418 16866 10749 1259 18464 6762 18968 10913 7693 13942 6178 4704
297
3939 2057
14400 11250 5557 6456 11616 751 2697 13977 18 15847 7748
276
3958 2130
18036 12062 8610 14647
260
3903 2013
11243 6123 15941 90 12706 10747 16243 11416
86
3993 1975
4937 11549 1942 1775
272
3871 2028
11487 10097 16165 8781 17615
268
3647 1939
14188 8892 13100 8737 19504 12818 9475 14709
282
3604 1860
2551 16037 13184 12354 16555 2819 19727 5828 14196 2092 10851
293
3570 1926
9493 10446 1991 11390 3374 10773
2
3689 1847
14423
225
3563 2027
1451 5466 2686 8086 9296
180
3484 2061
11998 18856 14542 17196 11579 9404
246
3294 1992
4318 10887
257
3292 2158
16358 1271 16148 10600 11456 14508 18091 15838 13045 13589 13854
245
3220 2230
339 3466 9976 11372 10066 19654 9126 4805 8744 4038 13678 19110
268
3184 2329
9781 1549 18722 19915 12329 12775
291
3174 2230
376 2584 489 13991 18373 13941 17902 8151 12752 9760
279
3315 2240
14227 11731 8628 17490 9626 8795 17830 16449 13961
285
3424 2137
15187 15147 13708 15303 7160 4827 9502 3000
290
3505 2206
17964 7078 5081 4661 4447 1833 18744 7442 1329 12777
149
3614 2189
15213 14439 16097 287 17661
246
3567 2261
6518 5822 14210 11798
158
3472 2181
15675 6132 13044 17284
273
3366 2164
690 17509 3325 1198 6692 4895 3296 3537
288
3261 2280
7325 10281 13000 6944 13739 2158 13370 14424 9738 11823
300
3322 2294
7009 593 14687 7625 1961 7486 7056 1827 7029 12390
272
3445 2382
4873 10655 14304 17733 8734 5026 15307 8369 10171 17801 4231
293
3349 2404
3828 3040 12342 9995 4241 9769 5702 7593 13645 19671 1604 10457 17736
287
3323 2518
5163 7793 2615 14760 5923 5155 4175 16341 6359 5091 8906 2811
230
3401 2603
14102 19556 14265 14 5517 820 19590 12520
300
3407 2677
11697 4581 2738 14735 12345 15475 604 18033 16395 18051 12412 18616
294
3467 2671
6955 11895 18310 4383 10514 19552 1772 13759 4228 13160 10948 8922 15135
231
3535 2774
13240 8649 14337 3339 1093 15899 1540 8601
286
3493 2880
3563 2828 18433 3498 4659 9659 5185
298
3607 2798
7849 4239 19149 11933 17903 11853 12702 1399 6945 1189
279
3572 2696
11947 14186 8334 8869 14150 13797 14055 8423 3806 10900 17624 16696
285
3566 2589
15816 9145 18080 13871 8813 665
288
3699 2609
19310 5245 2585 1104
274
3647 2738
11304 9537 3118 5094 10397 1166 15661 15986 7019 1938 14566
291
3723 2834
18597 19647 2976 11577 491 28 11567 7771 14482 10012
296
3750 2818
5901 2839 13994 5128 10869 4993 17012 5077 3277 12146 15560
298
3699 2920
17348 10704 327 6384 3231 16654 1832 8316 16561 11660 12666
257
3774 3046
2160 509 12134 4191 9490 6028 16360 9379 17183
282
3755 3000
19049 5134 19835 9591 5767 6531 19971 13519 7359 11429
235
3625 2999
9088 1987 14355 5563 17745 16260 7388
297
3637 3098
11861 11351 11972 3045 9063 13919 1130 6800 4309 8654 737 49 14535 9137
264
3548 3036
7952 6052 3370 3555 10635 9648 4869 4111 4942
260
3590 3049
18026 2671 16236 319 3270 19650 1147
295
3595 3144
4352 5692 10829 13762 10018 17634 3262 5778 3359
274
3626 3217
11494 4991 17177 13943 9318 14787 18818 6277 10566
265
3570 3323
351 7875 18148 13153 16603 18059 9054 17549 442 37 18169 4939
299
3544 3308
18416 12405 15105 8194 15474 8596 5707 4739 17048 6923
256
3528 3205
11655 12938 370 9366 13095 16286 4379 214 8146
274
3435 3264
19945 5332 15547 11651 11888 14233 3568 16499 15330
256
3360 3163
5215 9308 10621 2465 2055 1226 4218 12274 10230
296
3380 3284
4326 14486 19791 19902 3724 1672 11899 7697 13849 2314 8068
197
3392 3339
17558 19743 2372 10059 10410 15546 1935
206
3463 3187
944 4685 14263 2642 5357 16192
288
3593 3183
6725 9093 2095 914
298
3522 3311
3027 13324 10176 6804 6353 10849 13707 10769 3627 12484
299
3419 3425
19312 7191 15442 5150 14540 18792 7691 826
283
3616 3304
17215 17717 3966 1323 12966 17703 18482 10327 3032 11863 17469
290
3712 3330
4140 13290 8422 9687 121
271
3718 3197
16438 9776 1762 13541 12929 19719 8877 17206
268
3802 3154
2739 3503 13532 1661 11922 5138
298
3717 3235
4708 14637 5519 11984 8875 15757 12478 6184 18914 3334 6148
287
3794 3324
16404 14699 298 6759 12389 8851 643 17630 6281 251 9354
291
3692 3256
4505 1172 936 12765
279
3805 3351
4243 3477 9210 14220 16715 7511 8604 18491 6267 3105 16130 13303 19908 10835 4405
281
3762 3397
4413 15139 10217 5186 7298 13266 4287
298
3842 3495
12932 848 17035 3146 15961 3512
277
3689 3460
588 18737 9316 16852 4186 7694 698 17123 6905 216 11018 11669 10005
296
3608 3438
19840 1586 5755 19894 16991 17198 6360 953 12989 18237 17349
298
3629 3529
6621 18500 15566 19866 14773 5699 15647 1126 4669 15398 2161 9492
288
3667 3645
16620 9988 16649 2787 632 17662 3227 16909 13386
294
3565 3715
14146 11393 5016 15171 14683 2141 13644 7384 11331 5141 11593 1167
264
3462 3683
13446 8269 14568 14379 14671 17589 6371 16727
289
3343 3726
4678 3751 18716 6387 18125 15740 2142 8390 3988 14588 13117
296
3365 3837
17998 6302 5457 17859 776 17756 19422 11654 19246 525 14589
300
3419 3960
11099 2329 14954 8919 740 545 1369 7925 2208 17758 10034
290
3436 3964
18534 137 16859 4595 2253 14724 5376 8230 5404 12585 16692
192
3506 3864
11118 5669
248
3409 3805
18156 10791 9112
272
3333 3677
9367 18200 9966 3245 15553 15976 796 4923
283
3253 3707
9327 883 15420 13210 2867 6684 344 9748 17761 9080 192 18967
281
3320 3774
1960 6854 2628 13795 1017 17191 9129 17069 14740 14635 2889
293
3193 3817
1720 7150 14883 12059 2275 3429 9871 14848 14766 14485 17220 17151
289
3046 3835
3288 8666 8996 4410 11028 10208 11056 4433 7471 11212 12599
290
2996 3751
87 16568 5291 7418
300
3055 3867
15358 4181 257 14444 1958 14595 4210 18398 13988 12776 17109 12662
281
3057 3920
5981 11973 16951 9362 2941 2985 13319 222 14243 13778 9581 16485 16892 16389
295
3148 3948
11343 1111 939 14878 4350 6204 1395 16222 15272
287
3159 3957
17655 15370 7468 4513 2586 8066 18790 8167 12946
247
3280 3956
2993 13028 16151 14067 13059
110
3120 3968
6486 11992 16887 19869
281
3096 3760
14097 4754 8530 19349 19193 19277 14013 9503 12911 14594
293
3092 3694
930 5427 7000 14153 9695 5742 463 2820 3268 11 11315
284
3047 3570
17392 18289 8271 802 12440 7567 5581
287
3110 3592
5578 12416 18993 3782 19964 13143 2027 3536 18415 12859 12014 17676
236
3121 3653
19471 4698 4702 13557
269
3057 3634
11640 11827 16670 9513 2074 15133 7174 3829 464
249
3009 3623
3944 981 19323 17032 18627
287
3185 3719
5194 14063 9815
285
3238 3833
5956 1742 15040 6990 8447 4611 8100 3314 4306 5892
2
3280 3632
17552
283
3533 3729
18495 3923 7079 5103 14351 19147 16808 2151 15184 16686
266
3549 3792
10002 19165 6978 5137 742 3831 12993 14534 2360 4749 243
267
3463 3833
7219 2957 2291 1183 14411 2723 2489 10389
64
3436 3781
12270 12735
292
3618 3742
9712 17685 15220 19022
193
3594 3602
5333 14460 16763 2361 6246 8027 3179
280
3702 3632
18291 5875 14472 7852 18382 4223 6777 9385 18146 1585 16510 7635 2996
299
3755 3725
14675 18891 17298 10147 6841 4207 10193
272
3649 3739
10561 11901
246
3735 3605
13464 957 11740 14072 7870 6514
281
3567 3489
11073 12914 6324 2347
159
3711 3448
14511 10071 8635 6734 7783 12809 955 13432 15902
290
3821 3447
10187 5295 2396 9816 12143 346 14809 6316 4449 3633
264
3928 3412
3931 16252 18401 4710 8497 19381 1714 7955 14311 17147 12317 14750
275
3982 3519
10245 6710 8192 18606 10891 19701 8782 13752 16986 5354 8843 4857
296
3949 3647
3069 14670 14314 2271 17674 9609 2639
281
3978 3602
9534 10166 15245 4479 4672 11759
277
3955 3541
2338 16934 6266 10669 5836 8882 16378 12598 83 569 18176 10893
273
3830 3536
19188 18208 4325 1469 2463 11941 14141
286
3828 3646
410 1410 10498 4340 4214 9436 12459 19573 5037 13067 5833 10228
285
3872 3754
2512 3348 13620 13228 8343 6450 3997 8187 4823 16241
286
3944 3814
13147 17364 3770 7281 924 10793 6941 17657 3062 3183
290
3972 3887
17750 1648 6616 9910 11914 6193 18751 6462 12232 8885
190
3945 3960
11120 3812 3317 2542 3098 4783 2590 2537
215
3956 3805
4529 18592 18879 11631 7688 18558 18931 3047
276
3893 3837
4260 1808 7747 154 18988 12569 14933 11241 5468 14391 7605 7978
290
3782 3882
3298 4809 8471 3184 11427 16762 18430 1807 4624 4709 14364 3722 1258 7162 17393 19738 10235
154
3869 3935
10675 14582 16982 16536
77
3768 3973
2459 5041 7647 14328 1248
282
3754 3852
6331 15702 3971 12486 16124 12464 9859 8648 9918 5649 13884 12613
296
3678 3816
9386 11060 8015 9446 15438 8024 4696 12029
285
3652 3920
6 13161 17679 1150 11940 17372 3675 6584 8320 12439
257
3572 3929
1137 3647 14983 18940 13038 2893
290
3529 3984
18245 4735 10190
253
3682 3965
11296 4471 8491 380 1682 5969 11704 5270 45 16716 3773
207
3684 3855
5180 2130 17591 17272
261
3903 3896
516 2127 1312
292
3821 3769
8336 7063 7902 2079 15079 13066 19194 13527 17453 1333 8259 11493
207
3853 3831
789 9805
176
3777 3692
6272 2874 3893 7361 7156 19089
256
3806 3590
3690 231 4626 18230 8748
167
3948 3517
13685 16196 18521
208
3913 3395
693 969 14160 7144 1948 15869 19327 9618 12940
265
3861 3456
418 6176 12498 11092 15928
300
3894 3340
7307 5195 19484 4787 7807 4633 17337 586 18461 16104
288
3936 3223
4224 3054 6474 12141 14151 9913 17060 17986 1618 10709 15476
295
3963 3091
5034 15 11864 94 10143 5520 18340 15151 6521 8798 14377 15068 9651 6075
265
3894 3121
735 1280 11687 2189 1083 18380 15706 5568 14270 2684
270
3827 3040
9916 7572 13818
239
3879 3186
18791 3004 7696 14631
278
3956 3031
16879 8040 5765 3200 19580 657 10186 2552 6782 10474 11330
292
3930 2921
6598 902 337 14191 4221 13508 10490 906 12233 18696 13129 16301 10771 7963
278
3839 2966
19098 2864 9907 13526 10892 9047 10688 717 9577 17013
281
3844 2891
7395 5687 13294 19516 11205 16731 13116 18528 18319 3686
285
3861 2763
534 10041 12674 15015 4801 6027 19195 19981 1789
284
3961 2802
1486 11943 4428 10335 9242 16750 15163
276
3991 2709
17762 10423 14765
296
3840 2820
17609 4004 14237 19751 2897 19228 5014 17506
291
3947 2883
8801 14365 12458 1914 9485 8809 6512
273
3929 3019
5795 18030 6291 2715 6851
224
3949 3163
16751 616 9311 7814 14825 16218 17554 11881 11049
239
3962 3252
7819 14126 3518 2031 17466 17389 3635 2984 1491 3612 7536
61
3825 3257
2138 17478 11318
292
3734 2980
14332 7791 3129 12266
255
3616 2930
10014 11751 12067 3813 935 16233
182
3688 2769
1218 19714 7123
290
3569 2789
1315 8347 6578 7494 2758 19682 17432 18562 13200
297
3552 2930
9448 15655 4408 18546 13695 12343 4755 12117 10042 16161 15931
263
3426 2969
12115 8494 12104 2603 2302 6760 8460 2598 9185
301
3390 3036
5619 6877 3486 10993 10786 11764 5882 10513 12703 5837 767 5874 12557
297
3303 3105
10010 4212 5022 15183 6831 18578 782 4849 8741 3081 12196 14345 13314
295
3171 3084
13660 7981 12391 81 2525 1495 6577 7478 5763 6433 10200 7832 824 1355
281
3121 3163
6701 11550 19080 17360 19639 16994 19890 19620
288
3216 3210
4068 14082 18413 1346 15592 9264 18574 10564 15619 15456
270
3283 3334
8253 9026 1967 9459 277 7225 18799 6953 2873 19604 12132
298
3301 3461
19173 2258 17391 7895 8912 320 16618 17019 3839 8308 7805
294
3369 3590
18700 11694 5565 19762 4565 863 133 3981 18350 5591
227
3480 3619
6911 644 17881 5419 18502 1693 8616 12368 5789 17922 11849
285
3508 3523
13853 6954 11724 13861
301
3433 3534
5316 19392 1087 15696 14778 1361 16838 14831 17450 10290 4806
244
3412 3512
6976 4811 1840 11813 11297 7627 6355
253
3379 3529
13148 17861 14499 9679
256
3244 3461
14447 8176 1096 2564 9337 4694 18974 1940 12936
274
3151 3483
18693 6919 15678 15208 14899 8821
283
3280 3549
18835 18540 8856 4142 15836 10830
99
3192 3539
7932 12985 8574 10970
285
3293 3383
2032 18427 12517 7843 16085 7673 869 638 17636 13222
239
3245 3361
11786 16579 19884 11068 18539 19867 1660 5389
153
3263 3242
4001 486 1550 11862 2071 18414
265
3163 3230
10976 6554 4967 9775 19389 16419 14937 12761 10737 17495 11578
293
3130 3327
15186 10701 2384 12898 17100 988 14993 4949 17737 582 13694 16817 3674 2575
285
3060 3284
7778 6823 11619 4280 4671 15372 11329 5524 3312 19005
270
2967 3356
5579 7117 11210 2022 4502 19243 17267 17793 4437 11893
275
2852 3316
14401 9969 1420 2494 19879 16990 3097 2669 14917 5751 9688
277
2784 3331
19782 6552 12095 7610 5812 9183 10850 3865 5916
294
2776 3420
13877 4745 7865 17179 6425 19632 13341 13976 3394 3426 8703 18325
159
2689 3491
3575 12395 2147 14426 8686
147
2851 3457
791 8942 8934 17088 12587 5000
301
2780 3261
710 15321 3799 18759 9954 19083 15885 13461 14257 17379 1219 3391
286
2801 3195
13935 16742 13470 13780 3430 11432 13846 5048 4834 8941
262
2853 3140
10750 18987 11652 12516 19371 14989 6298
286
2940 3182
15576 16704 13855 17723 2719 17386 17373 19875 14152 12726
285
2933 3292
6969 3499 19906 4179 860 17934
281
2953 3421
19330 9052 5526 694 13623 6026 2401 19871 7937
291
3074 3489
16807 16574 6538 18238 14184 16612 10420 17734
289
2999 3404
16422 14950 17920 7058 13880 217 6222 5644
301
2941 3512
16735 6661 7838 5962 7024 2053 4095 19649 1066 10092 19112 15987
302
2872 3532
16818 2599 19153 8572 1994 8664 13307 15618 17227 12514
271
2769 3586
15687 12927 7407 14746 16997 1752 15863 10644 16181 168 14093
286
2784 3690
8340 4023 13509 4202 14381 18281 10888 15967 12034 16626 18611 13453 359 15862
253
2872 3748
9406 3646 16223 16693 16877 11483 9870 9330 5374
270
2890 3871
5058 19208 13608 6209 14432 16225 4041 1929 8563 15908 16717 2417
278
2848 3855
5108 9703 13367 16816 4104 3721 9214 12724 10540 17516
273
2778 3951
2376 7624 4608 9978 8646 11402 14531 19537 2054 9298 8306 10077
291
2728 3847
13040 9245 13493 17270 3048 8474 8603 140 14217
295
2720 3772
10078 11450 774 7600 18470 3543 16289 1241 11510 3071 16890
270
2682 3686
7859 14199 19793 14915 19541 12519 5237 7080 8585 5611 19442 827
164
2627 3631
10522 8349 7612 17820 5401 15150
291
2662 3721
14978 17236 7430 7850 2312 3696 4602 3015 10784 18162
239
2654 3871
11586 13039 12224 5964 19928 10758 2122 8020
274
2698 3939
10102 9542 2036 13771 12210 17437 1902 5323 11970 8512
221
2578 3924
14070 3544 5780 6550 887 14050 1778 4030 4487
206
2640 3978
18004 1776 2515 56
273
2783 3966
1748 108 16837 12386 18714 12445 7132 3970 9796
288
2854 3995
13036 10517 15786 17947 16028 4152 16964 12949 1979
280
2891 3963
1434 10295 16815 10472 14443
203
2856 3878
6169 18475 7269
293
2914 3733
6959 12710 9209 12366 12610 12573 6308 9396 3977 14239 17976
219
2934 3814
15280 13282 13974
259
2834 3708
180 17351 4828 3863 5129 19517 15903 8998 3119 4270
196
2871 3655
13431 4751 5570 1536 161 17153 18758 12285 14450 13381
290
2893 3525
11193 12597 4656 9174 2395
150
2990 3539
15939 14850 19370 10151 3025 6166 10103 5408 4862
278
2927 3380
8602 16944 12649
273
3002 3284
13777 8770 4075 17587 14662 2942 13580 73 4232 11950
288
3041 3376
13377 13864 7475 15416 17423 19949 12885 3802 6067
285
3146 3348
3613 18660 3327 12225 9250 2509 2046 4914 2201
283
3085 3231
6614 18145 2331 5216 8300
296
3171 3143
17411 10813 416 1683 10023 16339 7760 16897 18985 3393 1634 17716 9301
226
3270 3181
15421 1517 11938 470 3355 15017 1071 14415
235
3099 3134
7317 197 17053 18032 14742 8244 14912 15669
233
3102 3079
13605 10824 2085 10788 16974 9637 8489 10991
290
3189 3046
18262 19533 3909 17397 16893
283
3261 3033
6798 10317 6245 15500 7709 2602 7082 17967 14198 10326 1701 6839
234
3258 2946
12020 162 18849 16201 4968 8936 16855 8567
296
3382 2954
9338 8834 19942 7715 19328 3110
301
3317 2986
12222 19184 11976 11254 201 4872
180
3395 3096
3331 4399 18218 4970 4629 8762 7380
256
3471 2757
18906 10121 9933 12056 6979 15425 2096 14471 3709 1338 1309
289
3431 2882
8456 17858 2005 5368 12019 16870 11856 8815 5261 2916 9175 5794
297
3361 2885
11261 15472 16528 16757 16907 1056 11930 654 6163 4906 12609 6338
292
3501 2727
10646 7798 16052 16418 11404 1182 6074 13622 6263 12741
298
3385 2748
15545 19226 10195 13216 16328 11530 11350 14354 13235 14383 7910 13133 19852
294
3323 2797
1841 6747 12823 2190 12200 12045 13224 5914 17575 11468 15609
290
3224 2790
13320 10543 8988 14425 967 3056 8486 265
283
3265 2728
3796 3580 6347 589 16895 5959 14459 105 10265 16471
196
3373 2801
9056 16306
284
3405 2574
3913 18610 6376 3534 4290 13060 17129 18346 9803
294
3530 2504
8632 4315 17767 8223 5307 2167 8288 2090 12564 9727 8510
296
3531 2432
1647 15378 8466 12707 16532 11238 3381 8870 12447 2445 6139 13395
285
3500 2399
9639 6476 16768 7516 12879 677 5554 3089 10812
275
3571 2362
19608 6952 16382 7145 2287 8953 7734 894
296
3606 2422
2567 15159 17094 141 15510 18363 338 19085 1836 8287 553
269
3671 2551
2458 8726 17538 3060 18331 7482 16325 4451 1676
169
3605 2532
3856 18297 2168 4427
293
3640 2457
18302 7414 14394 5480 2004 17481 6164 2681 5783 18839 1527
244
3612 2346
2778 9453 3609 12093 17487 10727 8895 17726 14117
261
3705 2328
12880 15265 16630 6207 15277 444 6381 15512 17447 11096 13416 3947
264
3690 2254
10734 18556 1255 12112 19703 18409 6610 6680
296
3767 2180
12964 17200 5705 10504 12601 2112 5920 8490 3810
272
3863 2156
19318 9893 17072 15662
275
3757 2242
9878 18873 17705 17672 4000 5508 9067 13485 16323 19313 6723
301
3901 2220
2212 10573 18732 4729 4363 10578 11426 6260 18545 6345 19412 15766
212
3835 2311
19803 1954 19665 6013 4637 15001 11291
299
3903 2298
10678 1919 16376 12937 12301 18730 19953 6964 9282
176
3983 2255
13572 8344 15201 5682 1011 2877
281
3765 2273
2481 17093 7641 6144
298
3719 2125
17913 6183 14837 4660 5594 15195 3729 8775 5588 19003 15440 7224
277
3587 2139
12282 1487 4540 16313 16732 2826 1691
293
3683 2086
11184 2593 8330 1000 2321 17436 7630 3343
78
3754 2143
115 39 7987 19507
285
3688 2375
968 11285 7526 5396 1367 3776 5051 7481 10554 18124 16170
298
3785 2370
3622 14649 6194 17930 4173 3587 5497 13955 17087 9218 2862 14205
272
3811 2469
3567 16459 787 9408 10859 11904
296
3869 2346
5694 4779 8104 11088 17926 5573 14832 17774 7190 5941 4986 12941
281
3956 2407
5713 11568 16802 7138 15085 13056 1070 15971 5979
287
3942 2480
5510 2145 10043 15430 12572 2400 13946 4757 14847 2504 8251
260
3962 2619
3616 10691 3801 13411 12997 18994 7341 19187
261
3943 2554
2155 12718 2924 1140 19297 9967 16610 16605 10068 3934 1450 3602
258
3846 2560
3727 10214 13249 16315 4566 15537 1578 16283 9038
283
3748 2523
18783 11988 1785 2898 4585 3090 19100 1116 3139
256
3806 2606
15113 13750 3895 8436 18626 14563 6403 8403
290
3711 2694
16264 18743 432 6055 7554
289
3821 2659
16094 314 16834 15586 8208 12780 17535 13965 16502
197
3735 2759
2045 18678
253
3780 2641
6348 7268 5768 13174 3689 8277
298
3894 2659
1177 14155 14779 3527
76
3870 2521
2063 7072 9504
297
3995 2549
7628 10899 5770 1881
2
3926 2351
16464
216
3724 2375
574 14803 2413
300
3522 2531
7883 16960 15789 13315 14528 19940 138 9994 7767
284
3424 2509
12559 12729 14316 3841 12384 15042
295
3379 2551
18295 12837 19454 9998 11230 14442 11995
255
3283 2650
11699 12106 3946 18203 11920 14488 17991
224
3345 2549
19696 13215 3836 13241 2278
264
3290 2408
3883 13310 13616 11843 13922 8313
292
3370 2462
3064 13208 7753
221
3461 2443
13705 10638 1109
295
3392 2307
9886 2844 8200 19218 12083 5736 4830 11515 5274
156
3507 2322
19557 10629 17877 17253
294
3318 2327
14327 16642 79 17941 6034 19135 14253 4736 17956 12009 13199
219
3233 2440
3338 16132 18970
137
3313 2275
11608 7245
257
3203 2076
13003 8042 16524 174 16531 17899 1343
289
3039 2150
16541 2262 5402
271
3096 2293
3330 8293 8085 4510
266
2970 2253
6904 1301 15405 4365 14553 4627 19571 15827
296
3004 2350
4916 19483 7261 17576 11700 5221 6808 12760 12621 7828 16487
300
3089 2455
10111 15033 3449 16822 5562 4014 2960 2105 1348 2132 17077 12310
271
3128 2406
1599 3086 12617 17996 19416 14776 2336 11027 19093 11177
286
3184 2395
490 9454 7872 4368 18928
231
3015 2433
8493 4454 19645 19614 18100 2086 6708 15956 4765 14458 15744
263
2920 2476
9081 10285 13646 13998 13471 3145 18283 2769 13542 16772 184
264
2910 2523
9759 15626 12360 5325 19847 8765 19633 5672 9582
210
2993 2513
2249 13361 18847
72
2972 2302
7496 18389
2
2788 2474
5928
267
2828 2298
7549 2195 18570 2682 30 11004 5117 80 7613 10963 2015
299
2781 2192
14352 18907 11962 4703 9200 15938 668
240
2927 2154
7296 5757 4085 12563
302
2735 2092
16821 16047 1612 14130 7650 9285 592
260
2721 2215
13463 4167 2701 17164 12623 16930 19757 2420 12506
287
2655 2255
10197 4193 16889 4898 5883 15109 1996 8022 5435 15199 14839
297
2588 2320
9467 10069 9409 16353 13234 13575 13642
285
2724 2290
3292 13730 1473 18878 11014 10980
143
2604 2282
1342 15520 13284 8681
35
2662 2068
11712 14010
163
2578 1935
5098 19506 2196 12910
204
2417 1918
355 2236 8323
289
2284 1994
15628 9987 10783 17406 7988 15234 3936 17163
256
2255 2139
18913 5390 8940 6155 13496 11707 19144
266
2314 2088
7614 2972 6064 7990 13495
110
2229 1971
15088 6848 11964 5024
66
2148 1887
14999 7003
297
1947 2019
16702 4569 890 17581 9149 14797 207 5785 226 15835 16061 8974
299
1856 2042
18496 14289 8800 14278 15270 2068 14992 16584 7707 1950
286
1768 1946
5130 18061 18168 12380 15810 3961 3861 8242
291
1763 1861
10437 11817 878 6201 2355 19766 15573 3501
264
1706 1964
15345 12235 16543 1433 18724
265
1863 1948
522 2157 7918 6205 9432 19611 12255 14138 12463 13344 10055 19845
279
1835 1833
19133 19402 15503 6236 11745 2823 9331 19379
45
1851 1740
4812 10387
291
1874 1889
6003 10919 17330
284
1804 2056
7723 14721 14478 13082 2514 13719 9376 3785 1625 9463 7381
300
1697 1994
17794 1324 1593 3301 9996 8930 9685 8822 14971 17568 11105
225
1646 2076
12263 13105 17710 5535 19207 12593 3739 5470
148
1608 1990
10393 17578 10463 6292 10414 16450
272
1746 2078
5775 204 5683 18345 12314 18418 3891 8224 14887 17780 19111
233
1776 2149
17836 4670 6736 7343
289
1913 1954
3823 6872 15414 12247 18137 3202 1378 6147 14260
226
1907 1875
17916 18644 1031 11680 1475 674 11119 19134 738 14375 15909
127
1939 1963
5028 10660 3752 3044
239
2047 2171
13889 3495 10989 1596 7500
264
2155 2279
1560 8656 9402 16189 2383 2708 13477 12797
2
2141 2266
10984
102
2475 2340
7347 12983 4762 14303 6488
288
2470 2525
19795 16804 10221 9835 1090 4313 14935 11151 7744
297
2353 2536
15069 10436 8388 2842 1946 3769 11458
222
2412 2508
12032 4472 14880
171
2378 2614
17520 11911 19519 10449 175
266
2549 2745
1303 13419 7713 13205 4291 8149 19342 9530 13286 17890 10495
294
2565 2804
18466 845 248 9719 4322 4421 19205 12441 10478 15657
273
2529 2911
13736 15614 2089 5495 15890 9390 10229 6463 11502 9560 6299
220
2522 2975
11787 19439 18748 646 16046 750 9713 13820 19361 16265 12667
284
2589 3022
10604 555 7562 2226 12419 4380 9465 10026 9415
273
2474 3066
14422 345 18652 5122 1643 15749 9611 15055 325 9873 18328
285
2366 2976
4208 19481 6414 12838 17810 1506 4756 19659 10681 12714
39
2444 2909
7484 7419 2117 16621
265
2364 3022
12865 260 9862 6509 18334 18179 11386 1480 5701 15481 1345
247
2354 3071
723 15544 16280 8359 1570 495 5031 12353 1500
133
2368 3189
18942 524 13182 14272 14629 5632
296
2377 3073
1971 7382 1680 16961 15154 221 8983
299
2464 3023
17175 19736 6077 9825 2662
239
2486 3138
9148 15850 14086 19569 19529 19726 17896 16942
213
2526 3115
5917 1985
245
2614 2985
1788 9755 10480 1821 5582
294
2606 2898
6774 3316 18600 8772 13765 10889 1055 16295 7912 150 18865 10321 1386 6482
301
2623 2817
9034 4586 9046
246
2475 2853
11845 11202 4764 16843 4043 572 13844 17291 19925 17668 12738
272
2586 2786
12659 7966 5808 13332 12762
280
2443 2652
15095 3275 7040 12576
281
2246 2943
10825 15185 7887 10473 5047 6539 290 18388 8669 5884 13362
291
2125 2944
3652 3811 16713 11917 2398 8018 9062 4481 11945 6799 7961 1936 13099 5938 6857 9982 10476
288
2182 2924
11737 10080 1859 19061
219
2255 3050
7615 1110 10607 11341 3779 8841
282
2205 3068
8907 13529 14826
281
2125 3189
14038 18343 13163 1741 13176 6903 11807 10956 2908 6880 3899
294
2134 3067
9191 1510 19097 3911 6350 16191
266
2065 3107
438 7786 17429 2042 15007 13500 1906 11441
264
1947 3165
18187 16018 7917 7120 12491 13475 14726 17547 15060 12349
299
1925 3259
8092 2617 5597 15963 19739 11001 14772 4938 14170 3615 13950 15932 8098 12248
257
2018 3288
13631 19075 17975 14557 5982 1479 13430 7353 6849 2239
141
2031 3267
5153 6001 12166 6410 6947 15041
253
1918 3277
5827 12805 18686 11948 16275 7318 19380 9015
233
1919 3393
11191 10703 13167 13118 9528 14405 13043
153
1936 3336
19637 2923 15559 11245 16077
285
1895 3266
6492 10711 15409 2741 17512 16652 13330 7775 6938 5339 16320 19096
265
1806 3298
1957 16098 10659 10657 6375 7379 16426 11638 12454 19788 4730 12686
297
1756 3273
1181 14399 10337 4564 1908 9548 10938 13340 13972 488
294
1786 3211
11247 1054 2840 7206 2328 17211 8311 18339 3451 14515
251
1804 3060
3561 12590 11460 11037 1848 1037 9942 623 5046
274
1749 2964
3869 5346 19810 10351 16118 12159 15894 19386 41 2182 17401 8378 12728 5162
277
1816 2911
9593 17593 11464 1352 9610 10099 11376 4455 16685 6349 3282 10313
281
1897 3008
19303 3866 961 8379 3328 14543 13569 311 3191 13746 15884
240
1940 3013
1617 18813 4128 2544 9635 12921 5286 1344 13952
277
2007 3018
9509 13339 16703 9400 5229 264 9325 9785 12280
119
2020 3067
14688 7055 3358 8789
261
1950 2978
9173 17907 9683 1067 7782 14048 2661 4026 12318
272
1920 2912
1443 14928 2152 350 18093 18189 15097 7242 4545
284
1858 2880
12925 16947 5741 9291 11232 4931 10050 9109 12023 12183 2622 19570 9064
278
1852 2810
14398 8350 19715 6249 5638 763 1423 9421 16970 19760 8282
284
1865 2699
5685 7534 3763 15439 12732 14025 4149 16672 13092 2796 3645 19868
290
1747 2689
11566 3133 3606 11082 9009 12103 519 9295 4546 15464 9991 16074 15029 6888
252
1666 2623
454 2718
291
1819 2693
3597 13959 9042 2832 16749 19145 19628 7622 16616 10359
259
1760 2764
8099 1759 8056 18435 4045 12326 1731 15238 2576 7076 4742
225
1761 2840
2569 2742 12708 13165 15035 5331 18374 16989 8837
265
1668 2773
7727 3156 10294 8095 7244 11854 18336 6885
277
1624 2807
1792 10251 13664 16466 6809 19011 3509 17369
300
1768 2739
12618 10405 6623
272
1877 2629
13338 15255 8791 11009 12422 6939 2298 714
280
1938 2662
18180 1905 5169 7213 4135 2483 4205 552 18052 9960 6297 19914
268
1913 2757
7953 583 18247 18977 8292 4327 11170
271
1953 2826
5328 13358 5841 2033 2964 17471 14078 3474 12483
269
2015 2767
1621 12528 7199 9170 7657 5184 17030 16700 13072
293
2070 2845
15058 18874 19790 8663 8202 11874 19174 11644 17160 1959 12531 4536 6652 692
297
2038 2880
18567 10131 16229 434
49
2024 2733
15261 13662
263
1699 2898
4397 18235 5001 9958 2218
301
1798 3060
15760 17416 14967 14856 11925 8854 18846 13672 2704 5852 14414 9780 10168
291
1694 3013
15207 8109 2594 15672 14094 125 11788 3058 17304
275
1631 2929
2194 11542 17823 17772 5700 10641 3479 1319 4711 3172
243
1582 2971
15977 15698 4201 4617 10951 3070 5684
275
1553 3109
11206 1894 11951 14751 711 13125 5152 660 13528 4909
295
1474 3179
289 14884 18136 13399 1606 6775 13132 3390 11070 4903
293
1515 3272
12753 1029 12908 7013 12976 14281 18526 16515 18785 18131 9322 12822
278
1499 3369
6943 6876 7158 15257 6065 3079 8658 3441 11265 16054
295
1587 3407
19368 16542 12149 19064 16332 10205 1327 16296 10645 6510 11215 3717
280
1657 3461
8413 9732 4978 6495 2411 8163 18639 18801 16008 17997 19754 11689 5254 7283
302
1628 3425
10545 18259 17849 17663 3295 13704 8150 17479 5978 15271
239
1613 3507
7746 18514 7711 14353 7113 13364 15558 19326
184
1560 3499
12798 14517 16095 5235 5810
242
1497 3362
9824 7169 17819 1484 14996
268
1568 3234
16699 17476 9144 10569 5275
263
1626 3097
4559 15685 14242 3707 1075 4391 19025
212
1586 3187
2203 6863 8206 5952 7230 12311 10287
55
1645 3135
17584 11643 8939 19697
287
1543 3043
17727 11595 9851 7326 6100 18213
281
1534 2915
8233 1283 11993 18066 13359 18228 11890 6884 358 10653 4946
291
1401 2872
12971 11417 18103 6789 17473 13403 18957 5173 12474 12725 9650 5487 5986 825
281
1384 2749
4177 7506 12111 43 4466 2556 6572 9627 816 2370
299
1339 2609
3579 4046 19433 17290 14599 8501 382 6373 14834 5989 904
259
1407 2532
1747 17328 13701 11512 7703 12956 6499 11153 1136 13931
290
1471 2537
7581 10341 10817 18825 11443
226
1385 2439
1232 19432 4091 15276 412 1411 1354
297
1356 2572
16383 11192 16599 16134 12782 18685 3147 10070 15518 8909 10380
264
1235 2531
10060 13925 1322 2735 8498 7045 12427 5552 3099 12367 17038 18971 10795
296
1241 2585
14960 14264 13327 13832 10556 16321 7408 7197
265
1278 2662
19418 8111 3992 16084 1817 14754 15231 10170 14221
276
1407 2773
5839 9065 11103 12695 9495 16026 4087 567 10500
225
1419 2859
2426 10509 2616 9360 13749 16554 13308 922 3725 12792
282
1414 2910
6728 6650 907 17025 3786 7286 17989 273 2044 3894 16937
271
1485 2873
483 566 6508 4107 7509 8399 1770
212
1534 2971
18205 3333 16086 11379 15450 8144 4051 13725 18941 7335 18307 9773
292
1497 3035
16121 2359 10856 15699 312 17251 6177 17594 8913 18523 247 915
288
1393 3028
13699 17156 2635 17521 18673 4192 2884 16309 16468 5696 3591 14513 18667
302
1246 3051
12118 14269 15498 5471 9545 2776 3171 256 13233 11256 7011 13827 4773
278
1200 3014
9416 1564 2282 15157 18912 19482 3249 4354 610
277
1255 2955
11831 8001 13948 19198 13791 12099 15348 18481 12264 13046 6138 17190
298
1211 3108
7855 8599 437 6143 766 14295 12904 8371 15025 5871 16638 6421 8890 10908 11979
280
1119 3084
12244 6665 2103 10882 2313 19461 11447 11637 5814 8547 5362 4902 6817 6466
276
1082 2959
6090 8966 5662 19237 12355 1611 12175 637
288
1151 2889
5059 13874 8620 13656 18458 17894 19977 4225 15284 3122
271
1291 2863
4718 11835 14851 18402 8298 17237 4557 7601
285
1259 2803
5011 11994 16428 7 4459 5465 7597
295
1323 2764
14216 431 11497
281
1136 2870
9842 11661 15514 19485 6406 7784 19284 12467 16362 15267
213
1041 2798
10552 9879 16019 1571
213
1096 2884
276 19527 5029 6587 9440
297
1064 2934
14049 546 12178 15601 13053 5693
248
1110 3015
19331 14133 7573 671 13078 17347 948
263
1044 3041
17282 19780 12881 3308 8402 304 2334 11810
294
1081 3063
17128 9698 8478 14739 3284 18548 3523 17588 8553
190
1158 3093
12720 5760 7507 11822
234
1395 3045
6436 15716 16076 16906 407
156
1647 2918
6502 9304 14292 12148 17434 11531
286
1642 3027
7180 2760 5561 14882 4501 19770 12049
269
1779 3097
550 11187 13754 5968
258
1726 3228
10868 4747 9194 19502 1138 4596 14565 19123 6627 9279 814 14219 10663
274
1711 3153
17424 12077 16381 8285 19828
277
1660 3295
415 19581 7046 5733 19771 8465 13562 91 10141
299
1713 3263
3716 9488 19046 10323
297
1847 3187
16035 4520 3778 3986 10774 13814 600 7915 19355 5416 19759 16022 9141
212
1890 3121
17004 1040 10973 14567 4146 4138 18469 17711
71
1846 3231
3413 8327
159
1994 3145
6580 12889 18441 4684 5264 2269 8172 12980 7560 14943
231
2132 3373
9237 19245
235
2175 3634
11104 7064
297
2258 3884
55 554 12676 15879 12763 6365 19575 9808 10700 112 7477
291
2201 3932
16632 18082 13802 19806 11653 1526 15797 6400 12689 6917 5829 15969
205
2134 3941
13181 16996 4069 6642 16055 14737
250
2190 3815
11471 6282 10046 11789 13793 218 15134
2
2084 3824
6374
