MOEGLICH
675

657
S [12 1] [286 2] [669 3] [13 4] [936 5] [937 6] [434 7] [1234 8] [1189 9] [1516 10] [221 11] [1318 12] [36 13] [1660 14] [938 15] [1182 16] [1487 17] [410 18] [92 19] [946 20] [734 21] [1835 22] [723 23] [1530 24] [1827 25] [1155 26] [206 27] [149 28] [1083 29] [569 30] [163 31] [1836 32] [4 33] [1834 34] [225 35] [1724 36] [1184 37] [786 38] [389 39] [1500 40] [1258 41] [1246 42] [1496 43] [1812 44] [310 45] [277 46] [1805 47] [1405 48] [1850 49] [165 50] [1248 51] [1332 52] [510 53] [1216 54] [153 55] [662 56] [369 57] [1344 58] [425 59] [1462 60] [133 61] [1755 62] [644 63] [53 64] [1159 65] [1655 66] [1217 67] [352 68] [213 69] [169 70] [1177 71] [1680 72] [18 73] [339 74] [75 75] [297 76] [243 77] [1758 78] [1009 79] [156 80] [1149 81] [877 82] [30 83] [428 84] [301 85] [341 86] [757 87] [1010 88] [246 89] [997 90] [1440 91] [1779 92] [541 93] [1164 94] [1030 95] [1348 96] [1787 97] [216 98] [542 99] [57 100] T
666
12 21 431 55 [48 1] [49 2] 272 219 [669 3] 219 277 126 286 [13 4] 729 937 [936 5] [937 6] [434 7] 937 936 939 882 [1234 8] 882 [1189 9] 1125 [1516 10] 1517 734 623 1577 413 [221 11] 413 [1318 12] 413 976 [36 13] 1496 1791 257 707 [767 14] [707 15] 257 1791 1397 487 [1366 16] [1487 17] 542 1182 [410 18] 200 1217 807 1227 [92 19] 1227 [946 20] [734 21] 946 1227 1582 [1835 22] 1836 [723 23] 1840 1732 [1530 24] 1634 1486 [1827 25] 1486 508 [1155 26] 508 505 510 [206 27] 39 419 [149 28] 143 153 569 [1083 29] [569 30] 1083 1538 [163 31] 1787 1840 723 [1836 32] 1835 1582 1227 1486 [4 33] 1486 1227 1469 [1834 34] 271 [225 35] 737 [1724 36] 838 836 841 1341 [1184 37] 811 810 389 417 [786 38] 417 [389 39] 417 782 [1500 40] [1258 41] 1016 1173 133 303 306 [1246 42] 306 1039 [1496 43] 1039 [1812 44] 378 [310 45] 971 832 1815 [277 46] 1815 832 1560 [1805 47] 1679 1027 [1405 48] 820 1899 629 [1850 49] 629 1899 [165 50] 1899 820 510 [1248 51] 510 820 1899 1100 828 [1332 52] 828 1100 1899 820 [510 53] 820 1899 1100 1212 [1216 54] 1212 1217 200 419 149 143 [153 55] 143 149 419 200 1217 807 1227 [662 56] 1022 1344 [369 57] [1344 58] 538 290 416 [425 59] 1239 1173 1016 [1462 60] 1016 1173 [133 61] 1173 1239 224 [1755 62] 224 1239 1173 [644 63] 1173 1158 837 213 913 [53 64] 247 [1159 65] 1566 206 789 1217 807 [1655 66] 807 [1217 67] 200 419 330 1261 [352 68] 1261 1563 418 687 869 [213 69] 869 687 418 [169 70] 177 1164 [1177 71] 1164 177 18 [1680 72] [18 73] 1005 199 705 [339 74] 705 601 [75 75] 642 [297 76] 286 126 277 1815 832 10 [243 77] 10 1452 305 231 [1758 78] [1009 79] 359 1004 52 [156 80] 52 1004 40 [1149 81] 40 1004 52 940 873 871 [877 82] 288 223 962 [30 83] 496 1433 119 [428 84] 119 [301 85] 984 536 1446 1249 127 [341 86] 127 [757 87] 127 1249 1446 536 984 301 [1010 88] 244 170 [246 89] 170 935 [997 90] [1440 91] 10 21 [1779 92] 986 [541 93] 177 [1164 94] 1177 [1030 95] 1058 1049 1051 815 1702 [1348 96] 1702 815 [1787 97] 163 1086 [216 98] 1086 93 1182 [542 99] 1487 1366 487 1397 1791 [57 100] 557 281 76 T
667
286 126 277 219 272 [49 2] 272 219 [669 3] 219 277 126 286 [13 4] 729 937 [936 5] [937 6] [434 7] 937 936 939 882 [1234 8] 882 [1189 9] 1125 [1516 10] 1517 734 623 1577 413 [221 11] 413 [1318 12] 413 976 [36 13] 1496 1791 257 707 [767 14] [707 15] 257 1791 1397 487 [1366 16] [1487 17] 542 1182 [410 18] 200 1217 807 1227 [92 19] 1227 [946 20] [734 21] 946 1227 1582 [1835 22] 1836 [723 23] 1840 1732 [1530 24] 1634 1486 [1827 25] 1486 508 [1155 26] 508 505 510 [206 27] 39 419 [149 28] 143 153 569 [1083 29] [569 30] 1083 1538 [163 31] 1787 1840 723 [1836 32] 1835 1582 1227 1486 [4 33] 1486 1227 1469 [1834 34] 271 [225 35] 737 [1724 36] 838 836 841 1341 [1184 37] 811 810 389 417 [786 38] 417 [389 39] 417 782 [1500 40] [1258 41] 1016 1173 133 303 306 [1246 42] 306 1039 [1496 43] 1039 [1812 44] 378 [310 45] 971 832 1815 [277 46] 1815 832 1560 [1805 47] 1679 1027 [1405 48] 820 1899 629 [1850 49] 629 1899 [165 50] 1899 820 510 [1248 51] 510 820 1899 1100 828 [1332 52] 828 1100 1899 820 [510 53] 820 1899 1100 1212 [1216 54] 1212 1217 200 419 149 143 [153 55] 143 149 419 200 1217 807 1227 [662 56] 1022 1344 [369 57] [1344 58] 538 290 416 [425 59] 1239 1173 1016 [1462 60] 1016 1173 [133 61] 1173 1239 224 [1755 62] 224 1239 1173 [644 63] 1173 1158 837 213 913 [53 64] 247 [1159 65] 1566 206 789 1217 807 [1655 66] 807 [1217 67] 200 419 330 1261 [352 68] 1261 1563 418 687 869 [213 69] 869 687 418 [169 70] 177 1164 [1177 71] 1164 177 18 [1680 72] [18 73] 1005 199 705 [339 74] 705 601 [75 75] 642 [297 76] 286 126 277 1815 832 10 [243 77] 10 1452 305 231 [1758 78] [1009 79] 359 1004 52 [156 80] 52 1004 40 [1149 81] 40 1004 52 940 873 871 [877 82] 288 223 962 [30 83] 496 1433 119 [428 84] 119 [301 85] 984 536 1446 1249 127 [341 86] 127 [757 87] 127 1249 1446 536 984 301 [1010 88] 244 170 [246 89] 170 935 [997 90] [1440 91] 10 21 [1779 92] 986 [541 93] 177 [1164 94] 1177 [1030 95] 1058 1049 1051 815 1702 [1348 96] 1702 815 [1787 97] 163 1086 [216 98] 1086 93 1182 [542 99] 1487 1366 487 1397 1791 [57 100] 557 281 76 T
668
669 219 272 529 [543 3] 549 [13 4] 729 937 [936 5] [937 6] [434 7] 937 936 939 882 [1234 8] 882 [1189 9] 1125 [1516 10] 1517 734 623 1577 413 [221 11] 413 [1318 12] 413 976 [36 13] 1496 1791 257 707 [767 14] [707 15] 257 1791 1397 487 [1366 16] [1487 17] 542 1182 [410 18] 200 1217 807 1227 [92 19] 1227 [946 20] [734 21] 946 1227 1582 [1835 22] 1836 [723 23] 1840 1732 [1530 24] 1634 1486 [1827 25] 1486 508 [1155 26] 508 505 510 [206 27] 39 419 [149 28] 143 153 569 [1083 29] [569 30] 1083 1538 [163 31] 1787 1840 723 [1836 32] 1835 1582 1227 1486 [4 33] 1486 1227 1469 [1834 34] 271 [225 35] 737 [1724 36] 838 836 841 1341 [1184 37] 811 810 389 417 [786 38] 417 [389 39] 417 782 [1500 40] [1258 41] 1016 1173 133 303 306 [1246 42] 306 1039 [1496 43] 1039 [1812 44] 378 [310 45] 971 832 1815 [277 46] 1815 832 1560 [1805 47] 1679 1027 [1405 48] 820 1899 629 [1850 49] 629 1899 [165 50] 1899 820 510 [1248 51] 510 820 1899 1100 828 [1332 52] 828 1100 1899 820 [510 53] 820 1899 1100 1212 [1216 54] 1212 1217 200 419 149 143 [153 55] 143 149 419 200 1217 807 1227 [662 56] 1022 1344 [369 57] [1344 58] 538 290 416 [425 59] 1239 1173 1016 [1462 60] 1016 1173 [133 61] 1173 1239 224 [1755 62] 224 1239 1173 [644 63] 1173 1158 837 213 913 [53 64] 247 [1159 65] 1566 206 789 1217 807 [1655 66] 807 [1217 67] 200 419 330 1261 [352 68] 1261 1563 418 687 869 [213 69] 869 687 418 [169 70] 177 1164 [1177 71] 1164 177 18 [1680 72] [18 73] 1005 199 705 [339 74] 705 601 [75 75] 642 [297 76] 286 126 277 1815 832 10 [243 77] 10 1452 305 231 [1758 78] [1009 79] 359 1004 52 [156 80] 52 1004 40 [1149 81] 40 1004 52 940 873 871 [877 82] 288 223 962 [30 83] 496 1433 119 [428 84] 119 [301 85] 984 536 1446 1249 127 [341 86] 127 [757 87] 127 1249 1446 536 984 301 [1010 88] 244 170 [246 89] 170 935 [997 90] [1440 91] 10 21 [1779 92] 986 [541 93] 177 [1164 94] 1177 [1030 95] 1058 1049 1051 815 1702 [1348 96] 1702 815 [1787 97] 163 1086 [216 98] 1086 93 1182 [542 99] 1487 1366 487 1397 1791 [57 100] 557 281 76 T
667
13 286 126 277 1815 832 [822 4] 832 1815 277 [936 5] [937 6] [434 7] 937 936 939 882 [1234 8] 882 [1189 9] 1125 [1516 10] 1517 734 623 1577 413 [221 11] 413 [1318 12] 413 976 [36 13] 1496 1791 257 707 [767 14] [707 15] 257 1791 1397 487 [1366 16] [1487 17] 542 1182 [410 18] 200 1217 807 1227 [92 19] 1227 [946 20] [734 21] 946 1227 1582 [1835 22] 1836 [723 23] 1840 1732 [1530 24] 1634 1486 [1827 25] 1486 508 [1155 26] 508 505 510 [206 27] 39 419 [149 28] 143 153 569 [1083 29] [569 30] 1083 1538 [163 31] 1787 1840 723 [1836 32] 1835 1582 1227 1486 [4 33] 1486 1227 1469 [1834 34] 271 [225 35] 737 [1724 36] 838 836 841 1341 [1184 37] 811 810 389 417 [786 38] 417 [389 39] 417 782 [1500 40] [1258 41] 1016 1173 133 303 306 [1246 42] 306 1039 [1496 43] 1039 [1812 44] 378 [310 45] 971 832 1815 [277 46] 1815 832 1560 [1805 47] 1679 1027 [1405 48] 820 1899 629 [1850 49] 629 1899 [165 50] 1899 820 510 [1248 51] 510 820 1899 1100 828 [1332 52] 828 1100 1899 820 [510 53] 820 1899 1100 1212 [1216 54] 1212 1217 200 419 149 143 [153 55] 143 149 419 200 1217 807 1227 [662 56] 1022 1344 [369 57] [1344 58] 538 290 416 [425 59] 1239 1173 1016 [1462 60] 1016 1173 [133 61] 1173 1239 224 [1755 62] 224 1239 1173 [644 63] 1173 1158 837 213 913 [53 64] 247 [1159 65] 1566 206 789 1217 807 [1655 66] 807 [1217 67] 200 419 330 1261 [352 68] 1261 1563 418 687 869 [213 69] 869 687 418 [169 70] 177 1164 [1177 71] 1164 177 18 [1680 72] [18 73] 1005 199 705 [339 74] 705 601 [75 75] 642 [297 76] 286 126 277 1815 832 10 [243 77] 10 1452 305 231 [1758 78] [1009 79] 359 1004 52 [156 80] 52 1004 40 [1149 81] 40 1004 52 940 873 871 [877 82] 288 223 962 [30 83] 496 1433 119 [428 84] 119 [301 85] 984 536 1446 1249 127 [341 86] 127 [757 87] 127 1249 1446 536 984 301 [1010 88] 244 170 [246 89] 170 935 [997 90] [1440 91] 10 21 [1779 92] 986 [541 93] 177 [1164 94] 1177 [1030 95] 1058 1049 1051 815 1702 [1348 96] 1702 815 [1787 97] 163 1086 [216 98] 1086 93 1182 [542 99] 1487 1366 487 1397 1791 [57 100] 557 281 76 T
669
936 937 [1049 5] [937 6] [434 7] 937 936 939 882 [1234 8] 882 [1189 9] 1125 [1516 10] 1517 734 623 1577 413 [221 11] 413 [1318 12] 413 976 [36 13] 1496 1791 257 707 [767 14] [707 15] 257 1791 1397 487 [1366 16] [1487 17] 542 1182 [410 18] 200 1217 807 1227 [92 19] 1227 [946 20] [734 21] 946 1227 1582 [1835 22] 1836 [723 23] 1840 1732 [1530 24] 1634 1486 [1827 25] 1486 508 [1155 26] 508 505 510 [206 27] 39 419 [149 28] 143 153 569 [1083 29] [569 30] 1083 1538 [163 31] 1787 1840 723 [1836 32] 1835 1582 1227 1486 [4 33] 1486 1227 1469 [1834 34] 271 [225 35] 737 [1724 36] 838 836 841 1341 [1184 37] 811 810 389 417 [786 38] 417 [389 39] 417 782 [1500 40] [1258 41] 1016 1173 133 303 306 [1246 42] 306 1039 [1496 43] 1039 [1812 44] 378 [310 45] 971 832 1815 [277 46] 1815 832 1560 [1805 47] 1679 1027 [1405 48] 820 1899 629 [1850 49] 629 1899 [165 50] 1899 820 510 [1248 51] 510 820 1899 1100 828 [1332 52] 828 1100 1899 820 [510 53] 820 1899 1100 1212 [1216 54] 1212 1217 200 419 149 143 [153 55] 143 149 419 200 1217 807 1227 [662 56] 1022 1344 [369 57] [1344 58] 538 290 416 [425 59] 1239 1173 1016 [1462 60] 1016 1173 [133 61] 1173 1239 224 [1755 62] 224 1239 1173 [644 63] 1173 1158 837 213 913 [53 64] 247 [1159 65] 1566 206 789 1217 807 [1655 66] 807 [1217 67] 200 419 330 1261 [352 68] 1261 1563 418 687 869 [213 69] 869 687 418 [169 70] 177 1164 [1177 71] 1164 177 18 [1680 72] [18 73] 1005 199 705 [339 74] 705 601 [75 75] 642 [297 76] 286 126 277 1815 832 10 [243 77] 10 1452 305 231 [1758 78] [1009 79] 359 1004 52 [156 80] 52 1004 40 [1149 81] 40 1004 52 940 873 871 [877 82] 288 223 962 [30 83] 496 1433 119 [428 84] 119 [301 85] 984 536 1446 1249 127 [341 86] 127 [757 87] 127 1249 1446 536 984 301 [1010 88] 244 170 [246 89] 170 935 [997 90] [1440 91] 10 21 [1779 92] 986 [541 93] 177 [1164 94] 1177 [1030 95] 1058 1049 1051 815 1702 [1348 96] 1702 815 [1787 97] 163 1086 [216 98] 1086 93 1182 [542 99] 1487 1366 487 1397 1791 [57 100] 557 281 76 T
666
937 943 279 429 [79 6] 429 279 943 913 213 [837 7] 1151 [733 8] 1032 976 36 [219 9] 36 1496 [1494 10] 1496 36 976 413 [221 11] 413 [1318 12] 413 976 [36 13] 1496 1791 257 707 [767 14] [707 15] 257 1791 1397 487 [1366 16] [1487 17] 542 1182 [410 18] 200 1217 807 1227 [92 19] 1227 [946 20] [734 21] 946 1227 1582 [1835 22] 1836 [723 23] 1840 1732 [1530 24] 1634 1486 [1827 25] 1486 508 [1155 26] 508 505 510 [206 27] 39 419 [149 28] 143 153 569 [1083 29] [569 30] 1083 1538 [163 31] 1787 1840 723 [1836 32] 1835 1582 1227 1486 [4 33] 1486 1227 1469 [1834 34] 271 [225 35] 737 [1724 36] 838 836 841 1341 [1184 37] 811 810 389 417 [786 38] 417 [389 39] 417 782 [1500 40] [1258 41] 1016 1173 133 303 306 [1246 42] 306 1039 [1496 43] 1039 [1812 44] 378 [310 45] 971 832 1815 [277 46] 1815 832 1560 [1805 47] 1679 1027 [1405 48] 820 1899 629 [1850 49] 629 1899 [165 50] 1899 820 510 [1248 51] 510 820 1899 1100 828 [1332 52] 828 1100 1899 820 [510 53] 820 1899 1100 1212 [1216 54] 1212 1217 200 419 149 143 [153 55] 143 149 419 200 1217 807 1227 [662 56] 1022 1344 [369 57] [1344 58] 538 290 416 [425 59] 1239 1173 1016 [1462 60] 1016 1173 [133 61] 1173 1239 224 [1755 62] 224 1239 1173 [644 63] 1173 1158 837 213 913 [53 64] 247 [1159 65] 1566 206 789 1217 807 [1655 66] 807 [1217 67] 200 419 330 1261 [352 68] 1261 1563 418 687 869 [213 69] 869 687 418 [169 70] 177 1164 [1177 71] 1164 177 18 [1680 72] [18 73] 1005 199 705 [339 74] 705 601 [75 75] 642 [297 76] 286 126 277 1815 832 10 [243 77] 10 1452 305 231 [1758 78] [1009 79] 359 1004 52 [156 80] 52 1004 40 [1149 81] 40 1004 52 940 873 871 [877 82] 288 223 962 [30 83] 496 1433 119 [428 84] 119 [301 85] 984 536 1446 1249 127 [341 86] 127 [757 87] 127 1249 1446 536 984 301 [1010 88] 244 170 [246 89] 170 935 [997 90] [1440 91] 10 21 [1779 92] 986 [541 93] 177 [1164 94] 1177 [1030 95] 1058 1049 1051 815 1702 [1348 96] 1702 815 [1787 97] 163 1086 [216 98] 1086 93 1182 [542 99] 1487 1366 487 1397 1791 [57 100] 557 281 76 T
662
434 937 943 913 213 [837 7] 1151 [733 8] 1032 976 36 [219 9] 36 1496 [1494 10] 1496 36 976 413 [221 11] 413 [1318 12] 413 976 [36 13] 1496 1791 257 707 [767 14] [707 15] 257 1791 1397 487 [1366 16] [1487 17] 542 1182 [410 18] 200 1217 807 1227 [92 19] 1227 [946 20] [734 21] 946 1227 1582 [1835 22] 1836 [723 23] 1840 1732 [1530 24] 1634 1486 [1827 25] 1486 508 [1155 26] 508 505 510 [206 27] 39 419 [149 28] 143 153 569 [1083 29] [569 30] 1083 1538 [163 31] 1787 1840 723 [1836 32] 1835 1582 1227 1486 [4 33] 1486 1227 1469 [1834 34] 271 [225 35] 737 [1724 36] 838 836 841 1341 [1184 37] 811 810 389 417 [786 38] 417 [389 39] 417 782 [1500 40] [1258 41] 1016 1173 133 303 306 [1246 42] 306 1039 [1496 43] 1039 [1812 44] 378 [310 45] 971 832 1815 [277 46] 1815 832 1560 [1805 47] 1679 1027 [1405 48] 820 1899 629 [1850 49] 629 1899 [165 50] 1899 820 510 [1248 51] 510 820 1899 1100 828 [1332 52] 828 1100 1899 820 [510 53] 820 1899 1100 1212 [1216 54] 1212 1217 200 419 149 143 [153 55] 143 149 419 200 1217 807 1227 [662 56] 1022 1344 [369 57] [1344 58] 538 290 416 [425 59] 1239 1173 1016 [1462 60] 1016 1173 [133 61] 1173 1239 224 [1755 62] 224 1239 1173 [644 63] 1173 1158 837 213 913 [53 64] 247 [1159 65] 1566 206 789 1217 807 [1655 66] 807 [1217 67] 200 419 330 1261 [352 68] 1261 1563 418 687 869 [213 69] 869 687 418 [169 70] 177 1164 [1177 71] 1164 177 18 [1680 72] [18 73] 1005 199 705 [339 74] 705 601 [75 75] 642 [297 76] 286 126 277 1815 832 10 [243 77] 10 1452 305 231 [1758 78] [1009 79] 359 1004 52 [156 80] 52 1004 40 [1149 81] 40 1004 52 940 873 871 [877 82] 288 223 962 [30 83] 496 1433 119 [428 84] 119 [301 85] 984 536 1446 1249 127 [341 86] 127 [757 87] 127 1249 1446 536 984 301 [1010 88] 244 170 [246 89] 170 935 [997 90] [1440 91] 10 21 [1779 92] 986 [541 93] 177 [1164 94] 1177 [1030 95] 1058 1049 1051 815 1702 [1348 96] 1702 815 [1787 97] 163 1086 [216 98] 1086 93 1182 [542 99] 1487 1366 487 1397 1791 [57 100] 557 281 76 T
668
1234 1240 1057 945 [951 8] 950 529 272 [1189 9] 1125 [1516 10] 1517 734 623 1577 413 [221 11] 413 [1318 12] 413 976 [36 13] 1496 1791 257 707 [767 14] [707 15] 257 1791 1397 487 [1366 16] [1487 17] 542 1182 [410 18] 200 1217 807 1227 [92 19] 1227 [946 20] [734 21] 946 1227 1582 [1835 22] 1836 [723 23] 1840 1732 [1530 24] 1634 1486 [1827 25] 1486 508 [1155 26] 508 505 510 [206 27] 39 419 [149 28] 143 153 569 [1083 29] [569 30] 1083 1538 [163 31] 1787 1840 723 [1836 32] 1835 1582 1227 1486 [4 33] 1486 1227 1469 [1834 34] 271 [225 35] 737 [1724 36] 838 836 841 1341 [1184 37] 811 810 389 417 [786 38] 417 [389 39] 417 782 [1500 40] [1258 41] 1016 1173 133 303 306 [1246 42] 306 1039 [1496 43] 1039 [1812 44] 378 [310 45] 971 832 1815 [277 46] 1815 832 1560 [1805 47] 1679 1027 [1405 48] 820 1899 629 [1850 49] 629 1899 [165 50] 1899 820 510 [1248 51] 510 820 1899 1100 828 [1332 52] 828 1100 1899 820 [510 53] 820 1899 1100 1212 [1216 54] 1212 1217 200 419 149 143 [153 55] 143 149 419 200 1217 807 1227 [662 56] 1022 1344 [369 57] [1344 58] 538 290 416 [425 59] 1239 1173 1016 [1462 60] 1016 1173 [133 61] 1173 1239 224 [1755 62] 224 1239 1173 [644 63] 1173 1158 837 213 913 [53 64] 247 [1159 65] 1566 206 789 1217 807 [1655 66] 807 [1217 67] 200 419 330 1261 [352 68] 1261 1563 418 687 869 [213 69] 869 687 418 [169 70] 177 1164 [1177 71] 1164 177 18 [1680 72] [18 73] 1005 199 705 [339 74] 705 601 [75 75] 642 [297 76] 286 126 277 1815 832 10 [243 77] 10 1452 305 231 [1758 78] [1009 79] 359 1004 52 [156 80] 52 1004 40 [1149 81] 40 1004 52 940 873 871 [877 82] 288 223 962 [30 83] 496 1433 119 [428 84] 119 [301 85] 984 536 1446 1249 127 [341 86] 127 [757 87] 127 1249 1446 536 984 301 [1010 88] 244 170 [246 89] 170 935 [997 90] [1440 91] 10 21 [1779 92] 986 [541 93] 177 [1164 94] 1177 [1030 95] 1058 1049 1051 815 1702 [1348 96] 1702 815 [1787 97] 163 1086 [216 98] 1086 93 1182 [542 99] 1487 1366 487 1397 1791 [57 100] 557 281 76 T
662
1189 272 [219 9] 36 1496 [1494 10] 1496 36 976 413 [221 11] 413 [1318 12] 413 976 [36 13] 1496 1791 257 707 [767 14] [707 15] 257 1791 1397 487 [1366 16] [1487 17] 542 1182 [410 18] 200 1217 807 1227 [92 19] 1227 [946 20] [734 21] 946 1227 1582 [1835 22] 1836 [723 23] 1840 1732 [1530 24] 1634 1486 [1827 25] 1486 508 [1155 26] 508 505 510 [206 27] 39 419 [149 28] 143 153 569 [1083 29] [569 30] 1083 1538 [163 31] 1787 1840 723 [1836 32] 1835 1582 1227 1486 [4 33] 1486 1227 1469 [1834 34] 271 [225 35] 737 [1724 36] 838 836 841 1341 [1184 37] 811 810 389 417 [786 38] 417 [389 39] 417 782 [1500 40] [1258 41] 1016 1173 133 303 306 [1246 42] 306 1039 [1496 43] 1039 [1812 44] 378 [310 45] 971 832 1815 [277 46] 1815 832 1560 [1805 47] 1679 1027 [1405 48] 820 1899 629 [1850 49] 629 1899 [165 50] 1899 820 510 [1248 51] 510 820 1899 1100 828 [1332 52] 828 1100 1899 820 [510 53] 820 1899 1100 1212 [1216 54] 1212 1217 200 419 149 143 [153 55] 143 149 419 200 1217 807 1227 [662 56] 1022 1344 [369 57] [1344 58] 538 290 416 [425 59] 1239 1173 1016 [1462 60] 1016 1173 [133 61] 1173 1239 224 [1755 62] 224 1239 1173 [644 63] 1173 1158 837 213 913 [53 64] 247 [1159 65] 1566 206 789 1217 807 [1655 66] 807 [1217 67] 200 419 330 1261 [352 68] 1261 1563 418 687 869 [213 69] 869 687 418 [169 70] 177 1164 [1177 71] 1164 177 18 [1680 72] [18 73] 1005 199 705 [339 74] 705 601 [75 75] 642 [297 76] 286 126 277 1815 832 10 [243 77] 10 1452 305 231 [1758 78] [1009 79] 359 1004 52 [156 80] 52 1004 40 [1149 81] 40 1004 52 940 873 871 [877 82] 288 223 962 [30 83] 496 1433 119 [428 84] 119 [301 85] 984 536 1446 1249 127 [341 86] 127 [757 87] 127 1249 1446 536 984 301 [1010 88] 244 170 [246 89] 170 935 [997 90] [1440 91] 10 21 [1779 92] 986 [541 93] 177 [1164 94] 1177 [1030 95] 1058 1049 1051 815 1702 [1348 96] 1702 815 [1787 97] 163 1086 [216 98] 1086 93 1182 [542 99] 1487 1366 487 1397 1791 [57 100] 557 281 76 T
667
1516 1517 734 [1471 10] 831 822 832 1560 [221 11] 413 [1318 12] 413 976 [36 13] 1496 1791 257 707 [767 14] [707 15] 257 1791 1397 487 [1366 16] [1487 17] 542 1182 [410 18] 200 1217 807 1227 [92 19] 1227 [946 20] [734 21] 946 1227 1582 [1835 22] 1836 [723 23] 1840 1732 [1530 24] 1634 1486 [1827 25] 1486 508 [1155 26] 508 505 510 [206 27] 39 419 [149 28] 143 153 569 [1083 29] [569 30] 1083 1538 [163 31] 1787 1840 723 [1836 32] 1835 1582 1227 1486 [4 33] 1486 1227 1469 [1834 34] 271 [225 35] 737 [1724 36] 838 836 841 1341 [1184 37] 811 810 389 417 [786 38] 417 [389 39] 417 782 [1500 40] [1258 41] 1016 1173 133 303 306 [1246 42] 306 1039 [1496 43] 1039 [1812 44] 378 [310 45] 971 832 1815 [277 46] 1815 832 1560 [1805 47] 1679 1027 [1405 48] 820 1899 629 [1850 49] 629 1899 [165 50] 1899 820 510 [1248 51] 510 820 1899 1100 828 [1332 52] 828 1100 1899 820 [510 53] 820 1899 1100 1212 [1216 54] 1212 1217 200 419 149 143 [153 55] 143 149 419 200 1217 807 1227 [662 56] 1022 1344 [369 57] [1344 58] 538 290 416 [425 59] 1239 1173 1016 [1462 60] 1016 1173 [133 61] 1173 1239 224 [1755 62] 224 1239 1173 [644 63] 1173 1158 837 213 913 [53 64] 247 [1159 65] 1566 206 789 1217 807 [1655 66] 807 [1217 67] 200 419 330 1261 [352 68] 1261 1563 418 687 869 [213 69] 869 687 418 [169 70] 177 1164 [1177 71] 1164 177 18 [1680 72] [18 73] 1005 199 705 [339 74] 705 601 [75 75] 642 [297 76] 286 126 277 1815 832 10 [243 77] 10 1452 305 231 [1758 78] [1009 79] 359 1004 52 [156 80] 52 1004 40 [1149 81] 40 1004 52 940 873 871 [877 82] 288 223 962 [30 83] 496 1433 119 [428 84] 119 [301 85] 984 536 1446 1249 127 [341 86] 127 [757 87] 127 1249 1446 536 984 301 [1010 88] 244 170 [246 89] 170 935 [997 90] [1440 91] 10 21 [1779 92] 986 [541 93] 177 [1164 94] 1177 [1030 95] 1058 1049 1051 815 1702 [1348 96] 1702 815 [1787 97] 163 1086 [216 98] 1086 93 1182 [542 99] 1487 1366 487 1397 1791 [57 100] 557 281 76 T
663
221 413 1577 [1576 11] 1577 413 [1318 12] 413 976 [36 13] 1496 1791 257 707 [767 14] [707 15] 257 1791 1397 487 [1366 16] [1487 17] 542 1182 [410 18] 200 1217 807 1227 [92 19] 1227 [946 20] [734 21] 946 1227 1582 [1835 22] 1836 [723 23] 1840 1732 [1530 24] 1634 1486 [1827 25] 1486 508 [1155 26] 508 505 510 [206 27] 39 419 [149 28] 143 153 569 [1083 29] [569 30] 1083 1538 [163 31] 1787 1840 723 [1836 32] 1835 1582 1227 1486 [4 33] 1486 1227 1469 [1834 34] 271 [225 35] 737 [1724 36] 838 836 841 1341 [1184 37] 811 810 389 417 [786 38] 417 [389 39] 417 782 [1500 40] [1258 41] 1016 1173 133 303 306 [1246 42] 306 1039 [1496 43] 1039 [1812 44] 378 [310 45] 971 832 1815 [277 46] 1815 832 1560 [1805 47] 1679 1027 [1405 48] 820 1899 629 [1850 49] 629 1899 [165 50] 1899 820 510 [1248 51] 510 820 1899 1100 828 [1332 52] 828 1100 1899 820 [510 53] 820 1899 1100 1212 [1216 54] 1212 1217 200 419 149 143 [153 55] 143 149 419 200 1217 807 1227 [662 56] 1022 1344 [369 57] [1344 58] 538 290 416 [425 59] 1239 1173 1016 [1462 60] 1016 1173 [133 61] 1173 1239 224 [1755 62] 224 1239 1173 [644 63] 1173 1158 837 213 913 [53 64] 247 [1159 65] 1566 206 789 1217 807 [1655 66] 807 [1217 67] 200 419 330 1261 [352 68] 1261 1563 418 687 869 [213 69] 869 687 418 [169 70] 177 1164 [1177 71] 1164 177 18 [1680 72] [18 73] 1005 199 705 [339 74] 705 601 [75 75] 642 [297 76] 286 126 277 1815 832 10 [243 77] 10 1452 305 231 [1758 78] [1009 79] 359 1004 52 [156 80] 52 1004 40 [1149 81] 40 1004 52 940 873 871 [877 82] 288 223 962 [30 83] 496 1433 119 [428 84] 119 [301 85] 984 536 1446 1249 127 [341 86] 127 [757 87] 127 1249 1446 536 984 301 [1010 88] 244 170 [246 89] 170 935 [997 90] [1440 91] 10 21 [1779 92] 986 [541 93] 177 [1164 94] 1177 [1030 95] 1058 1049 1051 815 1702 [1348 96] 1702 815 [1787 97] 163 1086 [216 98] 1086 93 1182 [542 99] 1487 1366 487 1397 1791 [57 100] 557 281 76 T
670
1318 413 221 905 271 1474 [1070 12] 1474 271 928 [932 13] 928 935 [1667 14] 1168 1531 [781 15] 593 564 1745 [872 16] 180 [1052 17] 541 177 [236 18] 177 541 1052 714 [603 19] 743 945 944 [946 20] [734 21] 946 1227 1582 [1835 22] 1836 [723 23] 1840 1732 [1530 24] 1634 1486 [1827 25] 1486 508 [1155 26] 508 505 510 [206 27] 39 419 [149 28] 143 153 569 [1083 29] [569 30] 1083 1538 [163 31] 1787 1840 723 [1836 32] 1835 1582 1227 1486 [4 33] 1486 1227 1469 [1834 34] 271 [225 35] 737 [1724 36] 838 836 841 1341 [1184 37] 811 810 389 417 [786 38] 417 [389 39] 417 782 [1500 40] [1258 41] 1016 1173 133 303 306 [1246 42] 306 1039 [1496 43] 1039 [1812 44] 378 [310 45] 971 832 1815 [277 46] 1815 832 1560 [1805 47] 1679 1027 [1405 48] 820 1899 629 [1850 49] 629 1899 [165 50] 1899 820 510 [1248 51] 510 820 1899 1100 828 [1332 52] 828 1100 1899 820 [510 53] 820 1899 1100 1212 [1216 54] 1212 1217 200 419 149 143 [153 55] 143 149 419 200 1217 807 1227 [662 56] 1022 1344 [369 57] [1344 58] 538 290 416 [425 59] 1239 1173 1016 [1462 60] 1016 1173 [133 61] 1173 1239 224 [1755 62] 224 1239 1173 [644 63] 1173 1158 837 213 913 [53 64] 247 [1159 65] 1566 206 789 1217 807 [1655 66] 807 [1217 67] 200 419 330 1261 [352 68] 1261 1563 418 687 869 [213 69] 869 687 418 [169 70] 177 1164 [1177 71] 1164 177 18 [1680 72] [18 73] 1005 199 705 [339 74] 705 601 [75 75] 642 [297 76] 286 126 277 1815 832 10 [243 77] 10 1452 305 231 [1758 78] [1009 79] 359 1004 52 [156 80] 52 1004 40 [1149 81] 40 1004 52 940 873 871 [877 82] 288 223 962 [30 83] 496 1433 119 [428 84] 119 [301 85] 984 536 1446 1249 127 [341 86] 127 [757 87] 127 1249 1446 536 984 301 [1010 88] 244 170 [246 89] 170 935 [997 90] [1440 91] 10 21 [1779 92] 986 [541 93] 177 [1164 94] 1177 [1030 95] 1058 1049 1051 815 1702 [1348 96] 1702 815 [1787 97] 163 1086 [216 98] 1086 93 1182 [542 99] 1487 1366 487 1397 1791 [57 100] 557 281 76 T
667
36 1551 935 928 [932 13] 928 935 [1667 14] 1168 1531 [781 15] 593 564 1745 [872 16] 180 [1052 17] 541 177 [236 18] 177 541 1052 714 [603 19] 743 945 944 [946 20] [734 21] 946 1227 1582 [1835 22] 1836 [723 23] 1840 1732 [1530 24] 1634 1486 [1827 25] 1486 508 [1155 26] 508 505 510 [206 27] 39 419 [149 28] 143 153 569 [1083 29] [569 30] 1083 1538 [163 31] 1787 1840 723 [1836 32] 1835 1582 1227 1486 [4 33] 1486 1227 1469 [1834 34] 271 [225 35] 737 [1724 36] 838 836 841 1341 [1184 37] 811 810 389 417 [786 38] 417 [389 39] 417 782 [1500 40] [1258 41] 1016 1173 133 303 306 [1246 42] 306 1039 [1496 43] 1039 [1812 44] 378 [310 45] 971 832 1815 [277 46] 1815 832 1560 [1805 47] 1679 1027 [1405 48] 820 1899 629 [1850 49] 629 1899 [165 50] 1899 820 510 [1248 51] 510 820 1899 1100 828 [1332 52] 828 1100 1899 820 [510 53] 820 1899 1100 1212 [1216 54] 1212 1217 200 419 149 143 [153 55] 143 149 419 200 1217 807 1227 [662 56] 1022 1344 [369 57] [1344 58] 538 290 416 [425 59] 1239 1173 1016 [1462 60] 1016 1173 [133 61] 1173 1239 224 [1755 62] 224 1239 1173 [644 63] 1173 1158 837 213 913 [53 64] 247 [1159 65] 1566 206 789 1217 807 [1655 66] 807 [1217 67] 200 419 330 1261 [352 68] 1261 1563 418 687 869 [213 69] 869 687 418 [169 70] 177 1164 [1177 71] 1164 177 18 [1680 72] [18 73] 1005 199 705 [339 74] 705 601 [75 75] 642 [297 76] 286 126 277 1815 832 10 [243 77] 10 1452 305 231 [1758 78] [1009 79] 359 1004 52 [156 80] 52 1004 40 [1149 81] 40 1004 52 940 873 871 [877 82] 288 223 962 [30 83] 496 1433 119 [428 84] 119 [301 85] 984 536 1446 1249 127 [341 86] 127 [757 87] 127 1249 1446 536 984 301 [1010 88] 244 170 [246 89] 170 935 [997 90] [1440 91] 10 21 [1779 92] 986 [541 93] 177 [1164 94] 1177 [1030 95] 1058 1049 1051 815 1702 [1348 96] 1702 815 [1787 97] 163 1086 [216 98] 1086 93 1182 [542 99] 1487 1366 487 1397 1791 [57 100] 557 281 76 T
658
1660 [1472 14] 147 1294 [744 15] 1463 [1182 16] 542 [1487 17] 542 1182 [410 18] 200 1217 807 1227 [92 19] 1227 [946 20] [734 21] 946 1227 1582 [1835 22] 1836 [723 23] 1840 1732 [1530 24] 1634 1486 [1827 25] 1486 508 [1155 26] 508 505 510 [206 27] 39 419 [149 28] 143 153 569 [1083 29] [569 30] 1083 1538 [163 31] 1787 1840 723 [1836 32] 1835 1582 1227 1486 [4 33] 1486 1227 1469 [1834 34] 271 [225 35] 737 [1724 36] 838 836 841 1341 [1184 37] 811 810 389 417 [786 38] 417 [389 39] 417 782 [1500 40] [1258 41] 1016 1173 133 303 306 [1246 42] 306 1039 [1496 43] 1039 [1812 44] 378 [310 45] 971 832 1815 [277 46] 1815 832 1560 [1805 47] 1679 1027 [1405 48] 820 1899 629 [1850 49] 629 1899 [165 50] 1899 820 510 [1248 51] 510 820 1899 1100 828 [1332 52] 828 1100 1899 820 [510 53] 820 1899 1100 1212 [1216 54] 1212 1217 200 419 149 143 [153 55] 143 149 419 200 1217 807 1227 [662 56] 1022 1344 [369 57] [1344 58] 538 290 416 [425 59] 1239 1173 1016 [1462 60] 1016 1173 [133 61] 1173 1239 224 [1755 62] 224 1239 1173 [644 63] 1173 1158 837 213 913 [53 64] 247 [1159 65] 1566 206 789 1217 807 [1655 66] 807 [1217 67] 200 419 330 1261 [352 68] 1261 1563 418 687 869 [213 69] 869 687 418 [169 70] 177 1164 [1177 71] 1164 177 18 [1680 72] [18 73] 1005 199 705 [339 74] 705 601 [75 75] 642 [297 76] 286 126 277 1815 832 10 [243 77] 10 1452 305 231 [1758 78] [1009 79] 359 1004 52 [156 80] 52 1004 40 [1149 81] 40 1004 52 940 873 871 [877 82] 288 223 962 [30 83] 496 1433 119 [428 84] 119 [301 85] 984 536 1446 1249 127 [341 86] 127 [757 87] 127 1249 1446 536 984 301 [1010 88] 244 170 [246 89] 170 935 [997 90] [1440 91] 10 21 [1779 92] 986 [541 93] 177 [1164 94] 1177 [1030 95] 1058 1049 1051 815 1702 [1348 96] 1702 815 [1787 97] 163 1086 [216 98] 1086 93 1182 [542 99] 1487 1366 487 1397 1791 [57 100] 557 281 76 T
667
938 807 1217 200 1874 1485 [744 15] 1463 [1182 16] 542 [1487 17] 542 1182 [410 18] 200 1217 807 1227 [92 19] 1227 [946 20] [734 21] 946 1227 1582 [1835 22] 1836 [723 23] 1840 1732 [1530 24] 1634 1486 [1827 25] 1486 508 [1155 26] 508 505 510 [206 27] 39 419 [149 28] 143 153 569 [1083 29] [569 30] 1083 1538 [163 31] 1787 1840 723 [1836 32] 1835 1582 1227 1486 [4 33] 1486 1227 1469 [1834 34] 271 [225 35] 737 [1724 36] 838 836 841 1341 [1184 37] 811 810 389 417 [786 38] 417 [389 39] 417 782 [1500 40] [1258 41] 1016 1173 133 303 306 [1246 42] 306 1039 [1496 43] 1039 [1812 44] 378 [310 45] 971 832 1815 [277 46] 1815 832 1560 [1805 47] 1679 1027 [1405 48] 820 1899 629 [1850 49] 629 1899 [165 50] 1899 820 510 [1248 51] 510 820 1899 1100 828 [1332 52] 828 1100 1899 820 [510 53] 820 1899 1100 1212 [1216 54] 1212 1217 200 419 149 143 [153 55] 143 149 419 200 1217 807 1227 [662 56] 1022 1344 [369 57] [1344 58] 538 290 416 [425 59] 1239 1173 1016 [1462 60] 1016 1173 [133 61] 1173 1239 224 [1755 62] 224 1239 1173 [644 63] 1173 1158 837 213 913 [53 64] 247 [1159 65] 1566 206 789 1217 807 [1655 66] 807 [1217 67] 200 419 330 1261 [352 68] 1261 1563 418 687 869 [213 69] 869 687 418 [169 70] 177 1164 [1177 71] 1164 177 18 [1680 72] [18 73] 1005 199 705 [339 74] 705 601 [75 75] 642 [297 76] 286 126 277 1815 832 10 [243 77] 10 1452 305 231 [1758 78] [1009 79] 359 1004 52 [156 80] 52 1004 40 [1149 81] 40 1004 52 940 873 871 [877 82] 288 223 962 [30 83] 496 1433 119 [428 84] 119 [301 85] 984 536 1446 1249 127 [341 86] 127 [757 87] 127 1249 1446 536 984 301 [1010 88] 244 170 [246 89] 170 935 [997 90] [1440 91] 10 21 [1779 92] 986 [541 93] 177 [1164 94] 1177 [1030 95] 1058 1049 1051 815 1702 [1348 96] 1702 815 [1787 97] 163 1086 [216 98] 1086 93 1182 [542 99] 1487 1366 487 1397 1791 [57 100] 557 281 76 T
661
1182 542 1487 [1366 16] [1487 17] 542 1182 [410 18] 200 1217 807 1227 [92 19] 1227 [946 20] [734 21] 946 1227 1582 [1835 22] 1836 [723 23] 1840 1732 [1530 24] 1634 1486 [1827 25] 1486 508 [1155 26] 508 505 510 [206 27] 39 419 [149 28] 143 153 569 [1083 29] [569 30] 1083 1538 [163 31] 1787 1840 723 [1836 32] 1835 1582 1227 1486 [4 33] 1486 1227 1469 [1834 34] 271 [225 35] 737 [1724 36] 838 836 841 1341 [1184 37] 811 810 389 417 [786 38] 417 [389 39] 417 782 [1500 40] [1258 41] 1016 1173 133 303 306 [1246 42] 306 1039 [1496 43] 1039 [1812 44] 378 [310 45] 971 832 1815 [277 46] 1815 832 1560 [1805 47] 1679 1027 [1405 48] 820 1899 629 [1850 49] 629 1899 [165 50] 1899 820 510 [1248 51] 510 820 1899 1100 828 [1332 52] 828 1100 1899 820 [510 53] 820 1899 1100 1212 [1216 54] 1212 1217 200 419 149 143 [153 55] 143 149 419 200 1217 807 1227 [662 56] 1022 1344 [369 57] [1344 58] 538 290 416 [425 59] 1239 1173 1016 [1462 60] 1016 1173 [133 61] 1173 1239 224 [1755 62] 224 1239 1173 [644 63] 1173 1158 837 213 913 [53 64] 247 [1159 65] 1566 206 789 1217 807 [1655 66] 807 [1217 67] 200 419 330 1261 [352 68] 1261 1563 418 687 869 [213 69] 869 687 418 [169 70] 177 1164 [1177 71] 1164 177 18 [1680 72] [18 73] 1005 199 705 [339 74] 705 601 [75 75] 642 [297 76] 286 126 277 1815 832 10 [243 77] 10 1452 305 231 [1758 78] [1009 79] 359 1004 52 [156 80] 52 1004 40 [1149 81] 40 1004 52 940 873 871 [877 82] 288 223 962 [30 83] 496 1433 119 [428 84] 119 [301 85] 984 536 1446 1249 127 [341 86] 127 [757 87] 127 1249 1446 536 984 301 [1010 88] 244 170 [246 89] 170 935 [997 90] [1440 91] 10 21 [1779 92] 986 [541 93] 177 [1164 94] 1177 [1030 95] 1058 1049 1051 815 1702 [1348 96] 1702 815 [1787 97] 163 1086 [216 98] 1086 93 1182 [542 99] 1487 1366 487 1397 1791 [57 100] 557 281 76 T
667
1487 1366 [1293 17] 293 523 [333 18] 1424 [146 19] 1564 [1613 20] 768 1581 841 [1341 21] 1582 [1835 22] 1836 [723 23] 1840 1732 [1530 24] 1634 1486 [1827 25] 1486 508 [1155 26] 508 505 510 [206 27] 39 419 [149 28] 143 153 569 [1083 29] [569 30] 1083 1538 [163 31] 1787 1840 723 [1836 32] 1835 1582 1227 1486 [4 33] 1486 1227 1469 [1834 34] 271 [225 35] 737 [1724 36] 838 836 841 1341 [1184 37] 811 810 389 417 [786 38] 417 [389 39] 417 782 [1500 40] [1258 41] 1016 1173 133 303 306 [1246 42] 306 1039 [1496 43] 1039 [1812 44] 378 [310 45] 971 832 1815 [277 46] 1815 832 1560 [1805 47] 1679 1027 [1405 48] 820 1899 629 [1850 49] 629 1899 [165 50] 1899 820 510 [1248 51] 510 820 1899 1100 828 [1332 52] 828 1100 1899 820 [510 53] 820 1899 1100 1212 [1216 54] 1212 1217 200 419 149 143 [153 55] 143 149 419 200 1217 807 1227 [662 56] 1022 1344 [369 57] [1344 58] 538 290 416 [425 59] 1239 1173 1016 [1462 60] 1016 1173 [133 61] 1173 1239 224 [1755 62] 224 1239 1173 [644 63] 1173 1158 837 213 913 [53 64] 247 [1159 65] 1566 206 789 1217 807 [1655 66] 807 [1217 67] 200 419 330 1261 [352 68] 1261 1563 418 687 869 [213 69] 869 687 418 [169 70] 177 1164 [1177 71] 1164 177 18 [1680 72] [18 73] 1005 199 705 [339 74] 705 601 [75 75] 642 [297 76] 286 126 277 1815 832 10 [243 77] 10 1452 305 231 [1758 78] [1009 79] 359 1004 52 [156 80] 52 1004 40 [1149 81] 40 1004 52 940 873 871 [877 82] 288 223 962 [30 83] 496 1433 119 [428 84] 119 [301 85] 984 536 1446 1249 127 [341 86] 127 [757 87] 127 1249 1446 536 984 301 [1010 88] 244 170 [246 89] 170 935 [997 90] [1440 91] 10 21 [1779 92] 986 [541 93] 177 [1164 94] 1177 [1030 95] 1058 1049 1051 815 1702 [1348 96] 1702 815 [1787 97] 163 1086 [216 98] 1086 93 1182 [542 99] 1487 1366 487 1397 1791 [57 100] 557 281 76 T
664
410 1182 93 1086 1423 1424 [333 18] 1424 [146 19] 1564 [1613 20] 768 1581 841 [1341 21] 1582 [1835 22] 1836 [723 23] 1840 1732 [1530 24] 1634 1486 [1827 25] 1486 508 [1155 26] 508 505 510 [206 27] 39 419 [149 28] 143 153 569 [1083 29] [569 30] 1083 1538 [163 31] 1787 1840 723 [1836 32] 1835 1582 1227 1486 [4 33] 1486 1227 1469 [1834 34] 271 [225 35] 737 [1724 36] 838 836 841 1341 [1184 37] 811 810 389 417 [786 38] 417 [389 39] 417 782 [1500 40] [1258 41] 1016 1173 133 303 306 [1246 42] 306 1039 [1496 43] 1039 [1812 44] 378 [310 45] 971 832 1815 [277 46] 1815 832 1560 [1805 47] 1679 1027 [1405 48] 820 1899 629 [1850 49] 629 1899 [165 50] 1899 820 510 [1248 51] 510 820 1899 1100 828 [1332 52] 828 1100 1899 820 [510 53] 820 1899 1100 1212 [1216 54] 1212 1217 200 419 149 143 [153 55] 143 149 419 200 1217 807 1227 [662 56] 1022 1344 [369 57] [1344 58] 538 290 416 [425 59] 1239 1173 1016 [1462 60] 1016 1173 [133 61] 1173 1239 224 [1755 62] 224 1239 1173 [644 63] 1173 1158 837 213 913 [53 64] 247 [1159 65] 1566 206 789 1217 807 [1655 66] 807 [1217 67] 200 419 330 1261 [352 68] 1261 1563 418 687 869 [213 69] 869 687 418 [169 70] 177 1164 [1177 71] 1164 177 18 [1680 72] [18 73] 1005 199 705 [339 74] 705 601 [75 75] 642 [297 76] 286 126 277 1815 832 10 [243 77] 10 1452 305 231 [1758 78] [1009 79] 359 1004 52 [156 80] 52 1004 40 [1149 81] 40 1004 52 940 873 871 [877 82] 288 223 962 [30 83] 496 1433 119 [428 84] 119 [301 85] 984 536 1446 1249 127 [341 86] 127 [757 87] 127 1249 1446 536 984 301 [1010 88] 244 170 [246 89] 170 935 [997 90] [1440 91] 10 21 [1779 92] 986 [541 93] 177 [1164 94] 1177 [1030 95] 1058 1049 1051 815 1702 [1348 96] 1702 815 [1787 97] 163 1086 [216 98] 1086 93 1182 [542 99] 1487 1366 487 1397 1791 [57 100] 557 281 76 T
668
92 239 1183 1148 1389 [1367 19] 1801 1483 1227 [946 20] [734 21] 946 1227 1582 [1835 22] 1836 [723 23] 1840 1732 [1530 24] 1634 1486 [1827 25] 1486 508 [1155 26] 508 505 510 [206 27] 39 419 [149 28] 143 153 569 [1083 29] [569 30] 1083 1538 [163 31] 1787 1840 723 [1836 32] 1835 1582 1227 1486 [4 33] 1486 1227 1469 [1834 34] 271 [225 35] 737 [1724 36] 838 836 841 1341 [1184 37] 811 810 389 417 [786 38] 417 [389 39] 417 782 [1500 40] [1258 41] 1016 1173 133 303 306 [1246 42] 306 1039 [1496 43] 1039 [1812 44] 378 [310 45] 971 832 1815 [277 46] 1815 832 1560 [1805 47] 1679 1027 [1405 48] 820 1899 629 [1850 49] 629 1899 [165 50] 1899 820 510 [1248 51] 510 820 1899 1100 828 [1332 52] 828 1100 1899 820 [510 53] 820 1899 1100 1212 [1216 54] 1212 1217 200 419 149 143 [153 55] 143 149 419 200 1217 807 1227 [662 56] 1022 1344 [369 57] [1344 58] 538 290 416 [425 59] 1239 1173 1016 [1462 60] 1016 1173 [133 61] 1173 1239 224 [1755 62] 224 1239 1173 [644 63] 1173 1158 837 213 913 [53 64] 247 [1159 65] 1566 206 789 1217 807 [1655 66] 807 [1217 67] 200 419 330 1261 [352 68] 1261 1563 418 687 869 [213 69] 869 687 418 [169 70] 177 1164 [1177 71] 1164 177 18 [1680 72] [18 73] 1005 199 705 [339 74] 705 601 [75 75] 642 [297 76] 286 126 277 1815 832 10 [243 77] 10 1452 305 231 [1758 78] [1009 79] 359 1004 52 [156 80] 52 1004 40 [1149 81] 40 1004 52 940 873 871 [877 82] 288 223 962 [30 83] 496 1433 119 [428 84] 119 [301 85] 984 536 1446 1249 127 [341 86] 127 [757 87] 127 1249 1446 536 984 301 [1010 88] 244 170 [246 89] 170 935 [997 90] [1440 91] 10 21 [1779 92] 986 [541 93] 177 [1164 94] 1177 [1030 95] 1058 1049 1051 815 1702 [1348 96] 1702 815 [1787 97] 163 1086 [216 98] 1086 93 1182 [542 99] 1487 1366 487 1397 1791 [57 100] 557 281 76 T
667
946 1227 662 1171 1581 768 [1613 20] 768 1581 841 [1341 21] 1582 [1835 22] 1836 [723 23] 1840 1732 [1530 24] 1634 1486 [1827 25] 1486 508 [1155 26] 508 505 510 [206 27] 39 419 [149 28] 143 153 569 [1083 29] [569 30] 1083 1538 [163 31] 1787 1840 723 [1836 32] 1835 1582 1227 1486 [4 33] 1486 1227 1469 [1834 34] 271 [225 35] 737 [1724 36] 838 836 841 1341 [1184 37] 811 810 389 417 [786 38] 417 [389 39] 417 782 [1500 40] [1258 41] 1016 1173 133 303 306 [1246 42] 306 1039 [1496 43] 1039 [1812 44] 378 [310 45] 971 832 1815 [277 46] 1815 832 1560 [1805 47] 1679 1027 [1405 48] 820 1899 629 [1850 49] 629 1899 [165 50] 1899 820 510 [1248 51] 510 820 1899 1100 828 [1332 52] 828 1100 1899 820 [510 53] 820 1899 1100 1212 [1216 54] 1212 1217 200 419 149 143 [153 55] 143 149 419 200 1217 807 1227 [662 56] 1022 1344 [369 57] [1344 58] 538 290 416 [425 59] 1239 1173 1016 [1462 60] 1016 1173 [133 61] 1173 1239 224 [1755 62] 224 1239 1173 [644 63] 1173 1158 837 213 913 [53 64] 247 [1159 65] 1566 206 789 1217 807 [1655 66] 807 [1217 67] 200 419 330 1261 [352 68] 1261 1563 418 687 869 [213 69] 869 687 418 [169 70] 177 1164 [1177 71] 1164 177 18 [1680 72] [18 73] 1005 199 705 [339 74] 705 601 [75 75] 642 [297 76] 286 126 277 1815 832 10 [243 77] 10 1452 305 231 [1758 78] [1009 79] 359 1004 52 [156 80] 52 1004 40 [1149 81] 40 1004 52 940 873 871 [877 82] 288 223 962 [30 83] 496 1433 119 [428 84] 119 [301 85] 984 536 1446 1249 127 [341 86] 127 [757 87] 127 1249 1446 536 984 301 [1010 88] 244 170 [246 89] 170 935 [997 90] [1440 91] 10 21 [1779 92] 986 [541 93] 177 [1164 94] 1177 [1030 95] 1058 1049 1051 815 1702 [1348 96] 1702 815 [1787 97] 163 1086 [216 98] 1086 93 1182 [542 99] 1487 1366 487 1397 1791 [57 100] 557 281 76 T
666
734 1471 1184 [1341 21] 1582 [1835 22] 1836 [723 23] 1840 1732 [1530 24] 1634 1486 [1827 25] 1486 508 [1155 26] 508 505 510 [206 27] 39 419 [149 28] 143 153 569 [1083 29] [569 30] 1083 1538 [163 31] 1787 1840 723 [1836 32] 1835 1582 1227 1486 [4 33] 1486 1227 1469 [1834 34] 271 [225 35] 737 [1724 36] 838 836 841 1341 [1184 37] 811 810 389 417 [786 38] 417 [389 39] 417 782 [1500 40] [1258 41] 1016 1173 133 303 306 [1246 42] 306 1039 [1496 43] 1039 [1812 44] 378 [310 45] 971 832 1815 [277 46] 1815 832 1560 [1805 47] 1679 1027 [1405 48] 820 1899 629 [1850 49] 629 1899 [165 50] 1899 820 510 [1248 51] 510 820 1899 1100 828 [1332 52] 828 1100 1899 820 [510 53] 820 1899 1100 1212 [1216 54] 1212 1217 200 419 149 143 [153 55] 143 149 419 200 1217 807 1227 [662 56] 1022 1344 [369 57] [1344 58] 538 290 416 [425 59] 1239 1173 1016 [1462 60] 1016 1173 [133 61] 1173 1239 224 [1755 62] 224 1239 1173 [644 63] 1173 1158 837 213 913 [53 64] 247 [1159 65] 1566 206 789 1217 807 [1655 66] 807 [1217 67] 200 419 330 1261 [352 68] 1261 1563 418 687 869 [213 69] 869 687 418 [169 70] 177 1164 [1177 71] 1164 177 18 [1680 72] [18 73] 1005 199 705 [339 74] 705 601 [75 75] 642 [297 76] 286 126 277 1815 832 10 [243 77] 10 1452 305 231 [1758 78] [1009 79] 359 1004 52 [156 80] 52 1004 40 [1149 81] 40 1004 52 940 873 871 [877 82] 288 223 962 [30 83] 496 1433 119 [428 84] 119 [301 85] 984 536 1446 1249 127 [341 86] 127 [757 87] 127 1249 1446 536 984 301 [1010 88] 244 170 [246 89] 170 935 [997 90] [1440 91] 10 21 [1779 92] 986 [541 93] 177 [1164 94] 1177 [1030 95] 1058 1049 1051 815 1702 [1348 96] 1702 815 [1787 97] 163 1086 [216 98] 1086 93 1182 [542 99] 1487 1366 487 1397 1791 [57 100] 557 281 76 T
668
1835 1582 1227 1486 1634 1530 [1732 22] 1665 817 294 [617 23] 294 817 1665 1732 [1530 24] 1634 1486 [1827 25] 1486 508 [1155 26] 508 505 510 [206 27] 39 419 [149 28] 143 153 569 [1083 29] [569 30] 1083 1538 [163 31] 1787 1840 723 [1836 32] 1835 1582 1227 1486 [4 33] 1486 1227 1469 [1834 34] 271 [225 35] 737 [1724 36] 838 836 841 1341 [1184 37] 811 810 389 417 [786 38] 417 [389 39] 417 782 [1500 40] [1258 41] 1016 1173 133 303 306 [1246 42] 306 1039 [1496 43] 1039 [1812 44] 378 [310 45] 971 832 1815 [277 46] 1815 832 1560 [1805 47] 1679 1027 [1405 48] 820 1899 629 [1850 49] 629 1899 [165 50] 1899 820 510 [1248 51] 510 820 1899 1100 828 [1332 52] 828 1100 1899 820 [510 53] 820 1899 1100 1212 [1216 54] 1212 1217 200 419 149 143 [153 55] 143 149 419 200 1217 807 1227 [662 56] 1022 1344 [369 57] [1344 58] 538 290 416 [425 59] 1239 1173 1016 [1462 60] 1016 1173 [133 61] 1173 1239 224 [1755 62] 224 1239 1173 [644 63] 1173 1158 837 213 913 [53 64] 247 [1159 65] 1566 206 789 1217 807 [1655 66] 807 [1217 67] 200 419 330 1261 [352 68] 1261 1563 418 687 869 [213 69] 869 687 418 [169 70] 177 1164 [1177 71] 1164 177 18 [1680 72] [18 73] 1005 199 705 [339 74] 705 601 [75 75] 642 [297 76] 286 126 277 1815 832 10 [243 77] 10 1452 305 231 [1758 78] [1009 79] 359 1004 52 [156 80] 52 1004 40 [1149 81] 40 1004 52 940 873 871 [877 82] 288 223 962 [30 83] 496 1433 119 [428 84] 119 [301 85] 984 536 1446 1249 127 [341 86] 127 [757 87] 127 1249 1446 536 984 301 [1010 88] 244 170 [246 89] 170 935 [997 90] [1440 91] 10 21 [1779 92] 986 [541 93] 177 [1164 94] 1177 [1030 95] 1058 1049 1051 815 1702 [1348 96] 1702 815 [1787 97] 163 1086 [216 98] 1086 93 1182 [542 99] 1487 1366 487 1397 1791 [57 100] 557 281 76 T
665
723 1840 1787 1243 1297 1205 [1580 23] [1530 24] 1634 1486 [1827 25] 1486 508 [1155 26] 508 505 510 [206 27] 39 419 [149 28] 143 153 569 [1083 29] [569 30] 1083 1538 [163 31] 1787 1840 723 [1836 32] 1835 1582 1227 1486 [4 33] 1486 1227 1469 [1834 34] 271 [225 35] 737 [1724 36] 838 836 841 1341 [1184 37] 811 810 389 417 [786 38] 417 [389 39] 417 782 [1500 40] [1258 41] 1016 1173 133 303 306 [1246 42] 306 1039 [1496 43] 1039 [1812 44] 378 [310 45] 971 832 1815 [277 46] 1815 832 1560 [1805 47] 1679 1027 [1405 48] 820 1899 629 [1850 49] 629 1899 [165 50] 1899 820 510 [1248 51] 510 820 1899 1100 828 [1332 52] 828 1100 1899 820 [510 53] 820 1899 1100 1212 [1216 54] 1212 1217 200 419 149 143 [153 55] 143 149 419 200 1217 807 1227 [662 56] 1022 1344 [369 57] [1344 58] 538 290 416 [425 59] 1239 1173 1016 [1462 60] 1016 1173 [133 61] 1173 1239 224 [1755 62] 224 1239 1173 [644 63] 1173 1158 837 213 913 [53 64] 247 [1159 65] 1566 206 789 1217 807 [1655 66] 807 [1217 67] 200 419 330 1261 [352 68] 1261 1563 418 687 869 [213 69] 869 687 418 [169 70] 177 1164 [1177 71] 1164 177 18 [1680 72] [18 73] 1005 199 705 [339 74] 705 601 [75 75] 642 [297 76] 286 126 277 1815 832 10 [243 77] 10 1452 305 231 [1758 78] [1009 79] 359 1004 52 [156 80] 52 1004 40 [1149 81] 40 1004 52 940 873 871 [877 82] 288 223 962 [30 83] 496 1433 119 [428 84] 119 [301 85] 984 536 1446 1249 127 [341 86] 127 [757 87] 127 1249 1446 536 984 301 [1010 88] 244 170 [246 89] 170 935 [997 90] [1440 91] 10 21 [1779 92] 986 [541 93] 177 [1164 94] 1177 [1030 95] 1058 1049 1051 815 1702 [1348 96] 1702 815 [1787 97] 163 1086 [216 98] 1086 93 1182 [542 99] 1487 1366 487 1397 1791 [57 100] 557 281 76 T
664
1530 1732 [1619 24] 146 143 149 1267 [224 25] 446 1706 [1357 26] [64 27] 1357 1706 [1156 28] 1706 279 1801 1483 [1083 29] [569 30] 1083 1538 [163 31] 1787 1840 723 [1836 32] 1835 1582 1227 1486 [4 33] 1486 1227 1469 [1834 34] 271 [225 35] 737 [1724 36] 838 836 841 1341 [1184 37] 811 810 389 417 [786 38] 417 [389 39] 417 782 [1500 40] [1258 41] 1016 1173 133 303 306 [1246 42] 306 1039 [1496 43] 1039 [1812 44] 378 [310 45] 971 832 1815 [277 46] 1815 832 1560 [1805 47] 1679 1027 [1405 48] 820 1899 629 [1850 49] 629 1899 [165 50] 1899 820 510 [1248 51] 510 820 1899 1100 828 [1332 52] 828 1100 1899 820 [510 53] 820 1899 1100 1212 [1216 54] 1212 1217 200 419 149 143 [153 55] 143 149 419 200 1217 807 1227 [662 56] 1022 1344 [369 57] [1344 58] 538 290 416 [425 59] 1239 1173 1016 [1462 60] 1016 1173 [133 61] 1173 1239 224 [1755 62] 224 1239 1173 [644 63] 1173 1158 837 213 913 [53 64] 247 [1159 65] 1566 206 789 1217 807 [1655 66] 807 [1217 67] 200 419 330 1261 [352 68] 1261 1563 418 687 869 [213 69] 869 687 418 [169 70] 177 1164 [1177 71] 1164 177 18 [1680 72] [18 73] 1005 199 705 [339 74] 705 601 [75 75] 642 [297 76] 286 126 277 1815 832 10 [243 77] 10 1452 305 231 [1758 78] [1009 79] 359 1004 52 [156 80] 52 1004 40 [1149 81] 40 1004 52 940 873 871 [877 82] 288 223 962 [30 83] 496 1433 119 [428 84] 119 [301 85] 984 536 1446 1249 127 [341 86] 127 [757 87] 127 1249 1446 536 984 301 [1010 88] 244 170 [246 89] 170 935 [997 90] [1440 91] 10 21 [1779 92] 986 [541 93] 177 [1164 94] 1177 [1030 95] 1058 1049 1051 815 1702 [1348 96] 1702 815 [1787 97] 163 1086 [216 98] 1086 93 1182 [542 99] 1487 1366 487 1397 1791 [57 100] 557 281 76 T
665
1827 1486 4 389 417 784 [147 25] 1294 744 1463 [527 26] 1463 1182 671 [648 27] [709 28] 1760 460 1161 [520 29] [1161 30] 177 541 1052 [180 31] 1052 731 [1898 32] 731 6 810 389 [4 33] 1486 1227 1469 [1834 34] 271 [225 35] 737 [1724 36] 838 836 841 1341 [1184 37] 811 810 389 417 [786 38] 417 [389 39] 417 782 [1500 40] [1258 41] 1016 1173 133 303 306 [1246 42] 306 1039 [1496 43] 1039 [1812 44] 378 [310 45] 971 832 1815 [277 46] 1815 832 1560 [1805 47] 1679 1027 [1405 48] 820 1899 629 [1850 49] 629 1899 [165 50] 1899 820 510 [1248 51] 510 820 1899 1100 828 [1332 52] 828 1100 1899 820 [510 53] 820 1899 1100 1212 [1216 54] 1212 1217 200 419 149 143 [153 55] 143 149 419 200 1217 807 1227 [662 56] 1022 1344 [369 57] [1344 58] 538 290 416 [425 59] 1239 1173 1016 [1462 60] 1016 1173 [133 61] 1173 1239 224 [1755 62] 224 1239 1173 [644 63] 1173 1158 837 213 913 [53 64] 247 [1159 65] 1566 206 789 1217 807 [1655 66] 807 [1217 67] 200 419 330 1261 [352 68] 1261 1563 418 687 869 [213 69] 869 687 418 [169 70] 177 1164 [1177 71] 1164 177 18 [1680 72] [18 73] 1005 199 705 [339 74] 705 601 [75 75] 642 [297 76] 286 126 277 1815 832 10 [243 77] 10 1452 305 231 [1758 78] [1009 79] 359 1004 52 [156 80] 52 1004 40 [1149 81] 40 1004 52 940 873 871 [877 82] 288 223 962 [30 83] 496 1433 119 [428 84] 119 [301 85] 984 536 1446 1249 127 [341 86] 127 [757 87] 127 1249 1446 536 984 301 [1010 88] 244 170 [246 89] 170 935 [997 90] [1440 91] 10 21 [1779 92] 986 [541 93] 177 [1164 94] 1177 [1030 95] 1058 1049 1051 815 1702 [1348 96] 1702 815 [1787 97] 163 1086 [216 98] 1086 93 1182 [542 99] 1487 1366 487 1397 1791 [57 100] 557 281 76 T
664
1155 508 1004 40 1149 780 [1286 26] 1158 1173 133 303 306 1246 [648 27] [709 28] 1760 460 1161 [520 29] [1161 30] 177 541 1052 [180 31] 1052 731 [1898 32] 731 6 810 389 [4 33] 1486 1227 1469 [1834 34] 271 [225 35] 737 [1724 36] 838 836 841 1341 [1184 37] 811 810 389 417 [786 38] 417 [389 39] 417 782 [1500 40] [1258 41] 1016 1173 133 303 306 [1246 42] 306 1039 [1496 43] 1039 [1812 44] 378 [310 45] 971 832 1815 [277 46] 1815 832 1560 [1805 47] 1679 1027 [1405 48] 820 1899 629 [1850 49] 629 1899 [165 50] 1899 820 510 [1248 51] 510 820 1899 1100 828 [1332 52] 828 1100 1899 820 [510 53] 820 1899 1100 1212 [1216 54] 1212 1217 200 419 149 143 [153 55] 143 149 419 200 1217 807 1227 [662 56] 1022 1344 [369 57] [1344 58] 538 290 416 [425 59] 1239 1173 1016 [1462 60] 1016 1173 [133 61] 1173 1239 224 [1755 62] 224 1239 1173 [644 63] 1173 1158 837 213 913 [53 64] 247 [1159 65] 1566 206 789 1217 807 [1655 66] 807 [1217 67] 200 419 330 1261 [352 68] 1261 1563 418 687 869 [213 69] 869 687 418 [169 70] 177 1164 [1177 71] 1164 177 18 [1680 72] [18 73] 1005 199 705 [339 74] 705 601 [75 75] 642 [297 76] 286 126 277 1815 832 10 [243 77] 10 1452 305 231 [1758 78] [1009 79] 359 1004 52 [156 80] 52 1004 40 [1149 81] 40 1004 52 940 873 871 [877 82] 288 223 962 [30 83] 496 1433 119 [428 84] 119 [301 85] 984 536 1446 1249 127 [341 86] 127 [757 87] 127 1249 1446 536 984 301 [1010 88] 244 170 [246 89] 170 935 [997 90] [1440 91] 10 21 [1779 92] 986 [541 93] 177 [1164 94] 1177 [1030 95] 1058 1049 1051 815 1702 [1348 96] 1702 815 [1787 97] 163 1086 [216 98] 1086 93 1182 [542 99] 1487 1366 487 1397 1791 [57 100] 557 281 76 T
665
206 1508 1305 1083 1538 [288 27] 877 537 1733 [657 28] 1733 1760 460 1161 [520 29] [1161 30] 177 541 1052 [180 31] 1052 731 [1898 32] 731 6 810 389 [4 33] 1486 1227 1469 [1834 34] 271 [225 35] 737 [1724 36] 838 836 841 1341 [1184 37] 811 810 389 417 [786 38] 417 [389 39] 417 782 [1500 40] [1258 41] 1016 1173 133 303 306 [1246 42] 306 1039 [1496 43] 1039 [1812 44] 378 [310 45] 971 832 1815 [277 46] 1815 832 1560 [1805 47] 1679 1027 [1405 48] 820 1899 629 [1850 49] 629 1899 [165 50] 1899 820 510 [1248 51] 510 820 1899 1100 828 [1332 52] 828 1100 1899 820 [510 53] 820 1899 1100 1212 [1216 54] 1212 1217 200 419 149 143 [153 55] 143 149 419 200 1217 807 1227 [662 56] 1022 1344 [369 57] [1344 58] 538 290 416 [425 59] 1239 1173 1016 [1462 60] 1016 1173 [133 61] 1173 1239 224 [1755 62] 224 1239 1173 [644 63] 1173 1158 837 213 913 [53 64] 247 [1159 65] 1566 206 789 1217 807 [1655 66] 807 [1217 67] 200 419 330 1261 [352 68] 1261 1563 418 687 869 [213 69] 869 687 418 [169 70] 177 1164 [1177 71] 1164 177 18 [1680 72] [18 73] 1005 199 705 [339 74] 705 601 [75 75] 642 [297 76] 286 126 277 1815 832 10 [243 77] 10 1452 305 231 [1758 78] [1009 79] 359 1004 52 [156 80] 52 1004 40 [1149 81] 40 1004 52 940 873 871 [877 82] 288 223 962 [30 83] 496 1433 119 [428 84] 119 [301 85] 984 536 1446 1249 127 [341 86] 127 [757 87] 127 1249 1446 536 984 301 [1010 88] 244 170 [246 89] 170 935 [997 90] [1440 91] 10 21 [1779 92] 986 [541 93] 177 [1164 94] 1177 [1030 95] 1058 1049 1051 815 1702 [1348 96] 1702 815 [1787 97] 163 1086 [216 98] 1086 93 1182 [542 99] 1487 1366 487 1397 1791 [57 100] 557 281 76 T
660
149 [1267 28] 855 854 858 1305 [1083 29] [569 30] 1083 1538 [163 31] 1787 1840 723 [1836 32] 1835 1582 1227 1486 [4 33] 1486 1227 1469 [1834 34] 271 [225 35] 737 [1724 36] 838 836 841 1341 [1184 37] 811 810 389 417 [786 38] 417 [389 39] 417 782 [1500 40] [1258 41] 1016 1173 133 303 306 [1246 42] 306 1039 [1496 43] 1039 [1812 44] 378 [310 45] 971 832 1815 [277 46] 1815 832 1560 [1805 47] 1679 1027 [1405 48] 820 1899 629 [1850 49] 629 1899 [165 50] 1899 820 510 [1248 51] 510 820 1899 1100 828 [1332 52] 828 1100 1899 820 [510 53] 820 1899 1100 1212 [1216 54] 1212 1217 200 419 149 143 [153 55] 143 149 419 200 1217 807 1227 [662 56] 1022 1344 [369 57] [1344 58] 538 290 416 [425 59] 1239 1173 1016 [1462 60] 1016 1173 [133 61] 1173 1239 224 [1755 62] 224 1239 1173 [644 63] 1173 1158 837 213 913 [53 64] 247 [1159 65] 1566 206 789 1217 807 [1655 66] 807 [1217 67] 200 419 330 1261 [352 68] 1261 1563 418 687 869 [213 69] 869 687 418 [169 70] 177 1164 [1177 71] 1164 177 18 [1680 72] [18 73] 1005 199 705 [339 74] 705 601 [75 75] 642 [297 76] 286 126 277 1815 832 10 [243 77] 10 1452 305 231 [1758 78] [1009 79] 359 1004 52 [156 80] 52 1004 40 [1149 81] 40 1004 52 940 873 871 [877 82] 288 223 962 [30 83] 496 1433 119 [428 84] 119 [301 85] 984 536 1446 1249 127 [341 86] 127 [757 87] 127 1249 1446 536 984 301 [1010 88] 244 170 [246 89] 170 935 [997 90] [1440 91] 10 21 [1779 92] 986 [541 93] 177 [1164 94] 1177 [1030 95] 1058 1049 1051 815 1702 [1348 96] 1702 815 [1787 97] 163 1086 [216 98] 1086 93 1182 [542 99] 1487 1366 487 1397 1791 [57 100] 557 281 76 T
668
1083 1305 1508 206 510 505 [507 29] 1086 [93 30] 1086 [163 31] 1787 1840 723 [1836 32] 1835 1582 1227 1486 [4 33] 1486 1227 1469 [1834 34] 271 [225 35] 737 [1724 36] 838 836 841 1341 [1184 37] 811 810 389 417 [786 38] 417 [389 39] 417 782 [1500 40] [1258 41] 1016 1173 133 303 306 [1246 42] 306 1039 [1496 43] 1039 [1812 44] 378 [310 45] 971 832 1815 [277 46] 1815 832 1560 [1805 47] 1679 1027 [1405 48] 820 1899 629 [1850 49] 629 1899 [165 50] 1899 820 510 [1248 51] 510 820 1899 1100 828 [1332 52] 828 1100 1899 820 [510 53] 820 1899 1100 1212 [1216 54] 1212 1217 200 419 149 143 [153 55] 143 149 419 200 1217 807 1227 [662 56] 1022 1344 [369 57] [1344 58] 538 290 416 [425 59] 1239 1173 1016 [1462 60] 1016 1173 [133 61] 1173 1239 224 [1755 62] 224 1239 1173 [644 63] 1173 1158 837 213 913 [53 64] 247 [1159 65] 1566 206 789 1217 807 [1655 66] 807 [1217 67] 200 419 330 1261 [352 68] 1261 1563 418 687 869 [213 69] 869 687 418 [169 70] 177 1164 [1177 71] 1164 177 18 [1680 72] [18 73] 1005 199 705 [339 74] 705 601 [75 75] 642 [297 76] 286 126 277 1815 832 10 [243 77] 10 1452 305 231 [1758 78] [1009 79] 359 1004 52 [156 80] 52 1004 40 [1149 81] 40 1004 52 940 873 871 [877 82] 288 223 962 [30 83] 496 1433 119 [428 84] 119 [301 85] 984 536 1446 1249 127 [341 86] 127 [757 87] 127 1249 1446 536 984 301 [1010 88] 244 170 [246 89] 170 935 [997 90] [1440 91] 10 21 [1779 92] 986 [541 93] 177 [1164 94] 1177 [1030 95] 1058 1049 1051 815 1702 [1348 96] 1702 815 [1787 97] 163 1086 [216 98] 1086 93 1182 [542 99] 1487 1366 487 1397 1791 [57 100] 557 281 76 T
663
569 1083 1538 163 1086 [93 30] 1086 [163 31] 1787 1840 723 [1836 32] 1835 1582 1227 1486 [4 33] 1486 1227 1469 [1834 34] 271 [225 35] 737 [1724 36] 838 836 841 1341 [1184 37] 811 810 389 417 [786 38] 417 [389 39] 417 782 [1500 40] [1258 41] 1016 1173 133 303 306 [1246 42] 306 1039 [1496 43] 1039 [1812 44] 378 [310 45] 971 832 1815 [277 46] 1815 832 1560 [1805 47] 1679 1027 [1405 48] 820 1899 629 [1850 49] 629 1899 [165 50] 1899 820 510 [1248 51] 510 820 1899 1100 828 [1332 52] 828 1100 1899 820 [510 53] 820 1899 1100 1212 [1216 54] 1212 1217 200 419 149 143 [153 55] 143 149 419 200 1217 807 1227 [662 56] 1022 1344 [369 57] [1344 58] 538 290 416 [425 59] 1239 1173 1016 [1462 60] 1016 1173 [133 61] 1173 1239 224 [1755 62] 224 1239 1173 [644 63] 1173 1158 837 213 913 [53 64] 247 [1159 65] 1566 206 789 1217 807 [1655 66] 807 [1217 67] 200 419 330 1261 [352 68] 1261 1563 418 687 869 [213 69] 869 687 418 [169 70] 177 1164 [1177 71] 1164 177 18 [1680 72] [18 73] 1005 199 705 [339 74] 705 601 [75 75] 642 [297 76] 286 126 277 1815 832 10 [243 77] 10 1452 305 231 [1758 78] [1009 79] 359 1004 52 [156 80] 52 1004 40 [1149 81] 40 1004 52 940 873 871 [877 82] 288 223 962 [30 83] 496 1433 119 [428 84] 119 [301 85] 984 536 1446 1249 127 [341 86] 127 [757 87] 127 1249 1446 536 984 301 [1010 88] 244 170 [246 89] 170 935 [997 90] [1440 91] 10 21 [1779 92] 986 [541 93] 177 [1164 94] 1177 [1030 95] 1058 1049 1051 815 1702 [1348 96] 1702 815 [1787 97] 163 1086 [216 98] 1086 93 1182 [542 99] 1487 1366 487 1397 1791 [57 100] 557 281 76 T
666
163 1787 44 1343 [682 31] 1485 744 1463 1838 1835 [1836 32] 1835 1582 1227 1486 [4 33] 1486 1227 1469 [1834 34] 271 [225 35] 737 [1724 36] 838 836 841 1341 [1184 37] 811 810 389 417 [786 38] 417 [389 39] 417 782 [1500 40] [1258 41] 1016 1173 133 303 306 [1246 42] 306 1039 [1496 43] 1039 [1812 44] 378 [310 45] 971 832 1815 [277 46] 1815 832 1560 [1805 47] 1679 1027 [1405 48] 820 1899 629 [1850 49] 629 1899 [165 50] 1899 820 510 [1248 51] 510 820 1899 1100 828 [1332 52] 828 1100 1899 820 [510 53] 820 1899 1100 1212 [1216 54] 1212 1217 200 419 149 143 [153 55] 143 149 419 200 1217 807 1227 [662 56] 1022 1344 [369 57] [1344 58] 538 290 416 [425 59] 1239 1173 1016 [1462 60] 1016 1173 [133 61] 1173 1239 224 [1755 62] 224 1239 1173 [644 63] 1173 1158 837 213 913 [53 64] 247 [1159 65] 1566 206 789 1217 807 [1655 66] 807 [1217 67] 200 419 330 1261 [352 68] 1261 1563 418 687 869 [213 69] 869 687 418 [169 70] 177 1164 [1177 71] 1164 177 18 [1680 72] [18 73] 1005 199 705 [339 74] 705 601 [75 75] 642 [297 76] 286 126 277 1815 832 10 [243 77] 10 1452 305 231 [1758 78] [1009 79] 359 1004 52 [156 80] 52 1004 40 [1149 81] 40 1004 52 940 873 871 [877 82] 288 223 962 [30 83] 496 1433 119 [428 84] 119 [301 85] 984 536 1446 1249 127 [341 86] 127 [757 87] 127 1249 1446 536 984 301 [1010 88] 244 170 [246 89] 170 935 [997 90] [1440 91] 10 21 [1779 92] 986 [541 93] 177 [1164 94] 1177 [1030 95] 1058 1049 1051 815 1702 [1348 96] 1702 815 [1787 97] 163 1086 [216 98] 1086 93 1182 [542 99] 1487 1366 487 1397 1791 [57 100] 557 281 76 T
669
1836 [1005 32] 820 810 389 [4 33] 1486 1227 1469 [1834 34] 271 [225 35] 737 [1724 36] 838 836 841 1341 [1184 37] 811 810 389 417 [786 38] 417 [389 39] 417 782 [1500 40] [1258 41] 1016 1173 133 303 306 [1246 42] 306 1039 [1496 43] 1039 [1812 44] 378 [310 45] 971 832 1815 [277 46] 1815 832 1560 [1805 47] 1679 1027 [1405 48] 820 1899 629 [1850 49] 629 1899 [165 50] 1899 820 510 [1248 51] 510 820 1899 1100 828 [1332 52] 828 1100 1899 820 [510 53] 820 1899 1100 1212 [1216 54] 1212 1217 200 419 149 143 [153 55] 143 149 419 200 1217 807 1227 [662 56] 1022 1344 [369 57] [1344 58] 538 290 416 [425 59] 1239 1173 1016 [1462 60] 1016 1173 [133 61] 1173 1239 224 [1755 62] 224 1239 1173 [644 63] 1173 1158 837 213 913 [53 64] 247 [1159 65] 1566 206 789 1217 807 [1655 66] 807 [1217 67] 200 419 330 1261 [352 68] 1261 1563 418 687 869 [213 69] 869 687 418 [169 70] 177 1164 [1177 71] 1164 177 18 [1680 72] [18 73] 1005 199 705 [339 74] 705 601 [75 75] 642 [297 76] 286 126 277 1815 832 10 [243 77] 10 1452 305 231 [1758 78] [1009 79] 359 1004 52 [156 80] 52 1004 40 [1149 81] 40 1004 52 940 873 871 [877 82] 288 223 962 [30 83] 496 1433 119 [428 84] 119 [301 85] 984 536 1446 1249 127 [341 86] 127 [757 87] 127 1249 1446 536 984 301 [1010 88] 244 170 [246 89] 170 935 [997 90] [1440 91] 10 21 [1779 92] 986 [541 93] 177 [1164 94] 1177 [1030 95] 1058 1049 1051 815 1702 [1348 96] 1702 815 [1787 97] 163 1086 [216 98] 1086 93 1182 [542 99] 1487 1366 487 1397 1791 [57 100] 557 281 76 T
671
4 1486 1227 92 [81 33] 92 1227 1469 [1834 34] 271 [225 35] 737 [1724 36] 838 836 841 1341 [1184 37] 811 810 389 417 [786 38] 417 [389 39] 417 782 [1500 40] [1258 41] 1016 1173 133 303 306 [1246 42] 306 1039 [1496 43] 1039 [1812 44] 378 [310 45] 971 832 1815 [277 46] 1815 832 1560 [1805 47] 1679 1027 [1405 48] 820 1899 629 [1850 49] 629 1899 [165 50] 1899 820 510 [1248 51] 510 820 1899 1100 828 [1332 52] 828 1100 1899 820 [510 53] 820 1899 1100 1212 [1216 54] 1212 1217 200 419 149 143 [153 55] 143 149 419 200 1217 807 1227 [662 56] 1022 1344 [369 57] [1344 58] 538 290 416 [425 59] 1239 1173 1016 [1462 60] 1016 1173 [133 61] 1173 1239 224 [1755 62] 224 1239 1173 [644 63] 1173 1158 837 213 913 [53 64] 247 [1159 65] 1566 206 789 1217 807 [1655 66] 807 [1217 67] 200 419 330 1261 [352 68] 1261 1563 418 687 869 [213 69] 869 687 418 [169 70] 177 1164 [1177 71] 1164 177 18 [1680 72] [18 73] 1005 199 705 [339 74] 705 601 [75 75] 642 [297 76] 286 126 277 1815 832 10 [243 77] 10 1452 305 231 [1758 78] [1009 79] 359 1004 52 [156 80] 52 1004 40 [1149 81] 40 1004 52 940 873 871 [877 82] 288 223 962 [30 83] 496 1433 119 [428 84] 119 [301 85] 984 536 1446 1249 127 [341 86] 127 [757 87] 127 1249 1446 536 984 301 [1010 88] 244 170 [246 89] 170 935 [997 90] [1440 91] 10 21 [1779 92] 986 [541 93] 177 [1164 94] 1177 [1030 95] 1058 1049 1051 815 1702 [1348 96] 1702 815 [1787 97] 163 1086 [216 98] 1086 93 1182 [542 99] 1487 1366 487 1397 1791 [57 100] 557 281 76 T
665
1834 [290 34] 1834 271 [225 35] 737 [1724 36] 838 836 841 1341 [1184 37] 811 810 389 417 [786 38] 417 [389 39] 417 782 [1500 40] [1258 41] 1016 1173 133 303 306 [1246 42] 306 1039 [1496 43] 1039 [1812 44] 378 [310 45] 971 832 1815 [277 46] 1815 832 1560 [1805 47] 1679 1027 [1405 48] 820 1899 629 [1850 49] 629 1899 [165 50] 1899 820 510 [1248 51] 510 820 1899 1100 828 [1332 52] 828 1100 1899 820 [510 53] 820 1899 1100 1212 [1216 54] 1212 1217 200 419 149 143 [153 55] 143 149 419 200 1217 807 1227 [662 56] 1022 1344 [369 57] [1344 58] 538 290 416 [425 59] 1239 1173 1016 [1462 60] 1016 1173 [133 61] 1173 1239 224 [1755 62] 224 1239 1173 [644 63] 1173 1158 837 213 913 [53 64] 247 [1159 65] 1566 206 789 1217 807 [1655 66] 807 [1217 67] 200 419 330 1261 [352 68] 1261 1563 418 687 869 [213 69] 869 687 418 [169 70] 177 1164 [1177 71] 1164 177 18 [1680 72] [18 73] 1005 199 705 [339 74] 705 601 [75 75] 642 [297 76] 286 126 277 1815 832 10 [243 77] 10 1452 305 231 [1758 78] [1009 79] 359 1004 52 [156 80] 52 1004 40 [1149 81] 40 1004 52 940 873 871 [877 82] 288 223 962 [30 83] 496 1433 119 [428 84] 119 [301 85] 984 536 1446 1249 127 [341 86] 127 [757 87] 127 1249 1446 536 984 301 [1010 88] 244 170 [246 89] 170 935 [997 90] [1440 91] 10 21 [1779 92] 986 [541 93] 177 [1164 94] 1177 [1030 95] 1058 1049 1051 815 1702 [1348 96] 1702 815 [1787 97] 163 1086 [216 98] 1086 93 1182 [542 99] 1487 1366 487 1397 1791 [57 100] 557 281 76 T
670
225 271 1474 145 116 1074 [1410 35] 1074 52 940 [873 36] 839 1179 662 [700 37] 662 1227 1486 4 389 417 [786 38] 417 [389 39] 417 782 [1500 40] [1258 41] 1016 1173 133 303 306 [1246 42] 306 1039 [1496 43] 1039 [1812 44] 378 [310 45] 971 832 1815 [277 46] 1815 832 1560 [1805 47] 1679 1027 [1405 48] 820 1899 629 [1850 49] 629 1899 [165 50] 1899 820 510 [1248 51] 510 820 1899 1100 828 [1332 52] 828 1100 1899 820 [510 53] 820 1899 1100 1212 [1216 54] 1212 1217 200 419 149 143 [153 55] 143 149 419 200 1217 807 1227 [662 56] 1022 1344 [369 57] [1344 58] 538 290 416 [425 59] 1239 1173 1016 [1462 60] 1016 1173 [133 61] 1173 1239 224 [1755 62] 224 1239 1173 [644 63] 1173 1158 837 213 913 [53 64] 247 [1159 65] 1566 206 789 1217 807 [1655 66] 807 [1217 67] 200 419 330 1261 [352 68] 1261 1563 418 687 869 [213 69] 869 687 418 [169 70] 177 1164 [1177 71] 1164 177 18 [1680 72] [18 73] 1005 199 705 [339 74] 705 601 [75 75] 642 [297 76] 286 126 277 1815 832 10 [243 77] 10 1452 305 231 [1758 78] [1009 79] 359 1004 52 [156 80] 52 1004 40 [1149 81] 40 1004 52 940 873 871 [877 82] 288 223 962 [30 83] 496 1433 119 [428 84] 119 [301 85] 984 536 1446 1249 127 [341 86] 127 [757 87] 127 1249 1446 536 984 301 [1010 88] 244 170 [246 89] 170 935 [997 90] [1440 91] 10 21 [1779 92] 986 [541 93] 177 [1164 94] 1177 [1030 95] 1058 1049 1051 815 1702 [1348 96] 1702 815 [1787 97] 163 1086 [216 98] 1086 93 1182 [542 99] 1487 1366 487 1397 1791 [57 100] 557 281 76 T
662
1724 737 222 1366 [446 36] 1366 222 [1184 37] 811 810 389 417 [786 38] 417 [389 39] 417 782 [1500 40] [1258 41] 1016 1173 133 303 306 [1246 42] 306 1039 [1496 43] 1039 [1812 44] 378 [310 45] 971 832 1815 [277 46] 1815 832 1560 [1805 47] 1679 1027 [1405 48] 820 1899 629 [1850 49] 629 1899 [165 50] 1899 820 510 [1248 51] 510 820 1899 1100 828 [1332 52] 828 1100 1899 820 [510 53] 820 1899 1100 1212 [1216 54] 1212 1217 200 419 149 143 [153 55] 143 149 419 200 1217 807 1227 [662 56] 1022 1344 [369 57] [1344 58] 538 290 416 [425 59] 1239 1173 1016 [1462 60] 1016 1173 [133 61] 1173 1239 224 [1755 62] 224 1239 1173 [644 63] 1173 1158 837 213 913 [53 64] 247 [1159 65] 1566 206 789 1217 807 [1655 66] 807 [1217 67] 200 419 330 1261 [352 68] 1261 1563 418 687 869 [213 69] 869 687 418 [169 70] 177 1164 [1177 71] 1164 177 18 [1680 72] [18 73] 1005 199 705 [339 74] 705 601 [75 75] 642 [297 76] 286 126 277 1815 832 10 [243 77] 10 1452 305 231 [1758 78] [1009 79] 359 1004 52 [156 80] 52 1004 40 [1149 81] 40 1004 52 940 873 871 [877 82] 288 223 962 [30 83] 496 1433 119 [428 84] 119 [301 85] 984 536 1446 1249 127 [341 86] 127 [757 87] 127 1249 1446 536 984 301 [1010 88] 244 170 [246 89] 170 935 [997 90] [1440 91] 10 21 [1779 92] 986 [541 93] 177 [1164 94] 1177 [1030 95] 1058 1049 1051 815 1702 [1348 96] 1702 815 [1787 97] 163 1086 [216 98] 1086 93 1182 [542 99] 1487 1366 487 1397 1791 [57 100] 557 281 76 T
666
1184 1341 592 [1421 37] 1410 [476 38] 1410 1530 1634 1486 4 [389 39] 417 782 [1500 40] [1258 41] 1016 1173 133 303 306 [1246 42] 306 1039 [1496 43] 1039 [1812 44] 378 [310 45] 971 832 1815 [277 46] 1815 832 1560 [1805 47] 1679 1027 [1405 48] 820 1899 629 [1850 49] 629 1899 [165 50] 1899 820 510 [1248 51] 510 820 1899 1100 828 [1332 52] 828 1100 1899 820 [510 53] 820 1899 1100 1212 [1216 54] 1212 1217 200 419 149 143 [153 55] 143 149 419 200 1217 807 1227 [662 56] 1022 1344 [369 57] [1344 58] 538 290 416 [425 59] 1239 1173 1016 [1462 60] 1016 1173 [133 61] 1173 1239 224 [1755 62] 224 1239 1173 [644 63] 1173 1158 837 213 913 [53 64] 247 [1159 65] 1566 206 789 1217 807 [1655 66] 807 [1217 67] 200 419 330 1261 [352 68] 1261 1563 418 687 869 [213 69] 869 687 418 [169 70] 177 1164 [1177 71] 1164 177 18 [1680 72] [18 73] 1005 199 705 [339 74] 705 601 [75 75] 642 [297 76] 286 126 277 1815 832 10 [243 77] 10 1452 305 231 [1758 78] [1009 79] 359 1004 52 [156 80] 52 1004 40 [1149 81] 40 1004 52 940 873 871 [877 82] 288 223 962 [30 83] 496 1433 119 [428 84] 119 [301 85] 984 536 1446 1249 127 [341 86] 127 [757 87] 127 1249 1446 536 984 301 [1010 88] 244 170 [246 89] 170 935 [997 90] [1440 91] 10 21 [1779 92] 986 [541 93] 177 [1164 94] 1177 [1030 95] 1058 1049 1051 815 1702 [1348 96] 1702 815 [1787 97] 163 1086 [216 98] 1086 93 1182 [542 99] 1487 1366 487 1397 1791 [57 100] 557 281 76 T
675
786 417 389 4 1486 1227 1469 1834 [364 38] 1834 1469 1227 1486 4 [389 39] 417 782 [1500 40] [1258 41] 1016 1173 133 303 306 [1246 42] 306 1039 [1496 43] 1039 [1812 44] 378 [310 45] 971 832 1815 [277 46] 1815 832 1560 [1805 47] 1679 1027 [1405 48] 820 1899 629 [1850 49] 629 1899 [165 50] 1899 820 510 [1248 51] 510 820 1899 1100 828 [1332 52] 828 1100 1899 820 [510 53] 820 1899 1100 1212 [1216 54] 1212 1217 200 419 149 143 [153 55] 143 149 419 200 1217 807 1227 [662 56] 1022 1344 [369 57] [1344 58] 538 290 416 [425 59] 1239 1173 1016 [1462 60] 1016 1173 [133 61] 1173 1239 224 [1755 62] 224 1239 1173 [644 63] 1173 1158 837 213 913 [53 64] 247 [1159 65] 1566 206 789 1217 807 [1655 66] 807 [1217 67] 200 419 330 1261 [352 68] 1261 1563 418 687 869 [213 69] 869 687 418 [169 70] 177 1164 [1177 71] 1164 177 18 [1680 72] [18 73] 1005 199 705 [339 74] 705 601 [75 75] 642 [297 76] 286 126 277 1815 832 10 [243 77] 10 1452 305 231 [1758 78] [1009 79] 359 1004 52 [156 80] 52 1004 40 [1149 81] 40 1004 52 940 873 871 [877 82] 288 223 962 [30 83] 496 1433 119 [428 84] 119 [301 85] 984 536 1446 1249 127 [341 86] 127 [757 87] 127 1249 1446 536 984 301 [1010 88] 244 170 [246 89] 170 935 [997 90] [1440 91] 10 21 [1779 92] 986 [541 93] 177 [1164 94] 1177 [1030 95] 1058 1049 1051 815 1702 [1348 96] 1702 815 [1787 97] 163 1086 [216 98] 1086 93 1182 [542 99] 1487 1366 487 1397 1791 [57 100] 557 281 76 T
667
389 810 [6 39] 810 389 417 782 [1500 40] [1258 41] 1016 1173 133 303 306 [1246 42] 306 1039 [1496 43] 1039 [1812 44] 378 [310 45] 971 832 1815 [277 46] 1815 832 1560 [1805 47] 1679 1027 [1405 48] 820 1899 629 [1850 49] 629 1899 [165 50] 1899 820 510 [1248 51] 510 820 1899 1100 828 [1332 52] 828 1100 1899 820 [510 53] 820 1899 1100 1212 [1216 54] 1212 1217 200 419 149 143 [153 55] 143 149 419 200 1217 807 1227 [662 56] 1022 1344 [369 57] [1344 58] 538 290 416 [425 59] 1239 1173 1016 [1462 60] 1016 1173 [133 61] 1173 1239 224 [1755 62] 224 1239 1173 [644 63] 1173 1158 837 213 913 [53 64] 247 [1159 65] 1566 206 789 1217 807 [1655 66] 807 [1217 67] 200 419 330 1261 [352 68] 1261 1563 418 687 869 [213 69] 869 687 418 [169 70] 177 1164 [1177 71] 1164 177 18 [1680 72] [18 73] 1005 199 705 [339 74] 705 601 [75 75] 642 [297 76] 286 126 277 1815 832 10 [243 77] 10 1452 305 231 [1758 78] [1009 79] 359 1004 52 [156 80] 52 1004 40 [1149 81] 40 1004 52 940 873 871 [877 82] 288 223 962 [30 83] 496 1433 119 [428 84] 119 [301 85] 984 536 1446 1249 127 [341 86] 127 [757 87] 127 1249 1446 536 984 301 [1010 88] 244 170 [246 89] 170 935 [997 90] [1440 91] 10 21 [1779 92] 986 [541 93] 177 [1164 94] 1177 [1030 95] 1058 1049 1051 815 1702 [1348 96] 1702 815 [1787 97] 163 1086 [216 98] 1086 93 1182 [542 99] 1487 1366 487 1397 1791 [57 100] 557 281 76 T
667
1500 1818 573 [1381 40] [181 41] 1376 1631 [690 42] 1410 1421 [592 43] 1840 1787 [1812 44] 378 [310 45] 971 832 1815 [277 46] 1815 832 1560 [1805 47] 1679 1027 [1405 48] 820 1899 629 [1850 49] 629 1899 [165 50] 1899 820 510 [1248 51] 510 820 1899 1100 828 [1332 52] 828 1100 1899 820 [510 53] 820 1899 1100 1212 [1216 54] 1212 1217 200 419 149 143 [153 55] 143 149 419 200 1217 807 1227 [662 56] 1022 1344 [369 57] [1344 58] 538 290 416 [425 59] 1239 1173 1016 [1462 60] 1016 1173 [133 61] 1173 1239 224 [1755 62] 224 1239 1173 [644 63] 1173 1158 837 213 913 [53 64] 247 [1159 65] 1566 206 789 1217 807 [1655 66] 807 [1217 67] 200 419 330 1261 [352 68] 1261 1563 418 687 869 [213 69] 869 687 418 [169 70] 177 1164 [1177 71] 1164 177 18 [1680 72] [18 73] 1005 199 705 [339 74] 705 601 [75 75] 642 [297 76] 286 126 277 1815 832 10 [243 77] 10 1452 305 231 [1758 78] [1009 79] 359 1004 52 [156 80] 52 1004 40 [1149 81] 40 1004 52 940 873 871 [877 82] 288 223 962 [30 83] 496 1433 119 [428 84] 119 [301 85] 984 536 1446 1249 127 [341 86] 127 [757 87] 127 1249 1446 536 984 301 [1010 88] 244 170 [246 89] 170 935 [997 90] [1440 91] 10 21 [1779 92] 986 [541 93] 177 [1164 94] 1177 [1030 95] 1058 1049 1051 815 1702 [1348 96] 1702 815 [1787 97] 163 1086 [216 98] 1086 93 1182 [542 99] 1487 1366 487 1397 1791 [57 100] 557 281 76 T
663
1258 1016 1173 1239 [1775 41] 1239 1173 133 303 306 [1246 42] 306 1039 [1496 43] 1039 [1812 44] 378 [310 45] 971 832 1815 [277 46] 1815 832 1560 [1805 47] 1679 1027 [1405 48] 820 1899 629 [1850 49] 629 1899 [165 50] 1899 820 510 [1248 51] 510 820 1899 1100 828 [1332 52] 828 1100 1899 820 [510 53] 820 1899 1100 1212 [1216 54] 1212 1217 200 419 149 143 [153 55] 143 149 419 200 1217 807 1227 [662 56] 1022 1344 [369 57] [1344 58] 538 290 416 [425 59] 1239 1173 1016 [1462 60] 1016 1173 [133 61] 1173 1239 224 [1755 62] 224 1239 1173 [644 63] 1173 1158 837 213 913 [53 64] 247 [1159 65] 1566 206 789 1217 807 [1655 66] 807 [1217 67] 200 419 330 1261 [352 68] 1261 1563 418 687 869 [213 69] 869 687 418 [169 70] 177 1164 [1177 71] 1164 177 18 [1680 72] [18 73] 1005 199 705 [339 74] 705 601 [75 75] 642 [297 76] 286 126 277 1815 832 10 [243 77] 10 1452 305 231 [1758 78] [1009 79] 359 1004 52 [156 80] 52 1004 40 [1149 81] 40 1004 52 940 873 871 [877 82] 288 223 962 [30 83] 496 1433 119 [428 84] 119 [301 85] 984 536 1446 1249 127 [341 86] 127 [757 87] 127 1249 1446 536 984 301 [1010 88] 244 170 [246 89] 170 935 [997 90] [1440 91] 10 21 [1779 92] 986 [541 93] 177 [1164 94] 1177 [1030 95] 1058 1049 1051 815 1702 [1348 96] 1702 815 [1787 97] 163 1086 [216 98] 1086 93 1182 [542 99] 1487 1366 487 1397 1791 [57 100] 557 281 76 T
665
1246 306 1039 [227 42] 1039 [1496 43] 1039 [1812 44] 378 [310 45] 971 832 1815 [277 46] 1815 832 1560 [1805 47] 1679 1027 [1405 48] 820 1899 629 [1850 49] 629 1899 [165 50] 1899 820 510 [1248 51] 510 820 1899 1100 828 [1332 52] 828 1100 1899 820 [510 53] 820 1899 1100 1212 [1216 54] 1212 1217 200 419 149 143 [153 55] 143 149 419 200 1217 807 1227 [662 56] 1022 1344 [369 57] [1344 58] 538 290 416 [425 59] 1239 1173 1016 [1462 60] 1016 1173 [133 61] 1173 1239 224 [1755 62] 224 1239 1173 [644 63] 1173 1158 837 213 913 [53 64] 247 [1159 65] 1566 206 789 1217 807 [1655 66] 807 [1217 67] 200 419 330 1261 [352 68] 1261 1563 418 687 869 [213 69] 869 687 418 [169 70] 177 1164 [1177 71] 1164 177 18 [1680 72] [18 73] 1005 199 705 [339 74] 705 601 [75 75] 642 [297 76] 286 126 277 1815 832 10 [243 77] 10 1452 305 231 [1758 78] [1009 79] 359 1004 52 [156 80] 52 1004 40 [1149 81] 40 1004 52 940 873 871 [877 82] 288 223 962 [30 83] 496 1433 119 [428 84] 119 [301 85] 984 536 1446 1249 127 [341 86] 127 [757 87] 127 1249 1446 536 984 301 [1010 88] 244 170 [246 89] 170 935 [997 90] [1440 91] 10 21 [1779 92] 986 [541 93] 177 [1164 94] 1177 [1030 95] 1058 1049 1051 815 1702 [1348 96] 1702 815 [1787 97] 163 1086 [216 98] 1086 93 1182 [542 99] 1487 1366 487 1397 1791 [57 100] 557 281 76 T
671
1496 1039 1812 1787 1840 [592 43] 1840 1787 [1812 44] 378 [310 45] 971 832 1815 [277 46] 1815 832 1560 [1805 47] 1679 1027 [1405 48] 820 1899 629 [1850 49] 629 1899 [165 50] 1899 820 510 [1248 51] 510 820 1899 1100 828 [1332 52] 828 1100 1899 820 [510 53] 820 1899 1100 1212 [1216 54] 1212 1217 200 419 149 143 [153 55] 143 149 419 200 1217 807 1227 [662 56] 1022 1344 [369 57] [1344 58] 538 290 416 [425 59] 1239 1173 1016 [1462 60] 1016 1173 [133 61] 1173 1239 224 [1755 62] 224 1239 1173 [644 63] 1173 1158 837 213 913 [53 64] 247 [1159 65] 1566 206 789 1217 807 [1655 66] 807 [1217 67] 200 419 330 1261 [352 68] 1261 1563 418 687 869 [213 69] 869 687 418 [169 70] 177 1164 [1177 71] 1164 177 18 [1680 72] [18 73] 1005 199 705 [339 74] 705 601 [75 75] 642 [297 76] 286 126 277 1815 832 10 [243 77] 10 1452 305 231 [1758 78] [1009 79] 359 1004 52 [156 80] 52 1004 40 [1149 81] 40 1004 52 940 873 871 [877 82] 288 223 962 [30 83] 496 1433 119 [428 84] 119 [301 85] 984 536 1446 1249 127 [341 86] 127 [757 87] 127 1249 1446 536 984 301 [1010 88] 244 170 [246 89] 170 935 [997 90] [1440 91] 10 21 [1779 92] 986 [541 93] 177 [1164 94] 1177 [1030 95] 1058 1049 1051 815 1702 [1348 96] 1702 815 [1787 97] 163 1086 [216 98] 1086 93 1182 [542 99] 1487 1366 487 1397 1791 [57 100] 557 281 76 T
667
1812 1742 [1308 44] 1742 1812 378 [310 45] 971 832 1815 [277 46] 1815 832 1560 [1805 47] 1679 1027 [1405 48] 820 1899 629 [1850 49] 629 1899 [165 50] 1899 820 510 [1248 51] 510 820 1899 1100 828 [1332 52] 828 1100 1899 820 [510 53] 820 1899 1100 1212 [1216 54] 1212 1217 200 419 149 143 [153 55] 143 149 419 200 1217 807 1227 [662 56] 1022 1344 [369 57] [1344 58] 538 290 416 [425 59] 1239 1173 1016 [1462 60] 1016 1173 [133 61] 1173 1239 224 [1755 62] 224 1239 1173 [644 63] 1173 1158 837 213 913 [53 64] 247 [1159 65] 1566 206 789 1217 807 [1655 66] 807 [1217 67] 200 419 330 1261 [352 68] 1261 1563 418 687 869 [213 69] 869 687 418 [169 70] 177 1164 [1177 71] 1164 177 18 [1680 72] [18 73] 1005 199 705 [339 74] 705 601 [75 75] 642 [297 76] 286 126 277 1815 832 10 [243 77] 10 1452 305 231 [1758 78] [1009 79] 359 1004 52 [156 80] 52 1004 40 [1149 81] 40 1004 52 940 873 871 [877 82] 288 223 962 [30 83] 496 1433 119 [428 84] 119 [301 85] 984 536 1446 1249 127 [341 86] 127 [757 87] 127 1249 1446 536 984 301 [1010 88] 244 170 [246 89] 170 935 [997 90] [1440 91] 10 21 [1779 92] 986 [541 93] 177 [1164 94] 1177 [1030 95] 1058 1049 1051 815 1702 [1348 96] 1702 815 [1787 97] 163 1086 [216 98] 1086 93 1182 [542 99] 1487 1366 487 1397 1791 [57 100] 557 281 76 T
667
310 971 832 974 637 [722 45] 637 974 832 1815 [277 46] 1815 832 1560 [1805 47] 1679 1027 [1405 48] 820 1899 629 [1850 49] 629 1899 [165 50] 1899 820 510 [1248 51] 510 820 1899 1100 828 [1332 52] 828 1100 1899 820 [510 53] 820 1899 1100 1212 [1216 54] 1212 1217 200 419 149 143 [153 55] 143 149 419 200 1217 807 1227 [662 56] 1022 1344 [369 57] [1344 58] 538 290 416 [425 59] 1239 1173 1016 [1462 60] 1016 1173 [133 61] 1173 1239 224 [1755 62] 224 1239 1173 [644 63] 1173 1158 837 213 913 [53 64] 247 [1159 65] 1566 206 789 1217 807 [1655 66] 807 [1217 67] 200 419 330 1261 [352 68] 1261 1563 418 687 869 [213 69] 869 687 418 [169 70] 177 1164 [1177 71] 1164 177 18 [1680 72] [18 73] 1005 199 705 [339 74] 705 601 [75 75] 642 [297 76] 286 126 277 1815 832 10 [243 77] 10 1452 305 231 [1758 78] [1009 79] 359 1004 52 [156 80] 52 1004 40 [1149 81] 40 1004 52 940 873 871 [877 82] 288 223 962 [30 83] 496 1433 119 [428 84] 119 [301 85] 984 536 1446 1249 127 [341 86] 127 [757 87] 127 1249 1446 536 984 301 [1010 88] 244 170 [246 89] 170 935 [997 90] [1440 91] 10 21 [1779 92] 986 [541 93] 177 [1164 94] 1177 [1030 95] 1058 1049 1051 815 1702 [1348 96] 1702 815 [1787 97] 163 1086 [216 98] 1086 93 1182 [542 99] 1487 1366 487 1397 1791 [57 100] 557 281 76 T
666
277 1815 832 10 21 [487 46] 1366 1627 [1171 47] 1581 768 629 1899 820 [1405 48] 820 1899 629 [1850 49] 629 1899 [165 50] 1899 820 510 [1248 51] 510 820 1899 1100 828 [1332 52] 828 1100 1899 820 [510 53] 820 1899 1100 1212 [1216 54] 1212 1217 200 419 149 143 [153 55] 143 149 419 200 1217 807 1227 [662 56] 1022 1344 [369 57] [1344 58] 538 290 416 [425 59] 1239 1173 1016 [1462 60] 1016 1173 [133 61] 1173 1239 224 [1755 62] 224 1239 1173 [644 63] 1173 1158 837 213 913 [53 64] 247 [1159 65] 1566 206 789 1217 807 [1655 66] 807 [1217 67] 200 419 330 1261 [352 68] 1261 1563 418 687 869 [213 69] 869 687 418 [169 70] 177 1164 [1177 71] 1164 177 18 [1680 72] [18 73] 1005 199 705 [339 74] 705 601 [75 75] 642 [297 76] 286 126 277 1815 832 10 [243 77] 10 1452 305 231 [1758 78] [1009 79] 359 1004 52 [156 80] 52 1004 40 [1149 81] 40 1004 52 940 873 871 [877 82] 288 223 962 [30 83] 496 1433 119 [428 84] 119 [301 85] 984 536 1446 1249 127 [341 86] 127 [757 87] 127 1249 1446 536 984 301 [1010 88] 244 170 [246 89] 170 935 [997 90] [1440 91] 10 21 [1779 92] 986 [541 93] 177 [1164 94] 1177 [1030 95] 1058 1049 1051 815 1702 [1348 96] 1702 815 [1787 97] 163 1086 [216 98] 1086 93 1182 [542 99] 1487 1366 487 1397 1791 [57 100] 557 281 76 T
669
1805 1679 564 548 [7 47] 548 564 1679 1027 [1405 48] 820 1899 629 [1850 49] 629 1899 [165 50] 1899 820 510 [1248 51] 510 820 1899 1100 828 [1332 52] 828 1100 1899 820 [510 53] 820 1899 1100 1212 [1216 54] 1212 1217 200 419 149 143 [153 55] 143 149 419 200 1217 807 1227 [662 56] 1022 1344 [369 57] [1344 58] 538 290 416 [425 59] 1239 1173 1016 [1462 60] 1016 1173 [133 61] 1173 1239 224 [1755 62] 224 1239 1173 [644 63] 1173 1158 837 213 913 [53 64] 247 [1159 65] 1566 206 789 1217 807 [1655 66] 807 [1217 67] 200 419 330 1261 [352 68] 1261 1563 418 687 869 [213 69] 869 687 418 [169 70] 177 1164 [1177 71] 1164 177 18 [1680 72] [18 73] 1005 199 705 [339 74] 705 601 [75 75] 642 [297 76] 286 126 277 1815 832 10 [243 77] 10 1452 305 231 [1758 78] [1009 79] 359 1004 52 [156 80] 52 1004 40 [1149 81] 40 1004 52 940 873 871 [877 82] 288 223 962 [30 83] 496 1433 119 [428 84] 119 [301 85] 984 536 1446 1249 127 [341 86] 127 [757 87] 127 1249 1446 536 984 301 [1010 88] 244 170 [246 89] 170 935 [997 90] [1440 91] 10 21 [1779 92] 986 [541 93] 177 [1164 94] 1177 [1030 95] 1058 1049 1051 815 1702 [1348 96] 1702 815 [1787 97] 163 1086 [216 98] 1086 93 1182 [542 99] 1487 1366 487 1397 1791 [57 100] 557 281 76 T
671
1405 820 1899 629 960 694 [1377 48] 694 960 629 [1850 49] 629 1899 [165 50] 1899 820 510 [1248 51] 510 820 1899 1100 828 [1332 52] 828 1100 1899 820 [510 53] 820 1899 1100 1212 [1216 54] 1212 1217 200 419 149 143 [153 55] 143 149 419 200 1217 807 1227 [662 56] 1022 1344 [369 57] [1344 58] 538 290 416 [425 59] 1239 1173 1016 [1462 60] 1016 1173 [133 61] 1173 1239 224 [1755 62] 224 1239 1173 [644 63] 1173 1158 837 213 913 [53 64] 247 [1159 65] 1566 206 789 1217 807 [1655 66] 807 [1217 67] 200 419 330 1261 [352 68] 1261 1563 418 687 869 [213 69] 869 687 418 [169 70] 177 1164 [1177 71] 1164 177 18 [1680 72] [18 73] 1005 199 705 [339 74] 705 601 [75 75] 642 [297 76] 286 126 277 1815 832 10 [243 77] 10 1452 305 231 [1758 78] [1009 79] 359 1004 52 [156 80] 52 1004 40 [1149 81] 40 1004 52 940 873 871 [877 82] 288 223 962 [30 83] 496 1433 119 [428 84] 119 [301 85] 984 536 1446 1249 127 [341 86] 127 [757 87] 127 1249 1446 536 984 301 [1010 88] 244 170 [246 89] 170 935 [997 90] [1440 91] 10 21 [1779 92] 986 [541 93] 177 [1164 94] 1177 [1030 95] 1058 1049 1051 815 1702 [1348 96] 1702 815 [1787 97] 163 1086 [216 98] 1086 93 1182 [542 99] 1487 1366 487 1397 1791 [57 100] 557 281 76 T
669
1850 629 [1488 49] 629 1899 [165 50] 1899 820 510 [1248 51] 510 820 1899 1100 828 [1332 52] 828 1100 1899 820 [510 53] 820 1899 1100 1212 [1216 54] 1212 1217 200 419 149 143 [153 55] 143 149 419 200 1217 807 1227 [662 56] 1022 1344 [369 57] [1344 58] 538 290 416 [425 59] 1239 1173 1016 [1462 60] 1016 1173 [133 61] 1173 1239 224 [1755 62] 224 1239 1173 [644 63] 1173 1158 837 213 913 [53 64] 247 [1159 65] 1566 206 789 1217 807 [1655 66] 807 [1217 67] 200 419 330 1261 [352 68] 1261 1563 418 687 869 [213 69] 869 687 418 [169 70] 177 1164 [1177 71] 1164 177 18 [1680 72] [18 73] 1005 199 705 [339 74] 705 601 [75 75] 642 [297 76] 286 126 277 1815 832 10 [243 77] 10 1452 305 231 [1758 78] [1009 79] 359 1004 52 [156 80] 52 1004 40 [1149 81] 40 1004 52 940 873 871 [877 82] 288 223 962 [30 83] 496 1433 119 [428 84] 119 [301 85] 984 536 1446 1249 127 [341 86] 127 [757 87] 127 1249 1446 536 984 301 [1010 88] 244 170 [246 89] 170 935 [997 90] [1440 91] 10 21 [1779 92] 986 [541 93] 177 [1164 94] 1177 [1030 95] 1058 1049 1051 815 1702 [1348 96] 1702 815 [1787 97] 163 1086 [216 98] 1086 93 1182 [542 99] 1487 1366 487 1397 1791 [57 100] 557 281 76 T
669
165 1899 1100 1694 1168 137 [981 50] 137 1168 1724 [737 51] 1724 1162 1623 673 1204 [551 52] 1204 1343 [44 53] 1515 901 1336 525 [1216 54] 1212 1217 200 419 149 143 [153 55] 143 149 419 200 1217 807 1227 [662 56] 1022 1344 [369 57] [1344 58] 538 290 416 [425 59] 1239 1173 1016 [1462 60] 1016 1173 [133 61] 1173 1239 224 [1755 62] 224 1239 1173 [644 63] 1173 1158 837 213 913 [53 64] 247 [1159 65] 1566 206 789 1217 807 [1655 66] 807 [1217 67] 200 419 330 1261 [352 68] 1261 1563 418 687 869 [213 69] 869 687 418 [169 70] 177 1164 [1177 71] 1164 177 18 [1680 72] [18 73] 1005 199 705 [339 74] 705 601 [75 75] 642 [297 76] 286 126 277 1815 832 10 [243 77] 10 1452 305 231 [1758 78] [1009 79] 359 1004 52 [156 80] 52 1004 40 [1149 81] 40 1004 52 940 873 871 [877 82] 288 223 962 [30 83] 496 1433 119 [428 84] 119 [301 85] 984 536 1446 1249 127 [341 86] 127 [757 87] 127 1249 1446 536 984 301 [1010 88] 244 170 [246 89] 170 935 [997 90] [1440 91] 10 21 [1779 92] 986 [541 93] 177 [1164 94] 1177 [1030 95] 1058 1049 1051 815 1702 [1348 96] 1702 815 [1787 97] 163 1086 [216 98] 1086 93 1182 [542 99] 1487 1366 487 1397 1791 [57 100] 557 281 76 T
663
1248 510 206 [789 51] 206 1566 [973 52] 1566 206 [510 53] 820 1899 1100 1212 [1216 54] 1212 1217 200 419 149 143 [153 55] 143 149 419 200 1217 807 1227 [662 56] 1022 1344 [369 57] [1344 58] 538 290 416 [425 59] 1239 1173 1016 [1462 60] 1016 1173 [133 61] 1173 1239 224 [1755 62] 224 1239 1173 [644 63] 1173 1158 837 213 913 [53 64] 247 [1159 65] 1566 206 789 1217 807 [1655 66] 807 [1217 67] 200 419 330 1261 [352 68] 1261 1563 418 687 869 [213 69] 869 687 418 [169 70] 177 1164 [1177 71] 1164 177 18 [1680 72] [18 73] 1005 199 705 [339 74] 705 601 [75 75] 642 [297 76] 286 126 277 1815 832 10 [243 77] 10 1452 305 231 [1758 78] [1009 79] 359 1004 52 [156 80] 52 1004 40 [1149 81] 40 1004 52 940 873 871 [877 82] 288 223 962 [30 83] 496 1433 119 [428 84] 119 [301 85] 984 536 1446 1249 127 [341 86] 127 [757 87] 127 1249 1446 536 984 301 [1010 88] 244 170 [246 89] 170 935 [997 90] [1440 91] 10 21 [1779 92] 986 [541 93] 177 [1164 94] 1177 [1030 95] 1058 1049 1051 815 1702 [1348 96] 1702 815 [1787 97] 163 1086 [216 98] 1086 93 1182 [542 99] 1487 1366 487 1397 1791 [57 100] 557 281 76 T
668
1332 828 1100 1899 629 768 1204 [551 52] 1204 1343 [44 53] 1515 901 1336 525 [1216 54] 1212 1217 200 419 149 143 [153 55] 143 149 419 200 1217 807 1227 [662 56] 1022 1344 [369 57] [1344 58] 538 290 416 [425 59] 1239 1173 1016 [1462 60] 1016 1173 [133 61] 1173 1239 224 [1755 62] 224 1239 1173 [644 63] 1173 1158 837 213 913 [53 64] 247 [1159 65] 1566 206 789 1217 807 [1655 66] 807 [1217 67] 200 419 330 1261 [352 68] 1261 1563 418 687 869 [213 69] 869 687 418 [169 70] 177 1164 [1177 71] 1164 177 18 [1680 72] [18 73] 1005 199 705 [339 74] 705 601 [75 75] 642 [297 76] 286 126 277 1815 832 10 [243 77] 10 1452 305 231 [1758 78] [1009 79] 359 1004 52 [156 80] 52 1004 40 [1149 81] 40 1004 52 940 873 871 [877 82] 288 223 962 [30 83] 496 1433 119 [428 84] 119 [301 85] 984 536 1446 1249 127 [341 86] 127 [757 87] 127 1249 1446 536 984 301 [1010 88] 244 170 [246 89] 170 935 [997 90] [1440 91] 10 21 [1779 92] 986 [541 93] 177 [1164 94] 1177 [1030 95] 1058 1049 1051 815 1702 [1348 96] 1702 815 [1787 97] 163 1086 [216 98] 1086 93 1182 [542 99] 1487 1366 487 1397 1791 [57 100] 557 281 76 T
670
510 820 1899 629 768 1204 1343 [44 53] 1515 901 1336 525 [1216 54] 1212 1217 200 419 149 143 [153 55] 143 149 419 200 1217 807 1227 [662 56] 1022 1344 [369 57] [1344 58] 538 290 416 [425 59] 1239 1173 1016 [1462 60] 1016 1173 [133 61] 1173 1239 224 [1755 62] 224 1239 1173 [644 63] 1173 1158 837 213 913 [53 64] 247 [1159 65] 1566 206 789 1217 807 [1655 66] 807 [1217 67] 200 419 330 1261 [352 68] 1261 1563 418 687 869 [213 69] 869 687 418 [169 70] 177 1164 [1177 71] 1164 177 18 [1680 72] [18 73] 1005 199 705 [339 74] 705 601 [75 75] 642 [297 76] 286 126 277 1815 832 10 [243 77] 10 1452 305 231 [1758 78] [1009 79] 359 1004 52 [156 80] 52 1004 40 [1149 81] 40 1004 52 940 873 871 [877 82] 288 223 962 [30 83] 496 1433 119 [428 84] 119 [301 85] 984 536 1446 1249 127 [341 86] 127 [757 87] 127 1249 1446 536 984 301 [1010 88] 244 170 [246 89] 170 935 [997 90] [1440 91] 10 21 [1779 92] 986 [541 93] 177 [1164 94] 1177 [1030 95] 1058 1049 1051 815 1702 [1348 96] 1702 815 [1787 97] 163 1086 [216 98] 1086 93 1182 [542 99] 1487 1366 487 1397 1791 [57 100] 557 281 76 T
665
1216 1212 1217 807 1227 662 1179 [839 54] 1179 281 [557 55] 281 1179 [662 56] 1022 1344 [369 57] [1344 58] 538 290 416 [425 59] 1239 1173 1016 [1462 60] 1016 1173 [133 61] 1173 1239 224 [1755 62] 224 1239 1173 [644 63] 1173 1158 837 213 913 [53 64] 247 [1159 65] 1566 206 789 1217 807 [1655 66] 807 [1217 67] 200 419 330 1261 [352 68] 1261 1563 418 687 869 [213 69] 869 687 418 [169 70] 177 1164 [1177 71] 1164 177 18 [1680 72] [18 73] 1005 199 705 [339 74] 705 601 [75 75] 642 [297 76] 286 126 277 1815 832 10 [243 77] 10 1452 305 231 [1758 78] [1009 79] 359 1004 52 [156 80] 52 1004 40 [1149 81] 40 1004 52 940 873 871 [877 82] 288 223 962 [30 83] 496 1433 119 [428 84] 119 [301 85] 984 536 1446 1249 127 [341 86] 127 [757 87] 127 1249 1446 536 984 301 [1010 88] 244 170 [246 89] 170 935 [997 90] [1440 91] 10 21 [1779 92] 986 [541 93] 177 [1164 94] 1177 [1030 95] 1058 1049 1051 815 1702 [1348 96] 1702 815 [1787 97] 163 1086 [216 98] 1086 93 1182 [542 99] 1487 1366 487 1397 1791 [57 100] 557 281 76 T
665
153 143 146 1564 1207 [557 55] 281 1179 [662 56] 1022 1344 [369 57] [1344 58] 538 290 416 [425 59] 1239 1173 1016 [1462 60] 1016 1173 [133 61] 1173 1239 224 [1755 62] 224 1239 1173 [644 63] 1173 1158 837 213 913 [53 64] 247 [1159 65] 1566 206 789 1217 807 [1655 66] 807 [1217 67] 200 419 330 1261 [352 68] 1261 1563 418 687 869 [213 69] 869 687 418 [169 70] 177 1164 [1177 71] 1164 177 18 [1680 72] [18 73] 1005 199 705 [339 74] 705 601 [75 75] 642 [297 76] 286 126 277 1815 832 10 [243 77] 10 1452 305 231 [1758 78] [1009 79] 359 1004 52 [156 80] 52 1004 40 [1149 81] 40 1004 52 940 873 871 [877 82] 288 223 962 [30 83] 496 1433 119 [428 84] 119 [301 85] 984 536 1446 1249 127 [341 86] 127 [757 87] 127 1249 1446 536 984 301 [1010 88] 244 170 [246 89] 170 935 [997 90] [1440 91] 10 21 [1779 92] 986 [541 93] 177 [1164 94] 1177 [1030 95] 1058 1049 1051 815 1702 [1348 96] 1702 815 [1787 97] 163 1086 [216 98] 1086 93 1182 [542 99] 1487 1366 487 1397 1791 [57 100] 557 281 76 T
668
662 1227 1486 1634 1703 1453 [1007 56] 1453 1703 466 1344 [369 57] [1344 58] 538 290 416 [425 59] 1239 1173 1016 [1462 60] 1016 1173 [133 61] 1173 1239 224 [1755 62] 224 1239 1173 [644 63] 1173 1158 837 213 913 [53 64] 247 [1159 65] 1566 206 789 1217 807 [1655 66] 807 [1217 67] 200 419 330 1261 [352 68] 1261 1563 418 687 869 [213 69] 869 687 418 [169 70] 177 1164 [1177 71] 1164 177 18 [1680 72] [18 73] 1005 199 705 [339 74] 705 601 [75 75] 642 [297 76] 286 126 277 1815 832 10 [243 77] 10 1452 305 231 [1758 78] [1009 79] 359 1004 52 [156 80] 52 1004 40 [1149 81] 40 1004 52 940 873 871 [877 82] 288 223 962 [30 83] 496 1433 119 [428 84] 119 [301 85] 984 536 1446 1249 127 [341 86] 127 [757 87] 127 1249 1446 536 984 301 [1010 88] 244 170 [246 89] 170 935 [997 90] [1440 91] 10 21 [1779 92] 986 [541 93] 177 [1164 94] 1177 [1030 95] 1058 1049 1051 815 1702 [1348 96] 1702 815 [1787 97] 163 1086 [216 98] 1086 93 1182 [542 99] 1487 1366 487 1397 1791 [57 100] 557 281 76 T
673
369 1344 1120 1898 [1210 57] 1898 1120 [1344 58] 538 290 416 [425 59] 1239 1173 1016 [1462 60] 1016 1173 [133 61] 1173 1239 224 [1755 62] 224 1239 1173 [644 63] 1173 1158 837 213 913 [53 64] 247 [1159 65] 1566 206 789 1217 807 [1655 66] 807 [1217 67] 200 419 330 1261 [352 68] 1261 1563 418 687 869 [213 69] 869 687 418 [169 70] 177 1164 [1177 71] 1164 177 18 [1680 72] [18 73] 1005 199 705 [339 74] 705 601 [75 75] 642 [297 76] 286 126 277 1815 832 10 [243 77] 10 1452 305 231 [1758 78] [1009 79] 359 1004 52 [156 80] 52 1004 40 [1149 81] 40 1004 52 940 873 871 [877 82] 288 223 962 [30 83] 496 1433 119 [428 84] 119 [301 85] 984 536 1446 1249 127 [341 86] 127 [757 87] 127 1249 1446 536 984 301 [1010 88] 244 170 [246 89] 170 935 [997 90] [1440 91] 10 21 [1779 92] 986 [541 93] 177 [1164 94] 1177 [1030 95] 1058 1049 1051 815 1702 [1348 96] 1702 815 [1787 97] 163 1086 [216 98] 1086 93 1182 [542 99] 1487 1366 487 1397 1791 [57 100] 557 281 76 T
667
1344 1022 662 1171 [1581 58] 997 [637 59] [1407 60] 1567 155 644 1173 [133 61] 1173 1239 224 [1755 62] 224 1239 1173 [644 63] 1173 1158 837 213 913 [53 64] 247 [1159 65] 1566 206 789 1217 807 [1655 66] 807 [1217 67] 200 419 330 1261 [352 68] 1261 1563 418 687 869 [213 69] 869 687 418 [169 70] 177 1164 [1177 71] 1164 177 18 [1680 72] [18 73] 1005 199 705 [339 74] 705 601 [75 75] 642 [297 76] 286 126 277 1815 832 10 [243 77] 10 1452 305 231 [1758 78] [1009 79] 359 1004 52 [156 80] 52 1004 40 [1149 81] 40 1004 52 940 873 871 [877 82] 288 223 962 [30 83] 496 1433 119 [428 84] 119 [301 85] 984 536 1446 1249 127 [341 86] 127 [757 87] 127 1249 1446 536 984 301 [1010 88] 244 170 [246 89] 170 935 [997 90] [1440 91] 10 21 [1779 92] 986 [541 93] 177 [1164 94] 1177 [1030 95] 1058 1049 1051 815 1702 [1348 96] 1702 815 [1787 97] 163 1086 [216 98] 1086 93 1182 [542 99] 1487 1366 487 1397 1791 [57 100] 557 281 76 T
668
425 1239 1173 1158 958 1674 709 [1401 59] 709 1418 [1462 60] 1016 1173 [133 61] 1173 1239 224 [1755 62] 224 1239 1173 [644 63] 1173 1158 837 213 913 [53 64] 247 [1159 65] 1566 206 789 1217 807 [1655 66] 807 [1217 67] 200 419 330 1261 [352 68] 1261 1563 418 687 869 [213 69] 869 687 418 [169 70] 177 1164 [1177 71] 1164 177 18 [1680 72] [18 73] 1005 199 705 [339 74] 705 601 [75 75] 642 [297 76] 286 126 277 1815 832 10 [243 77] 10 1452 305 231 [1758 78] [1009 79] 359 1004 52 [156 80] 52 1004 40 [1149 81] 40 1004 52 940 873 871 [877 82] 288 223 962 [30 83] 496 1433 119 [428 84] 119 [301 85] 984 536 1446 1249 127 [341 86] 127 [757 87] 127 1249 1446 536 984 301 [1010 88] 244 170 [246 89] 170 935 [997 90] [1440 91] 10 21 [1779 92] 986 [541 93] 177 [1164 94] 1177 [1030 95] 1058 1049 1051 815 1702 [1348 96] 1702 815 [1787 97] 163 1086 [216 98] 1086 93 1182 [542 99] 1487 1366 487 1397 1791 [57 100] 557 281 76 T
667
1462 1016 1173 644 155 1567 [1407 60] 1567 155 644 1173 [133 61] 1173 1239 224 [1755 62] 224 1239 1173 [644 63] 1173 1158 837 213 913 [53 64] 247 [1159 65] 1566 206 789 1217 807 [1655 66] 807 [1217 67] 200 419 330 1261 [352 68] 1261 1563 418 687 869 [213 69] 869 687 418 [169 70] 177 1164 [1177 71] 1164 177 18 [1680 72] [18 73] 1005 199 705 [339 74] 705 601 [75 75] 642 [297 76] 286 126 277 1815 832 10 [243 77] 10 1452 305 231 [1758 78] [1009 79] 359 1004 52 [156 80] 52 1004 40 [1149 81] 40 1004 52 940 873 871 [877 82] 288 223 962 [30 83] 496 1433 119 [428 84] 119 [301 85] 984 536 1446 1249 127 [341 86] 127 [757 87] 127 1249 1446 536 984 301 [1010 88] 244 170 [246 89] 170 935 [997 90] [1440 91] 10 21 [1779 92] 986 [541 93] 177 [1164 94] 1177 [1030 95] 1058 1049 1051 815 1702 [1348 96] 1702 815 [1787 97] 163 1086 [216 98] 1086 93 1182 [542 99] 1487 1366 487 1397 1791 [57 100] 557 281 76 T
664
133 1173 1016 1462 [228 61] 33 257 707 1564 1207 [17 62] 1207 1564 146 143 155 [644 63] 1173 1158 837 213 913 [53 64] 247 [1159 65] 1566 206 789 1217 807 [1655 66] 807 [1217 67] 200 419 330 1261 [352 68] 1261 1563 418 687 869 [213 69] 869 687 418 [169 70] 177 1164 [1177 71] 1164 177 18 [1680 72] [18 73] 1005 199 705 [339 74] 705 601 [75 75] 642 [297 76] 286 126 277 1815 832 10 [243 77] 10 1452 305 231 [1758 78] [1009 79] 359 1004 52 [156 80] 52 1004 40 [1149 81] 40 1004 52 940 873 871 [877 82] 288 223 962 [30 83] 496 1433 119 [428 84] 119 [301 85] 984 536 1446 1249 127 [341 86] 127 [757 87] 127 1249 1446 536 984 301 [1010 88] 244 170 [246 89] 170 935 [997 90] [1440 91] 10 21 [1779 92] 986 [541 93] 177 [1164 94] 1177 [1030 95] 1058 1049 1051 815 1702 [1348 96] 1702 815 [1787 97] 163 1086 [216 98] 1086 93 1182 [542 99] 1487 1366 487 1397 1791 [57 100] 557 281 76 T
672
1755 224 1267 149 143 146 1564 1207 [17 62] 1207 1564 146 143 155 [644 63] 1173 1158 837 213 913 [53 64] 247 [1159 65] 1566 206 789 1217 807 [1655 66] 807 [1217 67] 200 419 330 1261 [352 68] 1261 1563 418 687 869 [213 69] 869 687 418 [169 70] 177 1164 [1177 71] 1164 177 18 [1680 72] [18 73] 1005 199 705 [339 74] 705 601 [75 75] 642 [297 76] 286 126 277 1815 832 10 [243 77] 10 1452 305 231 [1758 78] [1009 79] 359 1004 52 [156 80] 52 1004 40 [1149 81] 40 1004 52 940 873 871 [877 82] 288 223 962 [30 83] 496 1433 119 [428 84] 119 [301 85] 984 536 1446 1249 127 [341 86] 127 [757 87] 127 1249 1446 536 984 301 [1010 88] 244 170 [246 89] 170 935 [997 90] [1440 91] 10 21 [1779 92] 986 [541 93] 177 [1164 94] 1177 [1030 95] 1058 1049 1051 815 1702 [1348 96] 1702 815 [1787 97] 163 1086 [216 98] 1086 93 1182 [542 99] 1487 1366 487 1397 1791 [57 100] 557 281 76 T
663
644 1173 1158 1565 [729 63] 1565 1158 837 213 913 [53 64] 247 [1159 65] 1566 206 789 1217 807 [1655 66] 807 [1217 67] 200 419 330 1261 [352 68] 1261 1563 418 687 869 [213 69] 869 687 418 [169 70] 177 1164 [1177 71] 1164 177 18 [1680 72] [18 73] 1005 199 705 [339 74] 705 601 [75 75] 642 [297 76] 286 126 277 1815 832 10 [243 77] 10 1452 305 231 [1758 78] [1009 79] 359 1004 52 [156 80] 52 1004 40 [1149 81] 40 1004 52 940 873 871 [877 82] 288 223 962 [30 83] 496 1433 119 [428 84] 119 [301 85] 984 536 1446 1249 127 [341 86] 127 [757 87] 127 1249 1446 536 984 301 [1010 88] 244 170 [246 89] 170 935 [997 90] [1440 91] 10 21 [1779 92] 986 [541 93] 177 [1164 94] 1177 [1030 95] 1058 1049 1051 815 1702 [1348 96] 1702 815 [1787 97] 163 1086 [216 98] 1086 93 1182 [542 99] 1487 1366 487 1397 1791 [57 100] 557 281 76 T
666
53 227 431 [1409 64] 431 1211 1002 [403 65] 1171 662 1227 807 [1655 66] 807 [1217 67] 200 419 330 1261 [352 68] 1261 1563 418 687 869 [213 69] 869 687 418 [169 70] 177 1164 [1177 71] 1164 177 18 [1680 72] [18 73] 1005 199 705 [339 74] 705 601 [75 75] 642 [297 76] 286 126 277 1815 832 10 [243 77] 10 1452 305 231 [1758 78] [1009 79] 359 1004 52 [156 80] 52 1004 40 [1149 81] 40 1004 52 940 873 871 [877 82] 288 223 962 [30 83] 496 1433 119 [428 84] 119 [301 85] 984 536 1446 1249 127 [341 86] 127 [757 87] 127 1249 1446 536 984 301 [1010 88] 244 170 [246 89] 170 935 [997 90] [1440 91] 10 21 [1779 92] 986 [541 93] 177 [1164 94] 1177 [1030 95] 1058 1049 1051 815 1702 [1348 96] 1702 815 [1787 97] 163 1086 [216 98] 1086 93 1182 [542 99] 1487 1366 487 1397 1791 [57 100] 557 281 76 T
664
1159 931 116 [1074 65] 52 1004 508 1486 1227 807 [1655 66] 807 [1217 67] 200 419 330 1261 [352 68] 1261 1563 418 687 869 [213 69] 869 687 418 [169 70] 177 1164 [1177 71] 1164 177 18 [1680 72] [18 73] 1005 199 705 [339 74] 705 601 [75 75] 642 [297 76] 286 126 277 1815 832 10 [243 77] 10 1452 305 231 [1758 78] [1009 79] 359 1004 52 [156 80] 52 1004 40 [1149 81] 40 1004 52 940 873 871 [877 82] 288 223 962 [30 83] 496 1433 119 [428 84] 119 [301 85] 984 536 1446 1249 127 [341 86] 127 [757 87] 127 1249 1446 536 984 301 [1010 88] 244 170 [246 89] 170 935 [997 90] [1440 91] 10 21 [1779 92] 986 [541 93] 177 [1164 94] 1177 [1030 95] 1058 1049 1051 815 1702 [1348 96] 1702 815 [1787 97] 163 1086 [216 98] 1086 93 1182 [542 99] 1487 1366 487 1397 1791 [57 100] 557 281 76 T
674
1655 807 1227 1483 1801 1465 [1280 66] 1141 1610 [1863 67] 1610 1141 1611 [1854 68] 1452 10 21 431 [55 69] 431 21 10 [832 70] 1560 221 [413 71] 1577 1736 1597 [1709 72] 1597 1736 1577 197 21 431 [1350 73] 431 [19 74] 1569 1468 1061 [553 75] 1061 1429 366 [853 76] [298 77] 696 639 689 [1469 78] 1227 1483 1083 [1538 79] 288 [156 80] 52 1004 40 [1149 81] 40 1004 52 940 873 871 [877 82] 288 223 962 [30 83] 496 1433 119 [428 84] 119 [301 85] 984 536 1446 1249 127 [341 86] 127 [757 87] 127 1249 1446 536 984 301 [1010 88] 244 170 [246 89] 170 935 [997 90] [1440 91] 10 21 [1779 92] 986 [541 93] 177 [1164 94] 1177 [1030 95] 1058 1049 1051 815 1702 [1348 96] 1702 815 [1787 97] 163 1086 [216 98] 1086 93 1182 [542 99] 1487 1366 487 1397 1791 [57 100] 557 281 76 T
666
1217 807 938 [762 67] 1067 1065 [352 68] 1261 1563 418 687 869 [213 69] 869 687 418 [169 70] 177 1164 [1177 71] 1164 177 18 [1680 72] [18 73] 1005 199 705 [339 74] 705 601 [75 75] 642 [297 76] 286 126 277 1815 832 10 [243 77] 10 1452 305 231 [1758 78] [1009 79] 359 1004 52 [156 80] 52 1004 40 [1149 81] 40 1004 52 940 873 871 [877 82] 288 223 962 [30 83] 496 1433 119 [428 84] 119 [301 85] 984 536 1446 1249 127 [341 86] 127 [757 87] 127 1249 1446 536 984 301 [1010 88] 244 170 [246 89] 170 935 [997 90] [1440 91] 10 21 [1779 92] 986 [541 93] 177 [1164 94] 1177 [1030 95] 1058 1049 1051 815 1702 [1348 96] 1702 815 [1787 97] 163 1086 [216 98] 1086 93 1182 [542 99] 1487 1366 487 1397 1791 [57 100] 557 281 76 T
668
352 1261 1294 1280 1141 1611 [1854 68] 1452 10 21 431 [55 69] 431 21 10 [832 70] 1560 221 [413 71] 1577 1736 1597 [1709 72] 1597 1736 1577 197 21 431 [1350 73] 431 [19 74] 1569 1468 1061 [553 75] 1061 1429 366 [853 76] [298 77] 696 639 689 [1469 78] 1227 1483 1083 [1538 79] 288 [156 80] 52 1004 40 [1149 81] 40 1004 52 940 873 871 [877 82] 288 223 962 [30 83] 496 1433 119 [428 84] 119 [301 85] 984 536 1446 1249 127 [341 86] 127 [757 87] 127 1249 1446 536 984 301 [1010 88] 244 170 [246 89] 170 935 [997 90] [1440 91] 10 21 [1779 92] 986 [541 93] 177 [1164 94] 1177 [1030 95] 1058 1049 1051 815 1702 [1348 96] 1702 815 [1787 97] 163 1086 [216 98] 1086 93 1182 [542 99] 1487 1366 487 1397 1791 [57 100] 557 281 76 T
665
213 869 687 418 933 1722 [1491 69] 1722 933 418 [169 70] 177 1164 [1177 71] 1164 177 18 [1680 72] [18 73] 1005 199 705 [339 74] 705 601 [75 75] 642 [297 76] 286 126 277 1815 832 10 [243 77] 10 1452 305 231 [1758 78] [1009 79] 359 1004 52 [156 80] 52 1004 40 [1149 81] 40 1004 52 940 873 871 [877 82] 288 223 962 [30 83] 496 1433 119 [428 84] 119 [301 85] 984 536 1446 1249 127 [341 86] 127 [757 87] 127 1249 1446 536 984 301 [1010 88] 244 170 [246 89] 170 935 [997 90] [1440 91] 10 21 [1779 92] 986 [541 93] 177 [1164 94] 1177 [1030 95] 1058 1049 1051 815 1702 [1348 96] 1702 815 [1787 97] 163 1086 [216 98] 1086 93 1182 [542 99] 1487 1366 487 1397 1791 [57 100] 557 281 76 T
667
169 1114 [1483 70] 1227 [1582 71] 1227 [1486 72] 1227 946 740 1784 1534 826 [18 73] 1005 199 705 [339 74] 705 601 [75 75] 642 [297 76] 286 126 277 1815 832 10 [243 77] 10 1452 305 231 [1758 78] [1009 79] 359 1004 52 [156 80] 52 1004 40 [1149 81] 40 1004 52 940 873 871 [877 82] 288 223 962 [30 83] 496 1433 119 [428 84] 119 [301 85] 984 536 1446 1249 127 [341 86] 127 [757 87] 127 1249 1446 536 984 301 [1010 88] 244 170 [246 89] 170 935 [997 90] [1440 91] 10 21 [1779 92] 986 [541 93] 177 [1164 94] 1177 [1030 95] 1058 1049 1051 815 1702 [1348 96] 1702 815 [1787 97] 163 1086 [216 98] 1086 93 1182 [542 99] 1487 1366 487 1397 1791 [57 100] 557 281 76 T
661
1177 1164 903 [1272 71] [1588 72] 1209 1534 826 [18 73] 1005 199 705 [339 74] 705 601 [75 75] 642 [297 76] 286 126 277 1815 832 10 [243 77] 10 1452 305 231 [1758 78] [1009 79] 359 1004 52 [156 80] 52 1004 40 [1149 81] 40 1004 52 940 873 871 [877 82] 288 223 962 [30 83] 496 1433 119 [428 84] 119 [301 85] 984 536 1446 1249 127 [341 86] 127 [757 87] 127 1249 1446 536 984 301 [1010 88] 244 170 [246 89] 170 935 [997 90] [1440 91] 10 21 [1779 92] 986 [541 93] 177 [1164 94] 1177 [1030 95] 1058 1049 1051 815 1702 [1348 96] 1702 815 [1787 97] 163 1086 [216 98] 1086 93 1182 [542 99] 1487 1366 487 1397 1791 [57 100] 557 281 76 T
670
1680 18 826 822 832 [974 72] 832 10 21 431 [1350 73] 431 [19 74] 1569 1468 1061 [553 75] 1061 1429 366 [853 76] [298 77] 696 639 689 [1469 78] 1227 1483 1083 [1538 79] 288 [156 80] 52 1004 40 [1149 81] 40 1004 52 940 873 871 [877 82] 288 223 962 [30 83] 496 1433 119 [428 84] 119 [301 85] 984 536 1446 1249 127 [341 86] 127 [757 87] 127 1249 1446 536 984 301 [1010 88] 244 170 [246 89] 170 935 [997 90] [1440 91] 10 21 [1779 92] 986 [541 93] 177 [1164 94] 1177 [1030 95] 1058 1049 1051 815 1702 [1348 96] 1702 815 [1787 97] 163 1086 [216 98] 1086 93 1182 [542 99] 1487 1366 487 1397 1791 [57 100] 557 281 76 T
665
18 1005 199 1384 1773 55 431 [1350 73] 431 [19 74] 1569 1468 1061 [553 75] 1061 1429 366 [853 76] [298 77] 696 639 689 [1469 78] 1227 1483 1083 [1538 79] 288 [156 80] 52 1004 40 [1149 81] 40 1004 52 940 873 871 [877 82] 288 223 962 [30 83] 496 1433 119 [428 84] 119 [301 85] 984 536 1446 1249 127 [341 86] 127 [757 87] 127 1249 1446 536 984 301 [1010 88] 244 170 [246 89] 170 935 [997 90] [1440 91] 10 21 [1779 92] 986 [541 93] 177 [1164 94] 1177 [1030 95] 1058 1049 1051 815 1702 [1348 96] 1702 815 [1787 97] 163 1086 [216 98] 1086 93 1182 [542 99] 1487 1366 487 1397 1791 [57 100] 557 281 76 T
665
339 705 199 1384 1515 901 1336 [19 74] 1569 1468 1061 [553 75] 1061 1429 366 [853 76] [298 77] 696 639 689 [1469 78] 1227 1483 1083 [1538 79] 288 [156 80] 52 1004 40 [1149 81] 40 1004 52 940 873 871 [877 82] 288 223 962 [30 83] 496 1433 119 [428 84] 119 [301 85] 984 536 1446 1249 127 [341 86] 127 [757 87] 127 1249 1446 536 984 301 [1010 88] 244 170 [246 89] 170 935 [997 90] [1440 91] 10 21 [1779 92] 986 [541 93] 177 [1164 94] 1177 [1030 95] 1058 1049 1051 815 1702 [1348 96] 1702 815 [1787 97] 163 1086 [216 98] 1086 93 1182 [542 99] 1487 1366 487 1397 1791 [57 100] 557 281 76 T
661
75 642 1399 1061 [553 75] 1061 1429 366 [853 76] [298 77] 696 639 689 [1469 78] 1227 1483 1083 [1538 79] 288 [156 80] 52 1004 40 [1149 81] 40 1004 52 940 873 871 [877 82] 288 223 962 [30 83] 496 1433 119 [428 84] 119 [301 85] 984 536 1446 1249 127 [341 86] 127 [757 87] 127 1249 1446 536 984 301 [1010 88] 244 170 [246 89] 170 935 [997 90] [1440 91] 10 21 [1779 92] 986 [541 93] 177 [1164 94] 1177 [1030 95] 1058 1049 1051 815 1702 [1348 96] 1702 815 [1787 97] 163 1086 [216 98] 1086 93 1182 [542 99] 1487 1366 487 1397 1791 [57 100] 557 281 76 T
663
297 286 298 [853 76] [298 77] 696 639 689 [1469 78] 1227 1483 1083 [1538 79] 288 [156 80] 52 1004 40 [1149 81] 40 1004 52 940 873 871 [877 82] 288 223 962 [30 83] 496 1433 119 [428 84] 119 [301 85] 984 536 1446 1249 127 [341 86] 127 [757 87] 127 1249 1446 536 984 301 [1010 88] 244 170 [246 89] 170 935 [997 90] [1440 91] 10 21 [1779 92] 986 [541 93] 177 [1164 94] 1177 [1030 95] 1058 1049 1051 815 1702 [1348 96] 1702 815 [1787 97] 163 1086 [216 98] 1086 93 1182 [542 99] 1487 1366 487 1397 1791 [57 100] 557 281 76 T
664
243 766 [778 77] 933 [1722 78] 933 418 169 177 541 1052 [731 79] 1898 45 [1653 80] 1627 1171 662 [1227 81] 662 1179 839 873 871 [877 82] 288 223 962 [30 83] 496 1433 119 [428 84] 119 [301 85] 984 536 1446 1249 127 [341 86] 127 [757 87] 127 1249 1446 536 984 301 [1010 88] 244 170 [246 89] 170 935 [997 90] [1440 91] 10 21 [1779 92] 986 [541 93] 177 [1164 94] 1177 [1030 95] 1058 1049 1051 815 1702 [1348 96] 1702 815 [1787 97] 163 1086 [216 98] 1086 93 1182 [542 99] 1487 1366 487 1397 1791 [57 100] 557 281 76 T
667
1758 231 [171 78] 1047 [1681 79] 1047 171 1159 1169 [138 80] 1335 [1814 81] 1335 878 871 [877 82] 288 223 962 [30 83] 496 1433 119 [428 84] 119 [301 85] 984 536 1446 1249 127 [341 86] 127 [757 87] 127 1249 1446 536 984 301 [1010 88] 244 170 [246 89] 170 935 [997 90] [1440 91] 10 21 [1779 92] 986 [541 93] 177 [1164 94] 1177 [1030 95] 1058 1049 1051 815 1702 [1348 96] 1702 815 [1787 97] 163 1086 [216 98] 1086 93 1182 [542 99] 1487 1366 487 1397 1791 [57 100] 557 281 76 T
664
1009 359 1003 [199 79] 705 195 521 [156 80] 52 1004 40 [1149 81] 40 1004 52 940 873 871 [877 82] 288 223 962 [30 83] 496 1433 119 [428 84] 119 [301 85] 984 536 1446 1249 127 [341 86] 127 [757 87] 127 1249 1446 536 984 301 [1010 88] 244 170 [246 89] 170 935 [997 90] [1440 91] 10 21 [1779 92] 986 [541 93] 177 [1164 94] 1177 [1030 95] 1058 1049 1051 815 1702 [1348 96] 1702 815 [1787 97] 163 1086 [216 98] 1086 93 1182 [542 99] 1487 1366 487 1397 1791 [57 100] 557 281 76 T
667
156 52 1762 [138 80] 1335 [1814 81] 1335 878 871 [877 82] 288 223 962 [30 83] 496 1433 119 [428 84] 119 [301 85] 984 536 1446 1249 127 [341 86] 127 [757 87] 127 1249 1446 536 984 301 [1010 88] 244 170 [246 89] 170 935 [997 90] [1440 91] 10 21 [1779 92] 986 [541 93] 177 [1164 94] 1177 [1030 95] 1058 1049 1051 815 1702 [1348 96] 1702 815 [1787 97] 163 1086 [216 98] 1086 93 1182 [542 99] 1487 1366 487 1397 1791 [57 100] 557 281 76 T
661
1149 [1437 81] 1149 40 1004 52 940 873 871 [877 82] 288 223 962 [30 83] 496 1433 119 [428 84] 119 [301 85] 984 536 1446 1249 127 [341 86] 127 [757 87] 127 1249 1446 536 984 301 [1010 88] 244 170 [246 89] 170 935 [997 90] [1440 91] 10 21 [1779 92] 986 [541 93] 177 [1164 94] 1177 [1030 95] 1058 1049 1051 815 1702 [1348 96] 1702 815 [1787 97] 163 1086 [216 98] 1086 93 1182 [542 99] 1487 1366 487 1397 1791 [57 100] 557 281 76 T
668
877 871 873 646 432 486 [1339 82] 486 432 646 873 1850 629 1899 [820 83] 510 505 [515 84] 598 1818 548 1226 [1107 85] 642 1399 970 [1315 86] 1636 [576 87] 1636 1551 36 219 277 126 244 [1010 88] 244 170 [246 89] 170 935 [997 90] [1440 91] 10 21 [1779 92] 986 [541 93] 177 [1164 94] 1177 [1030 95] 1058 1049 1051 815 1702 [1348 96] 1702 815 [1787 97] 163 1086 [216 98] 1086 93 1182 [542 99] 1487 1366 487 1397 1791 [57 100] 557 281 76 T
668
30 962 223 288 1027 1405 [820 83] 510 505 [515 84] 598 1818 548 1226 [1107 85] 642 1399 970 [1315 86] 1636 [576 87] 1636 1551 36 219 277 126 244 [1010 88] 244 170 [246 89] 170 935 [997 90] [1440 91] 10 21 [1779 92] 986 [541 93] 177 [1164 94] 1177 [1030 95] 1058 1049 1051 815 1702 [1348 96] 1702 815 [1787 97] 163 1086 [216 98] 1086 93 1182 [542 99] 1487 1366 487 1397 1791 [57 100] 557 281 76 T
667
428 1368 1243 1787 1812 [1621 84] 1762 718 [1927 85] 1467 427 1595 458 [1125 86] 676 [1193 87] 1784 1534 300 286 126 244 [1010 88] 244 170 [246 89] 170 935 [997 90] [1440 91] 10 21 [1779 92] 986 [541 93] 177 [1164 94] 1177 [1030 95] 1058 1049 1051 815 1702 [1348 96] 1702 815 [1787 97] 163 1086 [216 98] 1086 93 1182 [542 99] 1487 1366 487 1397 1791 [57 100] 557 281 76 T
660
301 [1499 85] 1494 1496 1039 1189 [1125 86] 676 [1193 87] 1784 1534 300 286 126 244 [1010 88] 244 170 [246 89] 170 935 [997 90] [1440 91] 10 21 [1779 92] 986 [541 93] 177 [1164 94] 1177 [1030 95] 1058 1049 1051 815 1702 [1348 96] 1702 815 [1787 97] 163 1086 [216 98] 1086 93 1182 [542 99] 1487 1366 487 1397 1791 [57 100] 557 281 76 T
667
341 467 634 [393 86] [516 87] 417 779 [1045 88] 293 1413 [1696 89] 1613 768 1581 [997 90] [1440 91] 10 21 [1779 92] 986 [541 93] 177 [1164 94] 1177 [1030 95] 1058 1049 1051 815 1702 [1348 96] 1702 815 [1787 97] 163 1086 [216 98] 1086 93 1182 [542 99] 1487 1366 487 1397 1791 [57 100] 557 281 76 T
663
757 [1193 87] 1784 1534 300 286 126 244 [1010 88] 244 170 [246 89] 170 935 [997 90] [1440 91] 10 21 [1779 92] 986 [541 93] 177 [1164 94] 1177 [1030 95] 1058 1049 1051 815 1702 [1348 96] 1702 815 [1787 97] 163 1086 [216 98] 1086 93 1182 [542 99] 1487 1366 487 1397 1791 [57 100] 557 281 76 T
675
1010 1786 311 [231 88] 305 303 133 1173 [1696 89] 1613 768 1581 [997 90] [1440 91] 10 21 [1779 92] 986 [541 93] 177 [1164 94] 1177 [1030 95] 1058 1049 1051 815 1702 [1348 96] 1702 815 [1787 97] 163 1086 [216 98] 1086 93 1182 [542 99] 1487 1366 487 1397 1791 [57 100] 557 281 76 T
671
246 771 838 836 841 1581 768 1613 [1696 89] 1613 768 1581 [997 90] [1440 91] 10 21 [1779 92] 986 [541 93] 177 [1164 94] 1177 [1030 95] 1058 1049 1051 815 1702 [1348 96] 1702 815 [1787 97] 163 1086 [216 98] 1086 93 1182 [542 99] 1487 1366 487 1397 1791 [57 100] 557 281 76 T
671
997 1440 10 21 [1772 90] 21 10 [1440 91] 10 21 [1779 92] 986 [541 93] 177 [1164 94] 1177 [1030 95] 1058 1049 1051 815 1702 [1348 96] 1702 815 [1787 97] 163 1086 [216 98] 1086 93 1182 [542 99] 1487 1366 487 1397 1791 [57 100] 557 281 76 T
666
1440 10 243 516 [1575 91] 516 653 837 1158 [1173 92] 1696 [1413 93] 887 [998 94] 887 1346 475 564 [718 95] 564 548 [1818 96] 548 564 718 1762 1621 1812 [1787 97] 163 1086 [216 98] 1086 93 1182 [542 99] 1487 1366 487 1397 1791 [57 100] 557 281 76 T
663
1779 1778 [975 92] 1778 1779 986 [541 93] 177 [1164 94] 1177 [1030 95] 1058 1049 1051 815 1702 [1348 96] 1702 815 [1787 97] 163 1086 [216 98] 1086 93 1182 [542 99] 1487 1366 487 1397 1791 [57 100] 557 281 76 T
666
541 1052 180 290 538 1344 [1120 93] 1898 406 [821 94] 1621 1762 [718 95] 564 548 [1818 96] 548 564 718 1762 1621 1812 [1787 97] 163 1086 [216 98] 1086 93 1182 [542 99] 1487 1366 487 1397 1791 [57 100] 557 281 76 T
665
1164 1177 1475 334 [1302 94] 311 1191 1155 571 [893 95] 1095 227 53 904 15 [1888 96] 1228 1742 1812 [1787 97] 163 1086 [216 98] 1086 93 1182 [542 99] 1487 1366 487 1397 1791 [57 100] 557 281 76 T
665
1030 1058 1049 1056 328 950 941 548 564 [718 95] 564 548 [1818 96] 548 564 718 1762 1621 1812 [1787 97] 163 1086 [216 98] 1086 93 1182 [542 99] 1487 1366 487 1397 1791 [57 100] 557 281 76 T
667
1348 1182 410 200 [798 96] 1241 1243 [1787 97] 163 1086 [216 98] 1086 93 1182 [542 99] 1487 1366 487 1397 1791 [57 100] 557 281 76 T
665
1787 1812 1621 [1478 97] 1621 1812 1787 163 1086 [216 98] 1086 93 1182 [542 99] 1487 1366 487 1397 1791 [57 100] 557 281 76 T
668
216 1086 1814 1335 878 871 873 646 [432 98] 646 873 839 [1179 99] 662 [1022 100] 662 1179 281 76 T
665
542 1182 410 200 1217 1212 1216 [525 99] 1216 1212 1217 807 [1926 100] 807 1535 1142 T
669
57 1596 119 [1433 100] 119 428 1368 1243 1297 980 1807 76 T
