MOEGLICH
1462

1442
S [11 1] [470 2] [655 3] [861 4] [846 5] [83 6] [1463 7] [1601 8] [1784 9] [447 10] [500 11] [90 12] [2265 13] [833 14] [1119 15] [2540 16] [127 17] [1020 18] [2455 19] [2291 20] [43 21] [1899 22] [2996 23] [813 24] [733 25] [3072 26] [2049 27] [1389 28] [1230 29] [881 30] [2060 31] [656 32] [710 33] [526 34] [540 35] [542 36] [1305 37] [1104 38] [1497 39] [902 40] [3639 41] [1579 42] [1944 43] [1560 44] [2104 45] [615 46] [3102 47] [2329 48] [2188 49] [2398 50] [1624 51] [721 52] [2192 53] [903 54] [2977 55] [986 56] [1694 57] [54 58] [3310 59] [2650 60] [278 61] [3774 62] [2018 63] [3432 64] [1703 65] [2584 66] [149 67] [1426 68] [660 69] [1604 70] [688 71] [504 72] [2276 73] [3531 74] [2301 75] [848 76] [1239 77] [2131 78] [3647 79] [2511 80] [3490 81] [2989 82] [789 83] [2198 84] [3063 85] [3423 86] [2077 87] [1308 88] [338 89] [781 90] [3652 91] [1565 92] [1749 93] [3018 94] [2745 95] [55 96] [1983 97] [3085 98] [2942 99] [724 100] [1021 101] [855 102] [2506 103] [2987 104] [479 105] [2244 106] [3035 107] [664 108] [3060 109] [1668 110] [2999 111] [1429 112] [2079 113] [252 114] [2912 115] [1029 116] [3447 117] [1335 118] [2787 119] [3202 120] [2765 121] [2766 122] [466 123] [2091 124] [2053 125] [1906 126] [87 127] [2376 128] [1705 129] [842 130] [120 131] [482 132] [1245 133] [496 134] [1471 135] [3145 136] [741 137] [2216 138] [3221 139] [2883 140] [2570 141] [1670 142] [1750 143] [2195 144] [458 145] [2839 146] [578 147] [715 148] [36 149] [1965 150] [3239 151] [1555 152] [2773 153] [378 154] [1925 155] [3090 156] [3426 157] [2715 158] [705 159] [1051 160] [1897 161] [935 162] [513 163] [2209 164] [3805 165] [3026 166] [993 167] [746 168] [936 169] [409 170] [2796 171] [1011 172] [1847 173] [2683 174] [2202 175] [227 176] [792 177] [589 178] [816 179] [486 180] [2011 181] [3169 182] [299 183] [319 184] [1136 185] [1358 186] [3002 187] [2211 188] [3291 189] [3605 190] [1571 191] [591 192] [3494 193] [2482 194] [1209 195] [109 196] [3920 197] [2674 198] [2675 199] [2980 200] T
1456
11 19 [110 1] 19 474 [470 2] 471 1128 669 [655 3] 672 [861 4] 672 1565 1215 [846 5] 1215 1565 672 [83 6] 672 3018 2745 224 688 1472 [1463 7] 1472 1604 [1601 8] 1604 1472 591 [1784 9] [447 10] 1784 364 2265 317 [500 11] 317 2265 [90 12] [2265 13] 317 500 983 973 981 2430 [833 14] 831 842 [1119 15] 842 672 83 1302 1071 [2540 16] 1071 643 1316 [127 17] 429 581 [1020 18] [2455 19] 477 2873 1975 1967 [2291 20] 1967 [43 21] 1967 1126 897 421 783 2078 468 [1899 22] 468 2078 2433 2997 [2996 23] 2196 2663 [813 24] 589 375 3143 [733 25] 2018 [3072 26] 2018 733 2842 121 716 1370 [2049 27] 1370 716 121 914 3054 [1389 28] 1694 3290 [1230 29] 2649 3429 1190 [881 30] 1043 3344 [2060 31] 3212 [656 32] 200 1540 [710 33] 143 2941 [526 34] [540 35] 539 [542 36] 850 1871 502 3344 [1305 37] 3344 [1104 38] 3344 1305 [1497 39] 2854 2207 1516 227 2606 3787 2202 [902 40] 1016 2525 2645 [3639 41] 2848 252 1944 1368 3341 [1579 42] 3341 1368 [1944 43] 252 2848 2825 1180 [1560 44] 255 2550 3490 1070 [2104 45] 599 [615 46] 851 133 1128 3083 2697 3327 736 [3102 47] 1398 2996 [2329 48] 3642 [2188 49] 3642 2329 3742 3525 905 1619 1624 [2398 50] [1624 51] 1619 1844 1212 [721 52] 3524 2211 3626 [2192 53] 3626 3234 [903 54] 2840 2304 3362 [2977 55] 2877 3766 [986 56] 1465 3054 1389 [1694 57] 1389 3054 2854 3055 3721 2112 [54 58] 2112 [3310 59] 46 1460 241 [2650 60] 241 1460 1446 1462 1845 3241 3774 [278 61] [3774 62] 3241 552 3072 [2018 63] 733 3143 2339 3216 2883 2272 [2498 64] 2272 2883 3313 3270 [3428 65] [186 66] 2691 2670 600 [1354 67] 600 3675 [1518 68] 1515 1245 482 276 1025 2483 591 [660 69] 591 1472 [1604 70] 1472 [688 71] 1472 591 660 280 3638 [504 72] 2975 2753 2196 2996 [2276 73] 2996 2196 2011 [3531 74] 2149 263 2858 [2301 75] 2858 263 2149 1983 [848 76] 3877 [1239 77] 3035 459 2244 2883 3313 3270 3428 [2131 78] 2882 1890 748 2619 2621 [3647 79] 2621 2619 2009 2598 2202 3787 665 [2511 80] [3490 81] 2550 1365 [2989 82] 1615 1830 1139 119 [789 83] 3063 [2198 84] [3063 85] 3052 2854 1965 [3423 86] 371 2337 1565 672 262 [2077 87] [262 88] 2374 1655 2850 3361 3735 [96 89] 1421 [3658 90] 1390 1388 1392 2739 1561 [3652 91] 1561 188 3423 371 2337 [1565 92] 1568 2209 1516 [1749 93] 1516 227 221 224 2745 [3018 94] [2745 95] 3571 1988 1971 1978 [55 96] 1978 1971 [1983 97] 1286 513 [3085 98] 513 2209 1516 2207 3341 724 [2942 99] [724 100] 3341 1368 [1021 101] 1994 [855 102] [2506 103] 855 1917 532 3132 [2987 104] 3132 532 3385 2163 [479 105] 1944 [2244 106] 459 [3035 107] 1029 3658 1390 [664 108] 1390 1388 1389 1694 3326 [3060 109] 858 1602 [1668 110] 2593 1703 3001 2996 [2999 111] 2996 2997 2433 2078 468 1247 [1429 112] 1247 1065 [2079 113] 245 181 [252 114] 1944 2244 459 2725 [2912 115] 2725 459 3035 [1029 116] 627 [3447 117] 627 1029 1339 1185 [1335 118] 1185 1339 472 373 729 [2787 119] 729 373 [3202 120] 373 [2765 121] 1020 581 [2766 122] 581 1443 [466 123] 1443 581 1020 2765 373 [2091 124] [2053 125] 1369 2036 [1727 126] 2036 1369 1455 2041 1847 1838 1396 [666 127] [443 128] 936 1817 [1825 129] 1817 1820 2664 1518 1515 [1520 130] 1515 1516 2207 2854 [3055 131] 2854 2207 1516 1515 1245 [482 132] [1245 133] [496 134] 1245 482 2492 2267 2541 991 3383 3385 [532 135] 1917 1863 [3380 136] 2651 1697 [3603 137] 1697 2272 2883 [2216 138] 2883 2839 [3221 139] 2839 [2883 140] 2272 [2570 141] 2272 2883 3313 3270 [1670 142] 2845 664 [1750 143] [2195 144] 2687 2507 454 347 [458 145] 3603 1697 2272 2883 [2839 146] 3221 216 715 [578 147] [715 148] 2122 1657 [36 149] 3055 2854 3054 1465 986 636 2217 3211 2566 [1273 150] [2566 151] 3211 3590 3009 [2421 152] 2376 1557 [2773 153] 1695 [378 154] 2492 2267 2541 954 [1925 155] 954 3780 [3090 156] 2375 1324 1093 2049 1370 [716 157] 1370 2049 3209 [650 158] 3491 2699 [3108 159] 2699 3491 3280 [3780 160] 954 1099 2997 [1751 161] 2997 2572 1371 [1072 162] 1371 2572 2997 [2433 163] 2997 [2572 164] [1646 165] 2498 230 923 922 934 [1790 166] 934 922 923 [460 167] 923 1033 1841 2003 [3885 168] 1959 1272 [2270 169] 90 [409 170] 312 349 [2796 171] 560 3285 2674 2858 263 [1011 172] 263 2858 2674 1796 3300 391 [1847 173] 391 2026 2090 [2683 174] 2090 2827 2603 1073 665 3787 [2202 175] 3787 2606 [227 176] 1516 2209 513 1838 1841 [792 177] 1841 2864 3443 [589 178] 375 178 [816 179] 178 1241 3805 2834 1475 [486 180] 1475 2196 [2011 181] 814 [3169 182] 814 2011 2498 230 [299 183] 145 2158 [319 184] [1136 185] 3198 3322 1460 [1358 186] [3002 187] 2124 3789 3347 [2211 188] [3291 189] 2211 810 2265 364 [3605 190] 1116 [1571 191] 1608 1601 1604 1472 [591 192] 2483 810 1694 [3494 193] 1694 [2482 194] 1694 1389 3054 2854 [1209 195] 2467 2549 2607 [109 196] 2607 2855 2681 38 [3920 197] 38 2975 134 3285 [2674 198] 1796 1238 3003 2996 2276 [2675 199] [2980 200] 2831 T
1449
470 474 356 [346 2] 83 672 [655 3] 672 [861 4] 672 1565 1215 [846 5] 1215 1565 672 [83 6] 672 3018 2745 224 688 1472 [1463 7] 1472 1604 [1601 8] 1604 1472 591 [1784 9] [447 10] 1784 364 2265 317 [500 11] 317 2265 [90 12] [2265 13] 317 500 983 973 981 2430 [833 14] 831 842 [1119 15] 842 672 83 1302 1071 [2540 16] 1071 643 1316 [127 17] 429 581 [1020 18] [2455 19] 477 2873 1975 1967 [2291 20] 1967 [43 21] 1967 1126 897 421 783 2078 468 [1899 22] 468 2078 2433 2997 [2996 23] 2196 2663 [813 24] 589 375 3143 [733 25] 2018 [3072 26] 2018 733 2842 121 716 1370 [2049 27] 1370 716 121 914 3054 [1389 28] 1694 3290 [1230 29] 2649 3429 1190 [881 30] 1043 3344 [2060 31] 3212 [656 32] 200 1540 [710 33] 143 2941 [526 34] [540 35] 539 [542 36] 850 1871 502 3344 [1305 37] 3344 [1104 38] 3344 1305 [1497 39] 2854 2207 1516 227 2606 3787 2202 [902 40] 1016 2525 2645 [3639 41] 2848 252 1944 1368 3341 [1579 42] 3341 1368 [1944 43] 252 2848 2825 1180 [1560 44] 255 2550 3490 1070 [2104 45] 599 [615 46] 851 133 1128 3083 2697 3327 736 [3102 47] 1398 2996 [2329 48] 3642 [2188 49] 3642 2329 3742 3525 905 1619 1624 [2398 50] [1624 51] 1619 1844 1212 [721 52] 3524 2211 3626 [2192 53] 3626 3234 [903 54] 2840 2304 3362 [2977 55] 2877 3766 [986 56] 1465 3054 1389 [1694 57] 1389 3054 2854 3055 3721 2112 [54 58] 2112 [3310 59] 46 1460 241 [2650 60] 241 1460 1446 1462 1845 3241 3774 [278 61] [3774 62] 3241 552 3072 [2018 63] 733 3143 2339 3216 2883 2272 [2498 64] 2272 2883 3313 3270 [3428 65] [186 66] 2691 2670 600 [1354 67] 600 3675 [1518 68] 1515 1245 482 276 1025 2483 591 [660 69] 591 1472 [1604 70] 1472 [688 71] 1472 591 660 280 3638 [504 72] 2975 2753 2196 2996 [2276 73] 2996 2196 2011 [3531 74] 2149 263 2858 [2301 75] 2858 263 2149 1983 [848 76] 3877 [1239 77] 3035 459 2244 2883 3313 3270 3428 [2131 78] 2882 1890 748 2619 2621 [3647 79] 2621 2619 2009 2598 2202 3787 665 [2511 80] [3490 81] 2550 1365 [2989 82] 1615 1830 1139 119 [789 83] 3063 [2198 84] [3063 85] 3052 2854 1965 [3423 86] 371 2337 1565 672 262 [2077 87] [262 88] 2374 1655 2850 3361 3735 [96 89] 1421 [3658 90] 1390 1388 1392 2739 1561 [3652 91] 1561 188 3423 371 2337 [1565 92] 1568 2209 1516 [1749 93] 1516 227 221 224 2745 [3018 94] [2745 95] 3571 1988 1971 1978 [55 96] 1978 1971 [1983 97] 1286 513 [3085 98] 513 2209 1516 2207 3341 724 [2942 99] [724 100] 3341 1368 [1021 101] 1994 [855 102] [2506 103] 855 1917 532 3132 [2987 104] 3132 532 3385 2163 [479 105] 1944 [2244 106] 459 [3035 107] 1029 3658 1390 [664 108] 1390 1388 1389 1694 3326 [3060 109] 858 1602 [1668 110] 2593 1703 3001 2996 [2999 111] 2996 2997 2433 2078 468 1247 [1429 112] 1247 1065 [2079 113] 245 181 [252 114] 1944 2244 459 2725 [2912 115] 2725 459 3035 [1029 116] 627 [3447 117] 627 1029 1339 1185 [1335 118] 1185 1339 472 373 729 [2787 119] 729 373 [3202 120] 373 [2765 121] 1020 581 [2766 122] 581 1443 [466 123] 1443 581 1020 2765 373 [2091 124] [2053 125] 1369 2036 [1727 126] 2036 1369 1455 2041 1847 1838 1396 [666 127] [443 128] 936 1817 [1825 129] 1817 1820 2664 1518 1515 [1520 130] 1515 1516 2207 2854 [3055 131] 2854 2207 1516 1515 1245 [482 132] [1245 133] [496 134] 1245 482 2492 2267 2541 991 3383 3385 [532 135] 1917 1863 [3380 136] 2651 1697 [3603 137] 1697 2272 2883 [2216 138] 2883 2839 [3221 139] 2839 [2883 140] 2272 [2570 141] 2272 2883 3313 3270 [1670 142] 2845 664 [1750 143] [2195 144] 2687 2507 454 347 [458 145] 3603 1697 2272 2883 [2839 146] 3221 216 715 [578 147] [715 148] 2122 1657 [36 149] 3055 2854 3054 1465 986 636 2217 3211 2566 [1273 150] [2566 151] 3211 3590 3009 [2421 152] 2376 1557 [2773 153] 1695 [378 154] 2492 2267 2541 954 [1925 155] 954 3780 [3090 156] 2375 1324 1093 2049 1370 [716 157] 1370 2049 3209 [650 158] 3491 2699 [3108 159] 2699 3491 3280 [3780 160] 954 1099 2997 [1751 161] 2997 2572 1371 [1072 162] 1371 2572 2997 [2433 163] 2997 [2572 164] [1646 165] 2498 230 923 922 934 [1790 166] 934 922 923 [460 167] 923 1033 1841 2003 [3885 168] 1959 1272 [2270 169] 90 [409 170] 312 349 [2796 171] 560 3285 2674 2858 263 [1011 172] 263 2858 2674 1796 3300 391 [1847 173] 391 2026 2090 [2683 174] 2090 2827 2603 1073 665 3787 [2202 175] 3787 2606 [227 176] 1516 2209 513 1838 1841 [792 177] 1841 2864 3443 [589 178] 375 178 [816 179] 178 1241 3805 2834 1475 [486 180] 1475 2196 [2011 181] 814 [3169 182] 814 2011 2498 230 [299 183] 145 2158 [319 184] [1136 185] 3198 3322 1460 [1358 186] [3002 187] 2124 3789 3347 [2211 188] [3291 189] 2211 810 2265 364 [3605 190] 1116 [1571 191] 1608 1601 1604 1472 [591 192] 2483 810 1694 [3494 193] 1694 [2482 194] 1694 1389 3054 2854 [1209 195] 2467 2549 2607 [109 196] 2607 2855 2681 38 [3920 197] 38 2975 134 3285 [2674 198] 1796 1238 3003 2996 2276 [2675 199] [2980 200] 2831 T
1458
655 670 556 [628 3] 636 986 [985 4] 986 1465 3054 914 672 1565 1215 [846 5] 1215 1565 672 [83 6] 672 3018 2745 224 688 1472 [1463 7] 1472 1604 [1601 8] 1604 1472 591 [1784 9] [447 10] 1784 364 2265 317 [500 11] 317 2265 [90 12] [2265 13] 317 500 983 973 981 2430 [833 14] 831 842 [1119 15] 842 672 83 1302 1071 [2540 16] 1071 643 1316 [127 17] 429 581 [1020 18] [2455 19] 477 2873 1975 1967 [2291 20] 1967 [43 21] 1967 1126 897 421 783 2078 468 [1899 22] 468 2078 2433 2997 [2996 23] 2196 2663 [813 24] 589 375 3143 [733 25] 2018 [3072 26] 2018 733 2842 121 716 1370 [2049 27] 1370 716 121 914 3054 [1389 28] 1694 3290 [1230 29] 2649 3429 1190 [881 30] 1043 3344 [2060 31] 3212 [656 32] 200 1540 [710 33] 143 2941 [526 34] [540 35] 539 [542 36] 850 1871 502 3344 [1305 37] 3344 [1104 38] 3344 1305 [1497 39] 2854 2207 1516 227 2606 3787 2202 [902 40] 1016 2525 2645 [3639 41] 2848 252 1944 1368 3341 [1579 42] 3341 1368 [1944 43] 252 2848 2825 1180 [1560 44] 255 2550 3490 1070 [2104 45] 599 [615 46] 851 133 1128 3083 2697 3327 736 [3102 47] 1398 2996 [2329 48] 3642 [2188 49] 3642 2329 3742 3525 905 1619 1624 [2398 50] [1624 51] 1619 1844 1212 [721 52] 3524 2211 3626 [2192 53] 3626 3234 [903 54] 2840 2304 3362 [2977 55] 2877 3766 [986 56] 1465 3054 1389 [1694 57] 1389 3054 2854 3055 3721 2112 [54 58] 2112 [3310 59] 46 1460 241 [2650 60] 241 1460 1446 1462 1845 3241 3774 [278 61] [3774 62] 3241 552 3072 [2018 63] 733 3143 2339 3216 2883 2272 [2498 64] 2272 2883 3313 3270 [3428 65] [186 66] 2691 2670 600 [1354 67] 600 3675 [1518 68] 1515 1245 482 276 1025 2483 591 [660 69] 591 1472 [1604 70] 1472 [688 71] 1472 591 660 280 3638 [504 72] 2975 2753 2196 2996 [2276 73] 2996 2196 2011 [3531 74] 2149 263 2858 [2301 75] 2858 263 2149 1983 [848 76] 3877 [1239 77] 3035 459 2244 2883 3313 3270 3428 [2131 78] 2882 1890 748 2619 2621 [3647 79] 2621 2619 2009 2598 2202 3787 665 [2511 80] [3490 81] 2550 1365 [2989 82] 1615 1830 1139 119 [789 83] 3063 [2198 84] [3063 85] 3052 2854 1965 [3423 86] 371 2337 1565 672 262 [2077 87] [262 88] 2374 1655 2850 3361 3735 [96 89] 1421 [3658 90] 1390 1388 1392 2739 1561 [3652 91] 1561 188 3423 371 2337 [1565 92] 1568 2209 1516 [1749 93] 1516 227 221 224 2745 [3018 94] [2745 95] 3571 1988 1971 1978 [55 96] 1978 1971 [1983 97] 1286 513 [3085 98] 513 2209 1516 2207 3341 724 [2942 99] [724 100] 3341 1368 [1021 101] 1994 [855 102] [2506 103] 855 1917 532 3132 [2987 104] 3132 532 3385 2163 [479 105] 1944 [2244 106] 459 [3035 107] 1029 3658 1390 [664 108] 1390 1388 1389 1694 3326 [3060 109] 858 1602 [1668 110] 2593 1703 3001 2996 [2999 111] 2996 2997 2433 2078 468 1247 [1429 112] 1247 1065 [2079 113] 245 181 [252 114] 1944 2244 459 2725 [2912 115] 2725 459 3035 [1029 116] 627 [3447 117] 627 1029 1339 1185 [1335 118] 1185 1339 472 373 729 [2787 119] 729 373 [3202 120] 373 [2765 121] 1020 581 [2766 122] 581 1443 [466 123] 1443 581 1020 2765 373 [2091 124] [2053 125] 1369 2036 [1727 126] 2036 1369 1455 2041 1847 1838 1396 [666 127] [443 128] 936 1817 [1825 129] 1817 1820 2664 1518 1515 [1520 130] 1515 1516 2207 2854 [3055 131] 2854 2207 1516 1515 1245 [482 132] [1245 133] [496 134] 1245 482 2492 2267 2541 991 3383 3385 [532 135] 1917 1863 [3380 136] 2651 1697 [3603 137] 1697 2272 2883 [2216 138] 2883 2839 [3221 139] 2839 [2883 140] 2272 [2570 141] 2272 2883 3313 3270 [1670 142] 2845 664 [1750 143] [2195 144] 2687 2507 454 347 [458 145] 3603 1697 2272 2883 [2839 146] 3221 216 715 [578 147] [715 148] 2122 1657 [36 149] 3055 2854 3054 1465 986 636 2217 3211 2566 [1273 150] [2566 151] 3211 3590 3009 [2421 152] 2376 1557 [2773 153] 1695 [378 154] 2492 2267 2541 954 [1925 155] 954 3780 [3090 156] 2375 1324 1093 2049 1370 [716 157] 1370 2049 3209 [650 158] 3491 2699 [3108 159] 2699 3491 3280 [3780 160] 954 1099 2997 [1751 161] 2997 2572 1371 [1072 162] 1371 2572 2997 [2433 163] 2997 [2572 164] [1646 165] 2498 230 923 922 934 [1790 166] 934 922 923 [460 167] 923 1033 1841 2003 [3885 168] 1959 1272 [2270 169] 90 [409 170] 312 349 [2796 171] 560 3285 2674 2858 263 [1011 172] 263 2858 2674 1796 3300 391 [1847 173] 391 2026 2090 [2683 174] 2090 2827 2603 1073 665 3787 [2202 175] 3787 2606 [227 176] 1516 2209 513 1838 1841 [792 177] 1841 2864 3443 [589 178] 375 178 [816 179] 178 1241 3805 2834 1475 [486 180] 1475 2196 [2011 181] 814 [3169 182] 814 2011 2498 230 [299 183] 145 2158 [319 184] [1136 185] 3198 3322 1460 [1358 186] [3002 187] 2124 3789 3347 [2211 188] [3291 189] 2211 810 2265 364 [3605 190] 1116 [1571 191] 1608 1601 1604 1472 [591 192] 2483 810 1694 [3494 193] 1694 [2482 194] 1694 1389 3054 2854 [1209 195] 2467 2549 2607 [109 196] 2607 2855 2681 38 [3920 197] 38 2975 134 3285 [2674 198] 1796 1238 3003 2996 2276 [2675 199] [2980 200] 2831 T
1448
861 672 842 [831 4] 842 [1097 5] 842 672 [83 6] 672 3018 2745 224 688 1472 [1463 7] 1472 1604 [1601 8] 1604 1472 591 [1784 9] [447 10] 1784 364 2265 317 [500 11] 317 2265 [90 12] [2265 13] 317 500 983 973 981 2430 [833 14] 831 842 [1119 15] 842 672 83 1302 1071 [2540 16] 1071 643 1316 [127 17] 429 581 [1020 18] [2455 19] 477 2873 1975 1967 [2291 20] 1967 [43 21] 1967 1126 897 421 783 2078 468 [1899 22] 468 2078 2433 2997 [2996 23] 2196 2663 [813 24] 589 375 3143 [733 25] 2018 [3072 26] 2018 733 2842 121 716 1370 [2049 27] 1370 716 121 914 3054 [1389 28] 1694 3290 [1230 29] 2649 3429 1190 [881 30] 1043 3344 [2060 31] 3212 [656 32] 200 1540 [710 33] 143 2941 [526 34] [540 35] 539 [542 36] 850 1871 502 3344 [1305 37] 3344 [1104 38] 3344 1305 [1497 39] 2854 2207 1516 227 2606 3787 2202 [902 40] 1016 2525 2645 [3639 41] 2848 252 1944 1368 3341 [1579 42] 3341 1368 [1944 43] 252 2848 2825 1180 [1560 44] 255 2550 3490 1070 [2104 45] 599 [615 46] 851 133 1128 3083 2697 3327 736 [3102 47] 1398 2996 [2329 48] 3642 [2188 49] 3642 2329 3742 3525 905 1619 1624 [2398 50] [1624 51] 1619 1844 1212 [721 52] 3524 2211 3626 [2192 53] 3626 3234 [903 54] 2840 2304 3362 [2977 55] 2877 3766 [986 56] 1465 3054 1389 [1694 57] 1389 3054 2854 3055 3721 2112 [54 58] 2112 [3310 59] 46 1460 241 [2650 60] 241 1460 1446 1462 1845 3241 3774 [278 61] [3774 62] 3241 552 3072 [2018 63] 733 3143 2339 3216 2883 2272 [2498 64] 2272 2883 3313 3270 [3428 65] [186 66] 2691 2670 600 [1354 67] 600 3675 [1518 68] 1515 1245 482 276 1025 2483 591 [660 69] 591 1472 [1604 70] 1472 [688 71] 1472 591 660 280 3638 [504 72] 2975 2753 2196 2996 [2276 73] 2996 2196 2011 [3531 74] 2149 263 2858 [2301 75] 2858 263 2149 1983 [848 76] 3877 [1239 77] 3035 459 2244 2883 3313 3270 3428 [2131 78] 2882 1890 748 2619 2621 [3647 79] 2621 2619 2009 2598 2202 3787 665 [2511 80] [3490 81] 2550 1365 [2989 82] 1615 1830 1139 119 [789 83] 3063 [2198 84] [3063 85] 3052 2854 1965 [3423 86] 371 2337 1565 672 262 [2077 87] [262 88] 2374 1655 2850 3361 3735 [96 89] 1421 [3658 90] 1390 1388 1392 2739 1561 [3652 91] 1561 188 3423 371 2337 [1565 92] 1568 2209 1516 [1749 93] 1516 227 221 224 2745 [3018 94] [2745 95] 3571 1988 1971 1978 [55 96] 1978 1971 [1983 97] 1286 513 [3085 98] 513 2209 1516 2207 3341 724 [2942 99] [724 100] 3341 1368 [1021 101] 1994 [855 102] [2506 103] 855 1917 532 3132 [2987 104] 3132 532 3385 2163 [479 105] 1944 [2244 106] 459 [3035 107] 1029 3658 1390 [664 108] 1390 1388 1389 1694 3326 [3060 109] 858 1602 [1668 110] 2593 1703 3001 2996 [2999 111] 2996 2997 2433 2078 468 1247 [1429 112] 1247 1065 [2079 113] 245 181 [252 114] 1944 2244 459 2725 [2912 115] 2725 459 3035 [1029 116] 627 [3447 117] 627 1029 1339 1185 [1335 118] 1185 1339 472 373 729 [2787 119] 729 373 [3202 120] 373 [2765 121] 1020 581 [2766 122] 581 1443 [466 123] 1443 581 1020 2765 373 [2091 124] [2053 125] 1369 2036 [1727 126] 2036 1369 1455 2041 1847 1838 1396 [666 127] [443 128] 936 1817 [1825 129] 1817 1820 2664 1518 1515 [1520 130] 1515 1516 2207 2854 [3055 131] 2854 2207 1516 1515 1245 [482 132] [1245 133] [496 134] 1245 482 2492 2267 2541 991 3383 3385 [532 135] 1917 1863 [3380 136] 2651 1697 [3603 137] 1697 2272 2883 [2216 138] 2883 2839 [3221 139] 2839 [2883 140] 2272 [2570 141] 2272 2883 3313 3270 [1670 142] 2845 664 [1750 143] [2195 144] 2687 2507 454 347 [458 145] 3603 1697 2272 2883 [2839 146] 3221 216 715 [578 147] [715 148] 2122 1657 [36 149] 3055 2854 3054 1465 986 636 2217 3211 2566 [1273 150] [2566 151] 3211 3590 3009 [2421 152] 2376 1557 [2773 153] 1695 [378 154] 2492 2267 2541 954 [1925 155] 954 3780 [3090 156] 2375 1324 1093 2049 1370 [716 157] 1370 2049 3209 [650 158] 3491 2699 [3108 159] 2699 3491 3280 [3780 160] 954 1099 2997 [1751 161] 2997 2572 1371 [1072 162] 1371 2572 2997 [2433 163] 2997 [2572 164] [1646 165] 2498 230 923 922 934 [1790 166] 934 922 923 [460 167] 923 1033 1841 2003 [3885 168] 1959 1272 [2270 169] 90 [409 170] 312 349 [2796 171] 560 3285 2674 2858 263 [1011 172] 263 2858 2674 1796 3300 391 [1847 173] 391 2026 2090 [2683 174] 2090 2827 2603 1073 665 3787 [2202 175] 3787 2606 [227 176] 1516 2209 513 1838 1841 [792 177] 1841 2864 3443 [589 178] 375 178 [816 179] 178 1241 3805 2834 1475 [486 180] 1475 2196 [2011 181] 814 [3169 182] 814 2011 2498 230 [299 183] 145 2158 [319 184] [1136 185] 3198 3322 1460 [1358 186] [3002 187] 2124 3789 3347 [2211 188] [3291 189] 2211 810 2265 364 [3605 190] 1116 [1571 191] 1608 1601 1604 1472 [591 192] 2483 810 1694 [3494 193] 1694 [2482 194] 1694 1389 3054 2854 [1209 195] 2467 2549 2607 [109 196] 2607 2855 2681 38 [3920 197] 38 2975 134 3285 [2674 198] 1796 1238 3003 2996 2276 [2675 199] [2980 200] 2831 T
1454
846 1215 1565 672 842 [1097 5] 842 672 [83 6] 672 3018 2745 224 688 1472 [1463 7] 1472 1604 [1601 8] 1604 1472 591 [1784 9] [447 10] 1784 364 2265 317 [500 11] 317 2265 [90 12] [2265 13] 317 500 983 973 981 2430 [833 14] 831 842 [1119 15] 842 672 83 1302 1071 [2540 16] 1071 643 1316 [127 17] 429 581 [1020 18] [2455 19] 477 2873 1975 1967 [2291 20] 1967 [43 21] 1967 1126 897 421 783 2078 468 [1899 22] 468 2078 2433 2997 [2996 23] 2196 2663 [813 24] 589 375 3143 [733 25] 2018 [3072 26] 2018 733 2842 121 716 1370 [2049 27] 1370 716 121 914 3054 [1389 28] 1694 3290 [1230 29] 2649 3429 1190 [881 30] 1043 3344 [2060 31] 3212 [656 32] 200 1540 [710 33] 143 2941 [526 34] [540 35] 539 [542 36] 850 1871 502 3344 [1305 37] 3344 [1104 38] 3344 1305 [1497 39] 2854 2207 1516 227 2606 3787 2202 [902 40] 1016 2525 2645 [3639 41] 2848 252 1944 1368 3341 [1579 42] 3341 1368 [1944 43] 252 2848 2825 1180 [1560 44] 255 2550 3490 1070 [2104 45] 599 [615 46] 851 133 1128 3083 2697 3327 736 [3102 47] 1398 2996 [2329 48] 3642 [2188 49] 3642 2329 3742 3525 905 1619 1624 [2398 50] [1624 51] 1619 1844 1212 [721 52] 3524 2211 3626 [2192 53] 3626 3234 [903 54] 2840 2304 3362 [2977 55] 2877 3766 [986 56] 1465 3054 1389 [1694 57] 1389 3054 2854 3055 3721 2112 [54 58] 2112 [3310 59] 46 1460 241 [2650 60] 241 1460 1446 1462 1845 3241 3774 [278 61] [3774 62] 3241 552 3072 [2018 63] 733 3143 2339 3216 2883 2272 [2498 64] 2272 2883 3313 3270 [3428 65] [186 66] 2691 2670 600 [1354 67] 600 3675 [1518 68] 1515 1245 482 276 1025 2483 591 [660 69] 591 1472 [1604 70] 1472 [688 71] 1472 591 660 280 3638 [504 72] 2975 2753 2196 2996 [2276 73] 2996 2196 2011 [3531 74] 2149 263 2858 [2301 75] 2858 263 2149 1983 [848 76] 3877 [1239 77] 3035 459 2244 2883 3313 3270 3428 [2131 78] 2882 1890 748 2619 2621 [3647 79] 2621 2619 2009 2598 2202 3787 665 [2511 80] [3490 81] 2550 1365 [2989 82] 1615 1830 1139 119 [789 83] 3063 [2198 84] [3063 85] 3052 2854 1965 [3423 86] 371 2337 1565 672 262 [2077 87] [262 88] 2374 1655 2850 3361 3735 [96 89] 1421 [3658 90] 1390 1388 1392 2739 1561 [3652 91] 1561 188 3423 371 2337 [1565 92] 1568 2209 1516 [1749 93] 1516 227 221 224 2745 [3018 94] [2745 95] 3571 1988 1971 1978 [55 96] 1978 1971 [1983 97] 1286 513 [3085 98] 513 2209 1516 2207 3341 724 [2942 99] [724 100] 3341 1368 [1021 101] 1994 [855 102] [2506 103] 855 1917 532 3132 [2987 104] 3132 532 3385 2163 [479 105] 1944 [2244 106] 459 [3035 107] 1029 3658 1390 [664 108] 1390 1388 1389 1694 3326 [3060 109] 858 1602 [1668 110] 2593 1703 3001 2996 [2999 111] 2996 2997 2433 2078 468 1247 [1429 112] 1247 1065 [2079 113] 245 181 [252 114] 1944 2244 459 2725 [2912 115] 2725 459 3035 [1029 116] 627 [3447 117] 627 1029 1339 1185 [1335 118] 1185 1339 472 373 729 [2787 119] 729 373 [3202 120] 373 [2765 121] 1020 581 [2766 122] 581 1443 [466 123] 1443 581 1020 2765 373 [2091 124] [2053 125] 1369 2036 [1727 126] 2036 1369 1455 2041 1847 1838 1396 [666 127] [443 128] 936 1817 [1825 129] 1817 1820 2664 1518 1515 [1520 130] 1515 1516 2207 2854 [3055 131] 2854 2207 1516 1515 1245 [482 132] [1245 133] [496 134] 1245 482 2492 2267 2541 991 3383 3385 [532 135] 1917 1863 [3380 136] 2651 1697 [3603 137] 1697 2272 2883 [2216 138] 2883 2839 [3221 139] 2839 [2883 140] 2272 [2570 141] 2272 2883 3313 3270 [1670 142] 2845 664 [1750 143] [2195 144] 2687 2507 454 347 [458 145] 3603 1697 2272 2883 [2839 146] 3221 216 715 [578 147] [715 148] 2122 1657 [36 149] 3055 2854 3054 1465 986 636 2217 3211 2566 [1273 150] [2566 151] 3211 3590 3009 [2421 152] 2376 1557 [2773 153] 1695 [378 154] 2492 2267 2541 954 [1925 155] 954 3780 [3090 156] 2375 1324 1093 2049 1370 [716 157] 1370 2049 3209 [650 158] 3491 2699 [3108 159] 2699 3491 3280 [3780 160] 954 1099 2997 [1751 161] 2997 2572 1371 [1072 162] 1371 2572 2997 [2433 163] 2997 [2572 164] [1646 165] 2498 230 923 922 934 [1790 166] 934 922 923 [460 167] 923 1033 1841 2003 [3885 168] 1959 1272 [2270 169] 90 [409 170] 312 349 [2796 171] 560 3285 2674 2858 263 [1011 172] 263 2858 2674 1796 3300 391 [1847 173] 391 2026 2090 [2683 174] 2090 2827 2603 1073 665 3787 [2202 175] 3787 2606 [227 176] 1516 2209 513 1838 1841 [792 177] 1841 2864 3443 [589 178] 375 178 [816 179] 178 1241 3805 2834 1475 [486 180] 1475 2196 [2011 181] 814 [3169 182] 814 2011 2498 230 [299 183] 145 2158 [319 184] [1136 185] 3198 3322 1460 [1358 186] [3002 187] 2124 3789 3347 [2211 188] [3291 189] 2211 810 2265 364 [3605 190] 1116 [1571 191] 1608 1601 1604 1472 [591 192] 2483 810 1694 [3494 193] 1694 [2482 194] 1694 1389 3054 2854 [1209 195] 2467 2549 2607 [109 196] 2607 2855 2681 38 [3920 197] 38 2975 134 3285 [2674 198] 1796 1238 3003 2996 2276 [2675 199] [2980 200] 2831 T
1454
83 1302 2895 2896 1046 1356 1113 [1317 6] 1086 [1463 7] 1472 1604 [1601 8] 1604 1472 591 [1784 9] [447 10] 1784 364 2265 317 [500 11] 317 2265 [90 12] [2265 13] 317 500 983 973 981 2430 [833 14] 831 842 [1119 15] 842 672 83 1302 1071 [2540 16] 1071 643 1316 [127 17] 429 581 [1020 18] [2455 19] 477 2873 1975 1967 [2291 20] 1967 [43 21] 1967 1126 897 421 783 2078 468 [1899 22] 468 2078 2433 2997 [2996 23] 2196 2663 [813 24] 589 375 3143 [733 25] 2018 [3072 26] 2018 733 2842 121 716 1370 [2049 27] 1370 716 121 914 3054 [1389 28] 1694 3290 [1230 29] 2649 3429 1190 [881 30] 1043 3344 [2060 31] 3212 [656 32] 200 1540 [710 33] 143 2941 [526 34] [540 35] 539 [542 36] 850 1871 502 3344 [1305 37] 3344 [1104 38] 3344 1305 [1497 39] 2854 2207 1516 227 2606 3787 2202 [902 40] 1016 2525 2645 [3639 41] 2848 252 1944 1368 3341 [1579 42] 3341 1368 [1944 43] 252 2848 2825 1180 [1560 44] 255 2550 3490 1070 [2104 45] 599 [615 46] 851 133 1128 3083 2697 3327 736 [3102 47] 1398 2996 [2329 48] 3642 [2188 49] 3642 2329 3742 3525 905 1619 1624 [2398 50] [1624 51] 1619 1844 1212 [721 52] 3524 2211 3626 [2192 53] 3626 3234 [903 54] 2840 2304 3362 [2977 55] 2877 3766 [986 56] 1465 3054 1389 [1694 57] 1389 3054 2854 3055 3721 2112 [54 58] 2112 [3310 59] 46 1460 241 [2650 60] 241 1460 1446 1462 1845 3241 3774 [278 61] [3774 62] 3241 552 3072 [2018 63] 733 3143 2339 3216 2883 2272 [2498 64] 2272 2883 3313 3270 [3428 65] [186 66] 2691 2670 600 [1354 67] 600 3675 [1518 68] 1515 1245 482 276 1025 2483 591 [660 69] 591 1472 [1604 70] 1472 [688 71] 1472 591 660 280 3638 [504 72] 2975 2753 2196 2996 [2276 73] 2996 2196 2011 [3531 74] 2149 263 2858 [2301 75] 2858 263 2149 1983 [848 76] 3877 [1239 77] 3035 459 2244 2883 3313 3270 3428 [2131 78] 2882 1890 748 2619 2621 [3647 79] 2621 2619 2009 2598 2202 3787 665 [2511 80] [3490 81] 2550 1365 [2989 82] 1615 1830 1139 119 [789 83] 3063 [2198 84] [3063 85] 3052 2854 1965 [3423 86] 371 2337 1565 672 262 [2077 87] [262 88] 2374 1655 2850 3361 3735 [96 89] 1421 [3658 90] 1390 1388 1392 2739 1561 [3652 91] 1561 188 3423 371 2337 [1565 92] 1568 2209 1516 [1749 93] 1516 227 221 224 2745 [3018 94] [2745 95] 3571 1988 1971 1978 [55 96] 1978 1971 [1983 97] 1286 513 [3085 98] 513 2209 1516 2207 3341 724 [2942 99] [724 100] 3341 1368 [1021 101] 1994 [855 102] [2506 103] 855 1917 532 3132 [2987 104] 3132 532 3385 2163 [479 105] 1944 [2244 106] 459 [3035 107] 1029 3658 1390 [664 108] 1390 1388 1389 1694 3326 [3060 109] 858 1602 [1668 110] 2593 1703 3001 2996 [2999 111] 2996 2997 2433 2078 468 1247 [1429 112] 1247 1065 [2079 113] 245 181 [252 114] 1944 2244 459 2725 [2912 115] 2725 459 3035 [1029 116] 627 [3447 117] 627 1029 1339 1185 [1335 118] 1185 1339 472 373 729 [2787 119] 729 373 [3202 120] 373 [2765 121] 1020 581 [2766 122] 581 1443 [466 123] 1443 581 1020 2765 373 [2091 124] [2053 125] 1369 2036 [1727 126] 2036 1369 1455 2041 1847 1838 1396 [666 127] [443 128] 936 1817 [1825 129] 1817 1820 2664 1518 1515 [1520 130] 1515 1516 2207 2854 [3055 131] 2854 2207 1516 1515 1245 [482 132] [1245 133] [496 134] 1245 482 2492 2267 2541 991 3383 3385 [532 135] 1917 1863 [3380 136] 2651 1697 [3603 137] 1697 2272 2883 [2216 138] 2883 2839 [3221 139] 2839 [2883 140] 2272 [2570 141] 2272 2883 3313 3270 [1670 142] 2845 664 [1750 143] [2195 144] 2687 2507 454 347 [458 145] 3603 1697 2272 2883 [2839 146] 3221 216 715 [578 147] [715 148] 2122 1657 [36 149] 3055 2854 3054 1465 986 636 2217 3211 2566 [1273 150] [2566 151] 3211 3590 3009 [2421 152] 2376 1557 [2773 153] 1695 [378 154] 2492 2267 2541 954 [1925 155] 954 3780 [3090 156] 2375 1324 1093 2049 1370 [716 157] 1370 2049 3209 [650 158] 3491 2699 [3108 159] 2699 3491 3280 [3780 160] 954 1099 2997 [1751 161] 2997 2572 1371 [1072 162] 1371 2572 2997 [2433 163] 2997 [2572 164] [1646 165] 2498 230 923 922 934 [1790 166] 934 922 923 [460 167] 923 1033 1841 2003 [3885 168] 1959 1272 [2270 169] 90 [409 170] 312 349 [2796 171] 560 3285 2674 2858 263 [1011 172] 263 2858 2674 1796 3300 391 [1847 173] 391 2026 2090 [2683 174] 2090 2827 2603 1073 665 3787 [2202 175] 3787 2606 [227 176] 1516 2209 513 1838 1841 [792 177] 1841 2864 3443 [589 178] 375 178 [816 179] 178 1241 3805 2834 1475 [486 180] 1475 2196 [2011 181] 814 [3169 182] 814 2011 2498 230 [299 183] 145 2158 [319 184] [1136 185] 3198 3322 1460 [1358 186] [3002 187] 2124 3789 3347 [2211 188] [3291 189] 2211 810 2265 364 [3605 190] 1116 [1571 191] 1608 1601 1604 1472 [591 192] 2483 810 1694 [3494 193] 1694 [2482 194] 1694 1389 3054 2854 [1209 195] 2467 2549 2607 [109 196] 2607 2855 2681 38 [3920 197] 38 2975 134 3285 [2674 198] 1796 1238 3003 2996 2276 [2675 199] [2980 200] 2831 T
1454
1463 1472 3196 1490 [1485 7] 1490 3196 1472 1604 [1601 8] 1604 1472 591 [1784 9] [447 10] 1784 364 2265 317 [500 11] 317 2265 [90 12] [2265 13] 317 500 983 973 981 2430 [833 14] 831 842 [1119 15] 842 672 83 1302 1071 [2540 16] 1071 643 1316 [127 17] 429 581 [1020 18] [2455 19] 477 2873 1975 1967 [2291 20] 1967 [43 21] 1967 1126 897 421 783 2078 468 [1899 22] 468 2078 2433 2997 [2996 23] 2196 2663 [813 24] 589 375 3143 [733 25] 2018 [3072 26] 2018 733 2842 121 716 1370 [2049 27] 1370 716 121 914 3054 [1389 28] 1694 3290 [1230 29] 2649 3429 1190 [881 30] 1043 3344 [2060 31] 3212 [656 32] 200 1540 [710 33] 143 2941 [526 34] [540 35] 539 [542 36] 850 1871 502 3344 [1305 37] 3344 [1104 38] 3344 1305 [1497 39] 2854 2207 1516 227 2606 3787 2202 [902 40] 1016 2525 2645 [3639 41] 2848 252 1944 1368 3341 [1579 42] 3341 1368 [1944 43] 252 2848 2825 1180 [1560 44] 255 2550 3490 1070 [2104 45] 599 [615 46] 851 133 1128 3083 2697 3327 736 [3102 47] 1398 2996 [2329 48] 3642 [2188 49] 3642 2329 3742 3525 905 1619 1624 [2398 50] [1624 51] 1619 1844 1212 [721 52] 3524 2211 3626 [2192 53] 3626 3234 [903 54] 2840 2304 3362 [2977 55] 2877 3766 [986 56] 1465 3054 1389 [1694 57] 1389 3054 2854 3055 3721 2112 [54 58] 2112 [3310 59] 46 1460 241 [2650 60] 241 1460 1446 1462 1845 3241 3774 [278 61] [3774 62] 3241 552 3072 [2018 63] 733 3143 2339 3216 2883 2272 [2498 64] 2272 2883 3313 3270 [3428 65] [186 66] 2691 2670 600 [1354 67] 600 3675 [1518 68] 1515 1245 482 276 1025 2483 591 [660 69] 591 1472 [1604 70] 1472 [688 71] 1472 591 660 280 3638 [504 72] 2975 2753 2196 2996 [2276 73] 2996 2196 2011 [3531 74] 2149 263 2858 [2301 75] 2858 263 2149 1983 [848 76] 3877 [1239 77] 3035 459 2244 2883 3313 3270 3428 [2131 78] 2882 1890 748 2619 2621 [3647 79] 2621 2619 2009 2598 2202 3787 665 [2511 80] [3490 81] 2550 1365 [2989 82] 1615 1830 1139 119 [789 83] 3063 [2198 84] [3063 85] 3052 2854 1965 [3423 86] 371 2337 1565 672 262 [2077 87] [262 88] 2374 1655 2850 3361 3735 [96 89] 1421 [3658 90] 1390 1388 1392 2739 1561 [3652 91] 1561 188 3423 371 2337 [1565 92] 1568 2209 1516 [1749 93] 1516 227 221 224 2745 [3018 94] [2745 95] 3571 1988 1971 1978 [55 96] 1978 1971 [1983 97] 1286 513 [3085 98] 513 2209 1516 2207 3341 724 [2942 99] [724 100] 3341 1368 [1021 101] 1994 [855 102] [2506 103] 855 1917 532 3132 [2987 104] 3132 532 3385 2163 [479 105] 1944 [2244 106] 459 [3035 107] 1029 3658 1390 [664 108] 1390 1388 1389 1694 3326 [3060 109] 858 1602 [1668 110] 2593 1703 3001 2996 [2999 111] 2996 2997 2433 2078 468 1247 [1429 112] 1247 1065 [2079 113] 245 181 [252 114] 1944 2244 459 2725 [2912 115] 2725 459 3035 [1029 116] 627 [3447 117] 627 1029 1339 1185 [1335 118] 1185 1339 472 373 729 [2787 119] 729 373 [3202 120] 373 [2765 121] 1020 581 [2766 122] 581 1443 [466 123] 1443 581 1020 2765 373 [2091 124] [2053 125] 1369 2036 [1727 126] 2036 1369 1455 2041 1847 1838 1396 [666 127] [443 128] 936 1817 [1825 129] 1817 1820 2664 1518 1515 [1520 130] 1515 1516 2207 2854 [3055 131] 2854 2207 1516 1515 1245 [482 132] [1245 133] [496 134] 1245 482 2492 2267 2541 991 3383 3385 [532 135] 1917 1863 [3380 136] 2651 1697 [3603 137] 1697 2272 2883 [2216 138] 2883 2839 [3221 139] 2839 [2883 140] 2272 [2570 141] 2272 2883 3313 3270 [1670 142] 2845 664 [1750 143] [2195 144] 2687 2507 454 347 [458 145] 3603 1697 2272 2883 [2839 146] 3221 216 715 [578 147] [715 148] 2122 1657 [36 149] 3055 2854 3054 1465 986 636 2217 3211 2566 [1273 150] [2566 151] 3211 3590 3009 [2421 152] 2376 1557 [2773 153] 1695 [378 154] 2492 2267 2541 954 [1925 155] 954 3780 [3090 156] 2375 1324 1093 2049 1370 [716 157] 1370 2049 3209 [650 158] 3491 2699 [3108 159] 2699 3491 3280 [3780 160] 954 1099 2997 [1751 161] 2997 2572 1371 [1072 162] 1371 2572 2997 [2433 163] 2997 [2572 164] [1646 165] 2498 230 923 922 934 [1790 166] 934 922 923 [460 167] 923 1033 1841 2003 [3885 168] 1959 1272 [2270 169] 90 [409 170] 312 349 [2796 171] 560 3285 2674 2858 263 [1011 172] 263 2858 2674 1796 3300 391 [1847 173] 391 2026 2090 [2683 174] 2090 2827 2603 1073 665 3787 [2202 175] 3787 2606 [227 176] 1516 2209 513 1838 1841 [792 177] 1841 2864 3443 [589 178] 375 178 [816 179] 178 1241 3805 2834 1475 [486 180] 1475 2196 [2011 181] 814 [3169 182] 814 2011 2498 230 [299 183] 145 2158 [319 184] [1136 185] 3198 3322 1460 [1358 186] [3002 187] 2124 3789 3347 [2211 188] [3291 189] 2211 810 2265 364 [3605 190] 1116 [1571 191] 1608 1601 1604 1472 [591 192] 2483 810 1694 [3494 193] 1694 [2482 194] 1694 1389 3054 2854 [1209 195] 2467 2549 2607 [109 196] 2607 2855 2681 38 [3920 197] 38 2975 134 3285 [2674 198] 1796 1238 3003 2996 2276 [2675 199] [2980 200] 2831 T
1456
1601 1604 1472 1463 1477 762 751 [1551 8] [142 9] 900 898 [899 10] [1918 11] 899 898 [900 12] 898 904 1710 1321 697 [2410 13] 697 1321 981 2430 [833 14] 831 842 [1119 15] 842 672 83 1302 1071 [2540 16] 1071 643 1316 [127 17] 429 581 [1020 18] [2455 19] 477 2873 1975 1967 [2291 20] 1967 [43 21] 1967 1126 897 421 783 2078 468 [1899 22] 468 2078 2433 2997 [2996 23] 2196 2663 [813 24] 589 375 3143 [733 25] 2018 [3072 26] 2018 733 2842 121 716 1370 [2049 27] 1370 716 121 914 3054 [1389 28] 1694 3290 [1230 29] 2649 3429 1190 [881 30] 1043 3344 [2060 31] 3212 [656 32] 200 1540 [710 33] 143 2941 [526 34] [540 35] 539 [542 36] 850 1871 502 3344 [1305 37] 3344 [1104 38] 3344 1305 [1497 39] 2854 2207 1516 227 2606 3787 2202 [902 40] 1016 2525 2645 [3639 41] 2848 252 1944 1368 3341 [1579 42] 3341 1368 [1944 43] 252 2848 2825 1180 [1560 44] 255 2550 3490 1070 [2104 45] 599 [615 46] 851 133 1128 3083 2697 3327 736 [3102 47] 1398 2996 [2329 48] 3642 [2188 49] 3642 2329 3742 3525 905 1619 1624 [2398 50] [1624 51] 1619 1844 1212 [721 52] 3524 2211 3626 [2192 53] 3626 3234 [903 54] 2840 2304 3362 [2977 55] 2877 3766 [986 56] 1465 3054 1389 [1694 57] 1389 3054 2854 3055 3721 2112 [54 58] 2112 [3310 59] 46 1460 241 [2650 60] 241 1460 1446 1462 1845 3241 3774 [278 61] [3774 62] 3241 552 3072 [2018 63] 733 3143 2339 3216 2883 2272 [2498 64] 2272 2883 3313 3270 [3428 65] [186 66] 2691 2670 600 [1354 67] 600 3675 [1518 68] 1515 1245 482 276 1025 2483 591 [660 69] 591 1472 [1604 70] 1472 [688 71] 1472 591 660 280 3638 [504 72] 2975 2753 2196 2996 [2276 73] 2996 2196 2011 [3531 74] 2149 263 2858 [2301 75] 2858 263 2149 1983 [848 76] 3877 [1239 77] 3035 459 2244 2883 3313 3270 3428 [2131 78] 2882 1890 748 2619 2621 [3647 79] 2621 2619 2009 2598 2202 3787 665 [2511 80] [3490 81] 2550 1365 [2989 82] 1615 1830 1139 119 [789 83] 3063 [2198 84] [3063 85] 3052 2854 1965 [3423 86] 371 2337 1565 672 262 [2077 87] [262 88] 2374 1655 2850 3361 3735 [96 89] 1421 [3658 90] 1390 1388 1392 2739 1561 [3652 91] 1561 188 3423 371 2337 [1565 92] 1568 2209 1516 [1749 93] 1516 227 221 224 2745 [3018 94] [2745 95] 3571 1988 1971 1978 [55 96] 1978 1971 [1983 97] 1286 513 [3085 98] 513 2209 1516 2207 3341 724 [2942 99] [724 100] 3341 1368 [1021 101] 1994 [855 102] [2506 103] 855 1917 532 3132 [2987 104] 3132 532 3385 2163 [479 105] 1944 [2244 106] 459 [3035 107] 1029 3658 1390 [664 108] 1390 1388 1389 1694 3326 [3060 109] 858 1602 [1668 110] 2593 1703 3001 2996 [2999 111] 2996 2997 2433 2078 468 1247 [1429 112] 1247 1065 [2079 113] 245 181 [252 114] 1944 2244 459 2725 [2912 115] 2725 459 3035 [1029 116] 627 [3447 117] 627 1029 1339 1185 [1335 118] 1185 1339 472 373 729 [2787 119] 729 373 [3202 120] 373 [2765 121] 1020 581 [2766 122] 581 1443 [466 123] 1443 581 1020 2765 373 [2091 124] [2053 125] 1369 2036 [1727 126] 2036 1369 1455 2041 1847 1838 1396 [666 127] [443 128] 936 1817 [1825 129] 1817 1820 2664 1518 1515 [1520 130] 1515 1516 2207 2854 [3055 131] 2854 2207 1516 1515 1245 [482 132] [1245 133] [496 134] 1245 482 2492 2267 2541 991 3383 3385 [532 135] 1917 1863 [3380 136] 2651 1697 [3603 137] 1697 2272 2883 [2216 138] 2883 2839 [3221 139] 2839 [2883 140] 2272 [2570 141] 2272 2883 3313 3270 [1670 142] 2845 664 [1750 143] [2195 144] 2687 2507 454 347 [458 145] 3603 1697 2272 2883 [2839 146] 3221 216 715 [578 147] [715 148] 2122 1657 [36 149] 3055 2854 3054 1465 986 636 2217 3211 2566 [1273 150] [2566 151] 3211 3590 3009 [2421 152] 2376 1557 [2773 153] 1695 [378 154] 2492 2267 2541 954 [1925 155] 954 3780 [3090 156] 2375 1324 1093 2049 1370 [716 157] 1370 2049 3209 [650 158] 3491 2699 [3108 159] 2699 3491 3280 [3780 160] 954 1099 2997 [1751 161] 2997 2572 1371 [1072 162] 1371 2572 2997 [2433 163] 2997 [2572 164] [1646 165] 2498 230 923 922 934 [1790 166] 934 922 923 [460 167] 923 1033 1841 2003 [3885 168] 1959 1272 [2270 169] 90 [409 170] 312 349 [2796 171] 560 3285 2674 2858 263 [1011 172] 263 2858 2674 1796 3300 391 [1847 173] 391 2026 2090 [2683 174] 2090 2827 2603 1073 665 3787 [2202 175] 3787 2606 [227 176] 1516 2209 513 1838 1841 [792 177] 1841 2864 3443 [589 178] 375 178 [816 179] 178 1241 3805 2834 1475 [486 180] 1475 2196 [2011 181] 814 [3169 182] 814 2011 2498 230 [299 183] 145 2158 [319 184] [1136 185] 3198 3322 1460 [1358 186] [3002 187] 2124 3789 3347 [2211 188] [3291 189] 2211 810 2265 364 [3605 190] 1116 [1571 191] 1608 1601 1604 1472 [591 192] 2483 810 1694 [3494 193] 1694 [2482 194] 1694 1389 3054 2854 [1209 195] 2467 2549 2607 [109 196] 2607 2855 2681 38 [3920 197] 38 2975 134 3285 [2674 198] 1796 1238 3003 2996 2276 [2675 199] [2980 200] 2831 T
1462
1784 1722 2069 751 1551 [142 9] 900 898 [899 10] [1918 11] 899 898 [900 12] 898 904 1710 1321 697 [2410 13] 697 1321 981 2430 [833 14] 831 842 [1119 15] 842 672 83 1302 1071 [2540 16] 1071 643 1316 [127 17] 429 581 [1020 18] [2455 19] 477 2873 1975 1967 [2291 20] 1967 [43 21] 1967 1126 897 421 783 2078 468 [1899 22] 468 2078 2433 2997 [2996 23] 2196 2663 [813 24] 589 375 3143 [733 25] 2018 [3072 26] 2018 733 2842 121 716 1370 [2049 27] 1370 716 121 914 3054 [1389 28] 1694 3290 [1230 29] 2649 3429 1190 [881 30] 1043 3344 [2060 31] 3212 [656 32] 200 1540 [710 33] 143 2941 [526 34] [540 35] 539 [542 36] 850 1871 502 3344 [1305 37] 3344 [1104 38] 3344 1305 [1497 39] 2854 2207 1516 227 2606 3787 2202 [902 40] 1016 2525 2645 [3639 41] 2848 252 1944 1368 3341 [1579 42] 3341 1368 [1944 43] 252 2848 2825 1180 [1560 44] 255 2550 3490 1070 [2104 45] 599 [615 46] 851 133 1128 3083 2697 3327 736 [3102 47] 1398 2996 [2329 48] 3642 [2188 49] 3642 2329 3742 3525 905 1619 1624 [2398 50] [1624 51] 1619 1844 1212 [721 52] 3524 2211 3626 [2192 53] 3626 3234 [903 54] 2840 2304 3362 [2977 55] 2877 3766 [986 56] 1465 3054 1389 [1694 57] 1389 3054 2854 3055 3721 2112 [54 58] 2112 [3310 59] 46 1460 241 [2650 60] 241 1460 1446 1462 1845 3241 3774 [278 61] [3774 62] 3241 552 3072 [2018 63] 733 3143 2339 3216 2883 2272 [2498 64] 2272 2883 3313 3270 [3428 65] [186 66] 2691 2670 600 [1354 67] 600 3675 [1518 68] 1515 1245 482 276 1025 2483 591 [660 69] 591 1472 [1604 70] 1472 [688 71] 1472 591 660 280 3638 [504 72] 2975 2753 2196 2996 [2276 73] 2996 2196 2011 [3531 74] 2149 263 2858 [2301 75] 2858 263 2149 1983 [848 76] 3877 [1239 77] 3035 459 2244 2883 3313 3270 3428 [2131 78] 2882 1890 748 2619 2621 [3647 79] 2621 2619 2009 2598 2202 3787 665 [2511 80] [3490 81] 2550 1365 [2989 82] 1615 1830 1139 119 [789 83] 3063 [2198 84] [3063 85] 3052 2854 1965 [3423 86] 371 2337 1565 672 262 [2077 87] [262 88] 2374 1655 2850 3361 3735 [96 89] 1421 [3658 90] 1390 1388 1392 2739 1561 [3652 91] 1561 188 3423 371 2337 [1565 92] 1568 2209 1516 [1749 93] 1516 227 221 224 2745 [3018 94] [2745 95] 3571 1988 1971 1978 [55 96] 1978 1971 [1983 97] 1286 513 [3085 98] 513 2209 1516 2207 3341 724 [2942 99] [724 100] 3341 1368 [1021 101] 1994 [855 102] [2506 103] 855 1917 532 3132 [2987 104] 3132 532 3385 2163 [479 105] 1944 [2244 106] 459 [3035 107] 1029 3658 1390 [664 108] 1390 1388 1389 1694 3326 [3060 109] 858 1602 [1668 110] 2593 1703 3001 2996 [2999 111] 2996 2997 2433 2078 468 1247 [1429 112] 1247 1065 [2079 113] 245 181 [252 114] 1944 2244 459 2725 [2912 115] 2725 459 3035 [1029 116] 627 [3447 117] 627 1029 1339 1185 [1335 118] 1185 1339 472 373 729 [2787 119] 729 373 [3202 120] 373 [2765 121] 1020 581 [2766 122] 581 1443 [466 123] 1443 581 1020 2765 373 [2091 124] [2053 125] 1369 2036 [1727 126] 2036 1369 1455 2041 1847 1838 1396 [666 127] [443 128] 936 1817 [1825 129] 1817 1820 2664 1518 1515 [1520 130] 1515 1516 2207 2854 [3055 131] 2854 2207 1516 1515 1245 [482 132] [1245 133] [496 134] 1245 482 2492 2267 2541 991 3383 3385 [532 135] 1917 1863 [3380 136] 2651 1697 [3603 137] 1697 2272 2883 [2216 138] 2883 2839 [3221 139] 2839 [2883 140] 2272 [2570 141] 2272 2883 3313 3270 [1670 142] 2845 664 [1750 143] [2195 144] 2687 2507 454 347 [458 145] 3603 1697 2272 2883 [2839 146] 3221 216 715 [578 147] [715 148] 2122 1657 [36 149] 3055 2854 3054 1465 986 636 2217 3211 2566 [1273 150] [2566 151] 3211 3590 3009 [2421 152] 2376 1557 [2773 153] 1695 [378 154] 2492 2267 2541 954 [1925 155] 954 3780 [3090 156] 2375 1324 1093 2049 1370 [716 157] 1370 2049 3209 [650 158] 3491 2699 [3108 159] 2699 3491 3280 [3780 160] 954 1099 2997 [1751 161] 2997 2572 1371 [1072 162] 1371 2572 2997 [2433 163] 2997 [2572 164] [1646 165] 2498 230 923 922 934 [1790 166] 934 922 923 [460 167] 923 1033 1841 2003 [3885 168] 1959 1272 [2270 169] 90 [409 170] 312 349 [2796 171] 560 3285 2674 2858 263 [1011 172] 263 2858 2674 1796 3300 391 [1847 173] 391 2026 2090 [2683 174] 2090 2827 2603 1073 665 3787 [2202 175] 3787 2606 [227 176] 1516 2209 513 1838 1841 [792 177] 1841 2864 3443 [589 178] 375 178 [816 179] 178 1241 3805 2834 1475 [486 180] 1475 2196 [2011 181] 814 [3169 182] 814 2011 2498 230 [299 183] 145 2158 [319 184] [1136 185] 3198 3322 1460 [1358 186] [3002 187] 2124 3789 3347 [2211 188] [3291 189] 2211 810 2265 364 [3605 190] 1116 [1571 191] 1608 1601 1604 1472 [591 192] 2483 810 1694 [3494 193] 1694 [2482 194] 1694 1389 3054 2854 [1209 195] 2467 2549 2607 [109 196] 2607 2855 2681 38 [3920 197] 38 2975 134 3285 [2674 198] 1796 1238 3003 2996 2276 [2675 199] [2980 200] 2831 T
1453
447 1784 591 2483 1025 535 1236 [1237 10] 2026 2090 2827 983 [500 11] 317 2265 [90 12] [2265 13] 317 500 983 973 981 2430 [833 14] 831 842 [1119 15] 842 672 83 1302 1071 [2540 16] 1071 643 1316 [127 17] 429 581 [1020 18] [2455 19] 477 2873 1975 1967 [2291 20] 1967 [43 21] 1967 1126 897 421 783 2078 468 [1899 22] 468 2078 2433 2997 [2996 23] 2196 2663 [813 24] 589 375 3143 [733 25] 2018 [3072 26] 2018 733 2842 121 716 1370 [2049 27] 1370 716 121 914 3054 [1389 28] 1694 3290 [1230 29] 2649 3429 1190 [881 30] 1043 3344 [2060 31] 3212 [656 32] 200 1540 [710 33] 143 2941 [526 34] [540 35] 539 [542 36] 850 1871 502 3344 [1305 37] 3344 [1104 38] 3344 1305 [1497 39] 2854 2207 1516 227 2606 3787 2202 [902 40] 1016 2525 2645 [3639 41] 2848 252 1944 1368 3341 [1579 42] 3341 1368 [1944 43] 252 2848 2825 1180 [1560 44] 255 2550 3490 1070 [2104 45] 599 [615 46] 851 133 1128 3083 2697 3327 736 [3102 47] 1398 2996 [2329 48] 3642 [2188 49] 3642 2329 3742 3525 905 1619 1624 [2398 50] [1624 51] 1619 1844 1212 [721 52] 3524 2211 3626 [2192 53] 3626 3234 [903 54] 2840 2304 3362 [2977 55] 2877 3766 [986 56] 1465 3054 1389 [1694 57] 1389 3054 2854 3055 3721 2112 [54 58] 2112 [3310 59] 46 1460 241 [2650 60] 241 1460 1446 1462 1845 3241 3774 [278 61] [3774 62] 3241 552 3072 [2018 63] 733 3143 2339 3216 2883 2272 [2498 64] 2272 2883 3313 3270 [3428 65] [186 66] 2691 2670 600 [1354 67] 600 3675 [1518 68] 1515 1245 482 276 1025 2483 591 [660 69] 591 1472 [1604 70] 1472 [688 71] 1472 591 660 280 3638 [504 72] 2975 2753 2196 2996 [2276 73] 2996 2196 2011 [3531 74] 2149 263 2858 [2301 75] 2858 263 2149 1983 [848 76] 3877 [1239 77] 3035 459 2244 2883 3313 3270 3428 [2131 78] 2882 1890 748 2619 2621 [3647 79] 2621 2619 2009 2598 2202 3787 665 [2511 80] [3490 81] 2550 1365 [2989 82] 1615 1830 1139 119 [789 83] 3063 [2198 84] [3063 85] 3052 2854 1965 [3423 86] 371 2337 1565 672 262 [2077 87] [262 88] 2374 1655 2850 3361 3735 [96 89] 1421 [3658 90] 1390 1388 1392 2739 1561 [3652 91] 1561 188 3423 371 2337 [1565 92] 1568 2209 1516 [1749 93] 1516 227 221 224 2745 [3018 94] [2745 95] 3571 1988 1971 1978 [55 96] 1978 1971 [1983 97] 1286 513 [3085 98] 513 2209 1516 2207 3341 724 [2942 99] [724 100] 3341 1368 [1021 101] 1994 [855 102] [2506 103] 855 1917 532 3132 [2987 104] 3132 532 3385 2163 [479 105] 1944 [2244 106] 459 [3035 107] 1029 3658 1390 [664 108] 1390 1388 1389 1694 3326 [3060 109] 858 1602 [1668 110] 2593 1703 3001 2996 [2999 111] 2996 2997 2433 2078 468 1247 [1429 112] 1247 1065 [2079 113] 245 181 [252 114] 1944 2244 459 2725 [2912 115] 2725 459 3035 [1029 116] 627 [3447 117] 627 1029 1339 1185 [1335 118] 1185 1339 472 373 729 [2787 119] 729 373 [3202 120] 373 [2765 121] 1020 581 [2766 122] 581 1443 [466 123] 1443 581 1020 2765 373 [2091 124] [2053 125] 1369 2036 [1727 126] 2036 1369 1455 2041 1847 1838 1396 [666 127] [443 128] 936 1817 [1825 129] 1817 1820 2664 1518 1515 [1520 130] 1515 1516 2207 2854 [3055 131] 2854 2207 1516 1515 1245 [482 132] [1245 133] [496 134] 1245 482 2492 2267 2541 991 3383 3385 [532 135] 1917 1863 [3380 136] 2651 1697 [3603 137] 1697 2272 2883 [2216 138] 2883 2839 [3221 139] 2839 [2883 140] 2272 [2570 141] 2272 2883 3313 3270 [1670 142] 2845 664 [1750 143] [2195 144] 2687 2507 454 347 [458 145] 3603 1697 2272 2883 [2839 146] 3221 216 715 [578 147] [715 148] 2122 1657 [36 149] 3055 2854 3054 1465 986 636 2217 3211 2566 [1273 150] [2566 151] 3211 3590 3009 [2421 152] 2376 1557 [2773 153] 1695 [378 154] 2492 2267 2541 954 [1925 155] 954 3780 [3090 156] 2375 1324 1093 2049 1370 [716 157] 1370 2049 3209 [650 158] 3491 2699 [3108 159] 2699 3491 3280 [3780 160] 954 1099 2997 [1751 161] 2997 2572 1371 [1072 162] 1371 2572 2997 [2433 163] 2997 [2572 164] [1646 165] 2498 230 923 922 934 [1790 166] 934 922 923 [460 167] 923 1033 1841 2003 [3885 168] 1959 1272 [2270 169] 90 [409 170] 312 349 [2796 171] 560 3285 2674 2858 263 [1011 172] 263 2858 2674 1796 3300 391 [1847 173] 391 2026 2090 [2683 174] 2090 2827 2603 1073 665 3787 [2202 175] 3787 2606 [227 176] 1516 2209 513 1838 1841 [792 177] 1841 2864 3443 [589 178] 375 178 [816 179] 178 1241 3805 2834 1475 [486 180] 1475 2196 [2011 181] 814 [3169 182] 814 2011 2498 230 [299 183] 145 2158 [319 184] [1136 185] 3198 3322 1460 [1358 186] [3002 187] 2124 3789 3347 [2211 188] [3291 189] 2211 810 2265 364 [3605 190] 1116 [1571 191] 1608 1601 1604 1472 [591 192] 2483 810 1694 [3494 193] 1694 [2482 194] 1694 1389 3054 2854 [1209 195] 2467 2549 2607 [109 196] 2607 2855 2681 38 [3920 197] 38 2975 134 3285 [2674 198] 1796 1238 3003 2996 2276 [2675 199] [2980 200] 2831 T
1456
500 317 2265 364 3605 589 375 [1138 11] 375 3143 2339 [2296 12] 2253 2841 1321 697 [2410 13] 697 1321 981 2430 [833 14] 831 842 [1119 15] 842 672 83 1302 1071 [2540 16] 1071 643 1316 [127 17] 429 581 [1020 18] [2455 19] 477 2873 1975 1967 [2291 20] 1967 [43 21] 1967 1126 897 421 783 2078 468 [1899 22] 468 2078 2433 2997 [2996 23] 2196 2663 [813 24] 589 375 3143 [733 25] 2018 [3072 26] 2018 733 2842 121 716 1370 [2049 27] 1370 716 121 914 3054 [1389 28] 1694 3290 [1230 29] 2649 3429 1190 [881 30] 1043 3344 [2060 31] 3212 [656 32] 200 1540 [710 33] 143 2941 [526 34] [540 35] 539 [542 36] 850 1871 502 3344 [1305 37] 3344 [1104 38] 3344 1305 [1497 39] 2854 2207 1516 227 2606 3787 2202 [902 40] 1016 2525 2645 [3639 41] 2848 252 1944 1368 3341 [1579 42] 3341 1368 [1944 43] 252 2848 2825 1180 [1560 44] 255 2550 3490 1070 [2104 45] 599 [615 46] 851 133 1128 3083 2697 3327 736 [3102 47] 1398 2996 [2329 48] 3642 [2188 49] 3642 2329 3742 3525 905 1619 1624 [2398 50] [1624 51] 1619 1844 1212 [721 52] 3524 2211 3626 [2192 53] 3626 3234 [903 54] 2840 2304 3362 [2977 55] 2877 3766 [986 56] 1465 3054 1389 [1694 57] 1389 3054 2854 3055 3721 2112 [54 58] 2112 [3310 59] 46 1460 241 [2650 60] 241 1460 1446 1462 1845 3241 3774 [278 61] [3774 62] 3241 552 3072 [2018 63] 733 3143 2339 3216 2883 2272 [2498 64] 2272 2883 3313 3270 [3428 65] [186 66] 2691 2670 600 [1354 67] 600 3675 [1518 68] 1515 1245 482 276 1025 2483 591 [660 69] 591 1472 [1604 70] 1472 [688 71] 1472 591 660 280 3638 [504 72] 2975 2753 2196 2996 [2276 73] 2996 2196 2011 [3531 74] 2149 263 2858 [2301 75] 2858 263 2149 1983 [848 76] 3877 [1239 77] 3035 459 2244 2883 3313 3270 3428 [2131 78] 2882 1890 748 2619 2621 [3647 79] 2621 2619 2009 2598 2202 3787 665 [2511 80] [3490 81] 2550 1365 [2989 82] 1615 1830 1139 119 [789 83] 3063 [2198 84] [3063 85] 3052 2854 1965 [3423 86] 371 2337 1565 672 262 [2077 87] [262 88] 2374 1655 2850 3361 3735 [96 89] 1421 [3658 90] 1390 1388 1392 2739 1561 [3652 91] 1561 188 3423 371 2337 [1565 92] 1568 2209 1516 [1749 93] 1516 227 221 224 2745 [3018 94] [2745 95] 3571 1988 1971 1978 [55 96] 1978 1971 [1983 97] 1286 513 [3085 98] 513 2209 1516 2207 3341 724 [2942 99] [724 100] 3341 1368 [1021 101] 1994 [855 102] [2506 103] 855 1917 532 3132 [2987 104] 3132 532 3385 2163 [479 105] 1944 [2244 106] 459 [3035 107] 1029 3658 1390 [664 108] 1390 1388 1389 1694 3326 [3060 109] 858 1602 [1668 110] 2593 1703 3001 2996 [2999 111] 2996 2997 2433 2078 468 1247 [1429 112] 1247 1065 [2079 113] 245 181 [252 114] 1944 2244 459 2725 [2912 115] 2725 459 3035 [1029 116] 627 [3447 117] 627 1029 1339 1185 [1335 118] 1185 1339 472 373 729 [2787 119] 729 373 [3202 120] 373 [2765 121] 1020 581 [2766 122] 581 1443 [466 123] 1443 581 1020 2765 373 [2091 124] [2053 125] 1369 2036 [1727 126] 2036 1369 1455 2041 1847 1838 1396 [666 127] [443 128] 936 1817 [1825 129] 1817 1820 2664 1518 1515 [1520 130] 1515 1516 2207 2854 [3055 131] 2854 2207 1516 1515 1245 [482 132] [1245 133] [496 134] 1245 482 2492 2267 2541 991 3383 3385 [532 135] 1917 1863 [3380 136] 2651 1697 [3603 137] 1697 2272 2883 [2216 138] 2883 2839 [3221 139] 2839 [2883 140] 2272 [2570 141] 2272 2883 3313 3270 [1670 142] 2845 664 [1750 143] [2195 144] 2687 2507 454 347 [458 145] 3603 1697 2272 2883 [2839 146] 3221 216 715 [578 147] [715 148] 2122 1657 [36 149] 3055 2854 3054 1465 986 636 2217 3211 2566 [1273 150] [2566 151] 3211 3590 3009 [2421 152] 2376 1557 [2773 153] 1695 [378 154] 2492 2267 2541 954 [1925 155] 954 3780 [3090 156] 2375 1324 1093 2049 1370 [716 157] 1370 2049 3209 [650 158] 3491 2699 [3108 159] 2699 3491 3280 [3780 160] 954 1099 2997 [1751 161] 2997 2572 1371 [1072 162] 1371 2572 2997 [2433 163] 2997 [2572 164] [1646 165] 2498 230 923 922 934 [1790 166] 934 922 923 [460 167] 923 1033 1841 2003 [3885 168] 1959 1272 [2270 169] 90 [409 170] 312 349 [2796 171] 560 3285 2674 2858 263 [1011 172] 263 2858 2674 1796 3300 391 [1847 173] 391 2026 2090 [2683 174] 2090 2827 2603 1073 665 3787 [2202 175] 3787 2606 [227 176] 1516 2209 513 1838 1841 [792 177] 1841 2864 3443 [589 178] 375 178 [816 179] 178 1241 3805 2834 1475 [486 180] 1475 2196 [2011 181] 814 [3169 182] 814 2011 2498 230 [299 183] 145 2158 [319 184] [1136 185] 3198 3322 1460 [1358 186] [3002 187] 2124 3789 3347 [2211 188] [3291 189] 2211 810 2265 364 [3605 190] 1116 [1571 191] 1608 1601 1604 1472 [591 192] 2483 810 1694 [3494 193] 1694 [2482 194] 1694 1389 3054 2854 [1209 195] 2467 2549 2607 [109 196] 2607 2855 2681 38 [3920 197] 38 2975 134 3285 [2674 198] 1796 1238 3003 2996 2276 [2675 199] [2980 200] 2831 T
1456
90 2265 364 3605 589 375 3143 2339 [2296 12] 2253 2841 1321 697 [2410 13] 697 1321 981 2430 [833 14] 831 842 [1119 15] 842 672 83 1302 1071 [2540 16] 1071 643 1316 [127 17] 429 581 [1020 18] [2455 19] 477 2873 1975 1967 [2291 20] 1967 [43 21] 1967 1126 897 421 783 2078 468 [1899 22] 468 2078 2433 2997 [2996 23] 2196 2663 [813 24] 589 375 3143 [733 25] 2018 [3072 26] 2018 733 2842 121 716 1370 [2049 27] 1370 716 121 914 3054 [1389 28] 1694 3290 [1230 29] 2649 3429 1190 [881 30] 1043 3344 [2060 31] 3212 [656 32] 200 1540 [710 33] 143 2941 [526 34] [540 35] 539 [542 36] 850 1871 502 3344 [1305 37] 3344 [1104 38] 3344 1305 [1497 39] 2854 2207 1516 227 2606 3787 2202 [902 40] 1016 2525 2645 [3639 41] 2848 252 1944 1368 3341 [1579 42] 3341 1368 [1944 43] 252 2848 2825 1180 [1560 44] 255 2550 3490 1070 [2104 45] 599 [615 46] 851 133 1128 3083 2697 3327 736 [3102 47] 1398 2996 [2329 48] 3642 [2188 49] 3642 2329 3742 3525 905 1619 1624 [2398 50] [1624 51] 1619 1844 1212 [721 52] 3524 2211 3626 [2192 53] 3626 3234 [903 54] 2840 2304 3362 [2977 55] 2877 3766 [986 56] 1465 3054 1389 [1694 57] 1389 3054 2854 3055 3721 2112 [54 58] 2112 [3310 59] 46 1460 241 [2650 60] 241 1460 1446 1462 1845 3241 3774 [278 61] [3774 62] 3241 552 3072 [2018 63] 733 3143 2339 3216 2883 2272 [2498 64] 2272 2883 3313 3270 [3428 65] [186 66] 2691 2670 600 [1354 67] 600 3675 [1518 68] 1515 1245 482 276 1025 2483 591 [660 69] 591 1472 [1604 70] 1472 [688 71] 1472 591 660 280 3638 [504 72] 2975 2753 2196 2996 [2276 73] 2996 2196 2011 [3531 74] 2149 263 2858 [2301 75] 2858 263 2149 1983 [848 76] 3877 [1239 77] 3035 459 2244 2883 3313 3270 3428 [2131 78] 2882 1890 748 2619 2621 [3647 79] 2621 2619 2009 2598 2202 3787 665 [2511 80] [3490 81] 2550 1365 [2989 82] 1615 1830 1139 119 [789 83] 3063 [2198 84] [3063 85] 3052 2854 1965 [3423 86] 371 2337 1565 672 262 [2077 87] [262 88] 2374 1655 2850 3361 3735 [96 89] 1421 [3658 90] 1390 1388 1392 2739 1561 [3652 91] 1561 188 3423 371 2337 [1565 92] 1568 2209 1516 [1749 93] 1516 227 221 224 2745 [3018 94] [2745 95] 3571 1988 1971 1978 [55 96] 1978 1971 [1983 97] 1286 513 [3085 98] 513 2209 1516 2207 3341 724 [2942 99] [724 100] 3341 1368 [1021 101] 1994 [855 102] [2506 103] 855 1917 532 3132 [2987 104] 3132 532 3385 2163 [479 105] 1944 [2244 106] 459 [3035 107] 1029 3658 1390 [664 108] 1390 1388 1389 1694 3326 [3060 109] 858 1602 [1668 110] 2593 1703 3001 2996 [2999 111] 2996 2997 2433 2078 468 1247 [1429 112] 1247 1065 [2079 113] 245 181 [252 114] 1944 2244 459 2725 [2912 115] 2725 459 3035 [1029 116] 627 [3447 117] 627 1029 1339 1185 [1335 118] 1185 1339 472 373 729 [2787 119] 729 373 [3202 120] 373 [2765 121] 1020 581 [2766 122] 581 1443 [466 123] 1443 581 1020 2765 373 [2091 124] [2053 125] 1369 2036 [1727 126] 2036 1369 1455 2041 1847 1838 1396 [666 127] [443 128] 936 1817 [1825 129] 1817 1820 2664 1518 1515 [1520 130] 1515 1516 2207 2854 [3055 131] 2854 2207 1516 1515 1245 [482 132] [1245 133] [496 134] 1245 482 2492 2267 2541 991 3383 3385 [532 135] 1917 1863 [3380 136] 2651 1697 [3603 137] 1697 2272 2883 [2216 138] 2883 2839 [3221 139] 2839 [2883 140] 2272 [2570 141] 2272 2883 3313 3270 [1670 142] 2845 664 [1750 143] [2195 144] 2687 2507 454 347 [458 145] 3603 1697 2272 2883 [2839 146] 3221 216 715 [578 147] [715 148] 2122 1657 [36 149] 3055 2854 3054 1465 986 636 2217 3211 2566 [1273 150] [2566 151] 3211 3590 3009 [2421 152] 2376 1557 [2773 153] 1695 [378 154] 2492 2267 2541 954 [1925 155] 954 3780 [3090 156] 2375 1324 1093 2049 1370 [716 157] 1370 2049 3209 [650 158] 3491 2699 [3108 159] 2699 3491 3280 [3780 160] 954 1099 2997 [1751 161] 2997 2572 1371 [1072 162] 1371 2572 2997 [2433 163] 2997 [2572 164] [1646 165] 2498 230 923 922 934 [1790 166] 934 922 923 [460 167] 923 1033 1841 2003 [3885 168] 1959 1272 [2270 169] 90 [409 170] 312 349 [2796 171] 560 3285 2674 2858 263 [1011 172] 263 2858 2674 1796 3300 391 [1847 173] 391 2026 2090 [2683 174] 2090 2827 2603 1073 665 3787 [2202 175] 3787 2606 [227 176] 1516 2209 513 1838 1841 [792 177] 1841 2864 3443 [589 178] 375 178 [816 179] 178 1241 3805 2834 1475 [486 180] 1475 2196 [2011 181] 814 [3169 182] 814 2011 2498 230 [299 183] 145 2158 [319 184] [1136 185] 3198 3322 1460 [1358 186] [3002 187] 2124 3789 3347 [2211 188] [3291 189] 2211 810 2265 364 [3605 190] 1116 [1571 191] 1608 1601 1604 1472 [591 192] 2483 810 1694 [3494 193] 1694 [2482 194] 1694 1389 3054 2854 [1209 195] 2467 2549 2607 [109 196] 2607 2855 2681 38 [3920 197] 38 2975 134 3285 [2674 198] 1796 1238 3003 2996 2276 [2675 199] [2980 200] 2831 T
1450
2265 90 2270 1232 1031 1321 697 [2410 13] 697 1321 981 2430 [833 14] 831 842 [1119 15] 842 672 83 1302 1071 [2540 16] 1071 643 1316 [127 17] 429 581 [1020 18] [2455 19] 477 2873 1975 1967 [2291 20] 1967 [43 21] 1967 1126 897 421 783 2078 468 [1899 22] 468 2078 2433 2997 [2996 23] 2196 2663 [813 24] 589 375 3143 [733 25] 2018 [3072 26] 2018 733 2842 121 716 1370 [2049 27] 1370 716 121 914 3054 [1389 28] 1694 3290 [1230 29] 2649 3429 1190 [881 30] 1043 3344 [2060 31] 3212 [656 32] 200 1540 [710 33] 143 2941 [526 34] [540 35] 539 [542 36] 850 1871 502 3344 [1305 37] 3344 [1104 38] 3344 1305 [1497 39] 2854 2207 1516 227 2606 3787 2202 [902 40] 1016 2525 2645 [3639 41] 2848 252 1944 1368 3341 [1579 42] 3341 1368 [1944 43] 252 2848 2825 1180 [1560 44] 255 2550 3490 1070 [2104 45] 599 [615 46] 851 133 1128 3083 2697 3327 736 [3102 47] 1398 2996 [2329 48] 3642 [2188 49] 3642 2329 3742 3525 905 1619 1624 [2398 50] [1624 51] 1619 1844 1212 [721 52] 3524 2211 3626 [2192 53] 3626 3234 [903 54] 2840 2304 3362 [2977 55] 2877 3766 [986 56] 1465 3054 1389 [1694 57] 1389 3054 2854 3055 3721 2112 [54 58] 2112 [3310 59] 46 1460 241 [2650 60] 241 1460 1446 1462 1845 3241 3774 [278 61] [3774 62] 3241 552 3072 [2018 63] 733 3143 2339 3216 2883 2272 [2498 64] 2272 2883 3313 3270 [3428 65] [186 66] 2691 2670 600 [1354 67] 600 3675 [1518 68] 1515 1245 482 276 1025 2483 591 [660 69] 591 1472 [1604 70] 1472 [688 71] 1472 591 660 280 3638 [504 72] 2975 2753 2196 2996 [2276 73] 2996 2196 2011 [3531 74] 2149 263 2858 [2301 75] 2858 263 2149 1983 [848 76] 3877 [1239 77] 3035 459 2244 2883 3313 3270 3428 [2131 78] 2882 1890 748 2619 2621 [3647 79] 2621 2619 2009 2598 2202 3787 665 [2511 80] [3490 81] 2550 1365 [2989 82] 1615 1830 1139 119 [789 83] 3063 [2198 84] [3063 85] 3052 2854 1965 [3423 86] 371 2337 1565 672 262 [2077 87] [262 88] 2374 1655 2850 3361 3735 [96 89] 1421 [3658 90] 1390 1388 1392 2739 1561 [3652 91] 1561 188 3423 371 2337 [1565 92] 1568 2209 1516 [1749 93] 1516 227 221 224 2745 [3018 94] [2745 95] 3571 1988 1971 1978 [55 96] 1978 1971 [1983 97] 1286 513 [3085 98] 513 2209 1516 2207 3341 724 [2942 99] [724 100] 3341 1368 [1021 101] 1994 [855 102] [2506 103] 855 1917 532 3132 [2987 104] 3132 532 3385 2163 [479 105] 1944 [2244 106] 459 [3035 107] 1029 3658 1390 [664 108] 1390 1388 1389 1694 3326 [3060 109] 858 1602 [1668 110] 2593 1703 3001 2996 [2999 111] 2996 2997 2433 2078 468 1247 [1429 112] 1247 1065 [2079 113] 245 181 [252 114] 1944 2244 459 2725 [2912 115] 2725 459 3035 [1029 116] 627 [3447 117] 627 1029 1339 1185 [1335 118] 1185 1339 472 373 729 [2787 119] 729 373 [3202 120] 373 [2765 121] 1020 581 [2766 122] 581 1443 [466 123] 1443 581 1020 2765 373 [2091 124] [2053 125] 1369 2036 [1727 126] 2036 1369 1455 2041 1847 1838 1396 [666 127] [443 128] 936 1817 [1825 129] 1817 1820 2664 1518 1515 [1520 130] 1515 1516 2207 2854 [3055 131] 2854 2207 1516 1515 1245 [482 132] [1245 133] [496 134] 1245 482 2492 2267 2541 991 3383 3385 [532 135] 1917 1863 [3380 136] 2651 1697 [3603 137] 1697 2272 2883 [2216 138] 2883 2839 [3221 139] 2839 [2883 140] 2272 [2570 141] 2272 2883 3313 3270 [1670 142] 2845 664 [1750 143] [2195 144] 2687 2507 454 347 [458 145] 3603 1697 2272 2883 [2839 146] 3221 216 715 [578 147] [715 148] 2122 1657 [36 149] 3055 2854 3054 1465 986 636 2217 3211 2566 [1273 150] [2566 151] 3211 3590 3009 [2421 152] 2376 1557 [2773 153] 1695 [378 154] 2492 2267 2541 954 [1925 155] 954 3780 [3090 156] 2375 1324 1093 2049 1370 [716 157] 1370 2049 3209 [650 158] 3491 2699 [3108 159] 2699 3491 3280 [3780 160] 954 1099 2997 [1751 161] 2997 2572 1371 [1072 162] 1371 2572 2997 [2433 163] 2997 [2572 164] [1646 165] 2498 230 923 922 934 [1790 166] 934 922 923 [460 167] 923 1033 1841 2003 [3885 168] 1959 1272 [2270 169] 90 [409 170] 312 349 [2796 171] 560 3285 2674 2858 263 [1011 172] 263 2858 2674 1796 3300 391 [1847 173] 391 2026 2090 [2683 174] 2090 2827 2603 1073 665 3787 [2202 175] 3787 2606 [227 176] 1516 2209 513 1838 1841 [792 177] 1841 2864 3443 [589 178] 375 178 [816 179] 178 1241 3805 2834 1475 [486 180] 1475 2196 [2011 181] 814 [3169 182] 814 2011 2498 230 [299 183] 145 2158 [319 184] [1136 185] 3198 3322 1460 [1358 186] [3002 187] 2124 3789 3347 [2211 188] [3291 189] 2211 810 2265 364 [3605 190] 1116 [1571 191] 1608 1601 1604 1472 [591 192] 2483 810 1694 [3494 193] 1694 [2482 194] 1694 1389 3054 2854 [1209 195] 2467 2549 2607 [109 196] 2607 2855 2681 38 [3920 197] 38 2975 134 3285 [2674 198] 1796 1238 3003 2996 2276 [2675 199] [2980 200] 2831 T
1458
833 136 1170 1075 1620 [2423 14] 2426 716 2024 [2493 15] 2024 2009 [2619 16] 2621 1577 290 1316 [127 17] 429 581 [1020 18] [2455 19] 477 2873 1975 1967 [2291 20] 1967 [43 21] 1967 1126 897 421 783 2078 468 [1899 22] 468 2078 2433 2997 [2996 23] 2196 2663 [813 24] 589 375 3143 [733 25] 2018 [3072 26] 2018 733 2842 121 716 1370 [2049 27] 1370 716 121 914 3054 [1389 28] 1694 3290 [1230 29] 2649 3429 1190 [881 30] 1043 3344 [2060 31] 3212 [656 32] 200 1540 [710 33] 143 2941 [526 34] [540 35] 539 [542 36] 850 1871 502 3344 [1305 37] 3344 [1104 38] 3344 1305 [1497 39] 2854 2207 1516 227 2606 3787 2202 [902 40] 1016 2525 2645 [3639 41] 2848 252 1944 1368 3341 [1579 42] 3341 1368 [1944 43] 252 2848 2825 1180 [1560 44] 255 2550 3490 1070 [2104 45] 599 [615 46] 851 133 1128 3083 2697 3327 736 [3102 47] 1398 2996 [2329 48] 3642 [2188 49] 3642 2329 3742 3525 905 1619 1624 [2398 50] [1624 51] 1619 1844 1212 [721 52] 3524 2211 3626 [2192 53] 3626 3234 [903 54] 2840 2304 3362 [2977 55] 2877 3766 [986 56] 1465 3054 1389 [1694 57] 1389 3054 2854 3055 3721 2112 [54 58] 2112 [3310 59] 46 1460 241 [2650 60] 241 1460 1446 1462 1845 3241 3774 [278 61] [3774 62] 3241 552 3072 [2018 63] 733 3143 2339 3216 2883 2272 [2498 64] 2272 2883 3313 3270 [3428 65] [186 66] 2691 2670 600 [1354 67] 600 3675 [1518 68] 1515 1245 482 276 1025 2483 591 [660 69] 591 1472 [1604 70] 1472 [688 71] 1472 591 660 280 3638 [504 72] 2975 2753 2196 2996 [2276 73] 2996 2196 2011 [3531 74] 2149 263 2858 [2301 75] 2858 263 2149 1983 [848 76] 3877 [1239 77] 3035 459 2244 2883 3313 3270 3428 [2131 78] 2882 1890 748 2619 2621 [3647 79] 2621 2619 2009 2598 2202 3787 665 [2511 80] [3490 81] 2550 1365 [2989 82] 1615 1830 1139 119 [789 83] 3063 [2198 84] [3063 85] 3052 2854 1965 [3423 86] 371 2337 1565 672 262 [2077 87] [262 88] 2374 1655 2850 3361 3735 [96 89] 1421 [3658 90] 1390 1388 1392 2739 1561 [3652 91] 1561 188 3423 371 2337 [1565 92] 1568 2209 1516 [1749 93] 1516 227 221 224 2745 [3018 94] [2745 95] 3571 1988 1971 1978 [55 96] 1978 1971 [1983 97] 1286 513 [3085 98] 513 2209 1516 2207 3341 724 [2942 99] [724 100] 3341 1368 [1021 101] 1994 [855 102] [2506 103] 855 1917 532 3132 [2987 104] 3132 532 3385 2163 [479 105] 1944 [2244 106] 459 [3035 107] 1029 3658 1390 [664 108] 1390 1388 1389 1694 3326 [3060 109] 858 1602 [1668 110] 2593 1703 3001 2996 [2999 111] 2996 2997 2433 2078 468 1247 [1429 112] 1247 1065 [2079 113] 245 181 [252 114] 1944 2244 459 2725 [2912 115] 2725 459 3035 [1029 116] 627 [3447 117] 627 1029 1339 1185 [1335 118] 1185 1339 472 373 729 [2787 119] 729 373 [3202 120] 373 [2765 121] 1020 581 [2766 122] 581 1443 [466 123] 1443 581 1020 2765 373 [2091 124] [2053 125] 1369 2036 [1727 126] 2036 1369 1455 2041 1847 1838 1396 [666 127] [443 128] 936 1817 [1825 129] 1817 1820 2664 1518 1515 [1520 130] 1515 1516 2207 2854 [3055 131] 2854 2207 1516 1515 1245 [482 132] [1245 133] [496 134] 1245 482 2492 2267 2541 991 3383 3385 [532 135] 1917 1863 [3380 136] 2651 1697 [3603 137] 1697 2272 2883 [2216 138] 2883 2839 [3221 139] 2839 [2883 140] 2272 [2570 141] 2272 2883 3313 3270 [1670 142] 2845 664 [1750 143] [2195 144] 2687 2507 454 347 [458 145] 3603 1697 2272 2883 [2839 146] 3221 216 715 [578 147] [715 148] 2122 1657 [36 149] 3055 2854 3054 1465 986 636 2217 3211 2566 [1273 150] [2566 151] 3211 3590 3009 [2421 152] 2376 1557 [2773 153] 1695 [378 154] 2492 2267 2541 954 [1925 155] 954 3780 [3090 156] 2375 1324 1093 2049 1370 [716 157] 1370 2049 3209 [650 158] 3491 2699 [3108 159] 2699 3491 3280 [3780 160] 954 1099 2997 [1751 161] 2997 2572 1371 [1072 162] 1371 2572 2997 [2433 163] 2997 [2572 164] [1646 165] 2498 230 923 922 934 [1790 166] 934 922 923 [460 167] 923 1033 1841 2003 [3885 168] 1959 1272 [2270 169] 90 [409 170] 312 349 [2796 171] 560 3285 2674 2858 263 [1011 172] 263 2858 2674 1796 3300 391 [1847 173] 391 2026 2090 [2683 174] 2090 2827 2603 1073 665 3787 [2202 175] 3787 2606 [227 176] 1516 2209 513 1838 1841 [792 177] 1841 2864 3443 [589 178] 375 178 [816 179] 178 1241 3805 2834 1475 [486 180] 1475 2196 [2011 181] 814 [3169 182] 814 2011 2498 230 [299 183] 145 2158 [319 184] [1136 185] 3198 3322 1460 [1358 186] [3002 187] 2124 3789 3347 [2211 188] [3291 189] 2211 810 2265 364 [3605 190] 1116 [1571 191] 1608 1601 1604 1472 [591 192] 2483 810 1694 [3494 193] 1694 [2482 194] 1694 1389 3054 2854 [1209 195] 2467 2549 2607 [109 196] 2607 2855 2681 38 [3920 197] 38 2975 134 3285 [2674 198] 1796 1238 3003 2996 2276 [2675 199] [2980 200] 2831 T
1452
1119 842 672 83 1302 2360 [246 15] 2360 1302 1071 [2540 16] 1071 643 1316 [127 17] 429 581 [1020 18] [2455 19] 477 2873 1975 1967 [2291 20] 1967 [43 21] 1967 1126 897 421 783 2078 468 [1899 22] 468 2078 2433 2997 [2996 23] 2196 2663 [813 24] 589 375 3143 [733 25] 2018 [3072 26] 2018 733 2842 121 716 1370 [2049 27] 1370 716 121 914 3054 [1389 28] 1694 3290 [1230 29] 2649 3429 1190 [881 30] 1043 3344 [2060 31] 3212 [656 32] 200 1540 [710 33] 143 2941 [526 34] [540 35] 539 [542 36] 850 1871 502 3344 [1305 37] 3344 [1104 38] 3344 1305 [1497 39] 2854 2207 1516 227 2606 3787 2202 [902 40] 1016 2525 2645 [3639 41] 2848 252 1944 1368 3341 [1579 42] 3341 1368 [1944 43] 252 2848 2825 1180 [1560 44] 255 2550 3490 1070 [2104 45] 599 [615 46] 851 133 1128 3083 2697 3327 736 [3102 47] 1398 2996 [2329 48] 3642 [2188 49] 3642 2329 3742 3525 905 1619 1624 [2398 50] [1624 51] 1619 1844 1212 [721 52] 3524 2211 3626 [2192 53] 3626 3234 [903 54] 2840 2304 3362 [2977 55] 2877 3766 [986 56] 1465 3054 1389 [1694 57] 1389 3054 2854 3055 3721 2112 [54 58] 2112 [3310 59] 46 1460 241 [2650 60] 241 1460 1446 1462 1845 3241 3774 [278 61] [3774 62] 3241 552 3072 [2018 63] 733 3143 2339 3216 2883 2272 [2498 64] 2272 2883 3313 3270 [3428 65] [186 66] 2691 2670 600 [1354 67] 600 3675 [1518 68] 1515 1245 482 276 1025 2483 591 [660 69] 591 1472 [1604 70] 1472 [688 71] 1472 591 660 280 3638 [504 72] 2975 2753 2196 2996 [2276 73] 2996 2196 2011 [3531 74] 2149 263 2858 [2301 75] 2858 263 2149 1983 [848 76] 3877 [1239 77] 3035 459 2244 2883 3313 3270 3428 [2131 78] 2882 1890 748 2619 2621 [3647 79] 2621 2619 2009 2598 2202 3787 665 [2511 80] [3490 81] 2550 1365 [2989 82] 1615 1830 1139 119 [789 83] 3063 [2198 84] [3063 85] 3052 2854 1965 [3423 86] 371 2337 1565 672 262 [2077 87] [262 88] 2374 1655 2850 3361 3735 [96 89] 1421 [3658 90] 1390 1388 1392 2739 1561 [3652 91] 1561 188 3423 371 2337 [1565 92] 1568 2209 1516 [1749 93] 1516 227 221 224 2745 [3018 94] [2745 95] 3571 1988 1971 1978 [55 96] 1978 1971 [1983 97] 1286 513 [3085 98] 513 2209 1516 2207 3341 724 [2942 99] [724 100] 3341 1368 [1021 101] 1994 [855 102] [2506 103] 855 1917 532 3132 [2987 104] 3132 532 3385 2163 [479 105] 1944 [2244 106] 459 [3035 107] 1029 3658 1390 [664 108] 1390 1388 1389 1694 3326 [3060 109] 858 1602 [1668 110] 2593 1703 3001 2996 [2999 111] 2996 2997 2433 2078 468 1247 [1429 112] 1247 1065 [2079 113] 245 181 [252 114] 1944 2244 459 2725 [2912 115] 2725 459 3035 [1029 116] 627 [3447 117] 627 1029 1339 1185 [1335 118] 1185 1339 472 373 729 [2787 119] 729 373 [3202 120] 373 [2765 121] 1020 581 [2766 122] 581 1443 [466 123] 1443 581 1020 2765 373 [2091 124] [2053 125] 1369 2036 [1727 126] 2036 1369 1455 2041 1847 1838 1396 [666 127] [443 128] 936 1817 [1825 129] 1817 1820 2664 1518 1515 [1520 130] 1515 1516 2207 2854 [3055 131] 2854 2207 1516 1515 1245 [482 132] [1245 133] [496 134] 1245 482 2492 2267 2541 991 3383 3385 [532 135] 1917 1863 [3380 136] 2651 1697 [3603 137] 1697 2272 2883 [2216 138] 2883 2839 [3221 139] 2839 [2883 140] 2272 [2570 141] 2272 2883 3313 3270 [1670 142] 2845 664 [1750 143] [2195 144] 2687 2507 454 347 [458 145] 3603 1697 2272 2883 [2839 146] 3221 216 715 [578 147] [715 148] 2122 1657 [36 149] 3055 2854 3054 1465 986 636 2217 3211 2566 [1273 150] [2566 151] 3211 3590 3009 [2421 152] 2376 1557 [2773 153] 1695 [378 154] 2492 2267 2541 954 [1925 155] 954 3780 [3090 156] 2375 1324 1093 2049 1370 [716 157] 1370 2049 3209 [650 158] 3491 2699 [3108 159] 2699 3491 3280 [3780 160] 954 1099 2997 [1751 161] 2997 2572 1371 [1072 162] 1371 2572 2997 [2433 163] 2997 [2572 164] [1646 165] 2498 230 923 922 934 [1790 166] 934 922 923 [460 167] 923 1033 1841 2003 [3885 168] 1959 1272 [2270 169] 90 [409 170] 312 349 [2796 171] 560 3285 2674 2858 263 [1011 172] 263 2858 2674 1796 3300 391 [1847 173] 391 2026 2090 [2683 174] 2090 2827 2603 1073 665 3787 [2202 175] 3787 2606 [227 176] 1516 2209 513 1838 1841 [792 177] 1841 2864 3443 [589 178] 375 178 [816 179] 178 1241 3805 2834 1475 [486 180] 1475 2196 [2011 181] 814 [3169 182] 814 2011 2498 230 [299 183] 145 2158 [319 184] [1136 185] 3198 3322 1460 [1358 186] [3002 187] 2124 3789 3347 [2211 188] [3291 189] 2211 810 2265 364 [3605 190] 1116 [1571 191] 1608 1601 1604 1472 [591 192] 2483 810 1694 [3494 193] 1694 [2482 194] 1694 1389 3054 2854 [1209 195] 2467 2549 2607 [109 196] 2607 2855 2681 38 [3920 197] 38 2975 134 3285 [2674 198] 1796 1238 3003 2996 2276 [2675 199] [2980 200] 2831 T
1456
2540 1071 643 305 1861 [2623 16] 1861 305 643 1316 [127 17] 429 581 [1020 18] [2455 19] 477 2873 1975 1967 [2291 20] 1967 [43 21] 1967 1126 897 421 783 2078 468 [1899 22] 468 2078 2433 2997 [2996 23] 2196 2663 [813 24] 589 375 3143 [733 25] 2018 [3072 26] 2018 733 2842 121 716 1370 [2049 27] 1370 716 121 914 3054 [1389 28] 1694 3290 [1230 29] 2649 3429 1190 [881 30] 1043 3344 [2060 31] 3212 [656 32] 200 1540 [710 33] 143 2941 [526 34] [540 35] 539 [542 36] 850 1871 502 3344 [1305 37] 3344 [1104 38] 3344 1305 [1497 39] 2854 2207 1516 227 2606 3787 2202 [902 40] 1016 2525 2645 [3639 41] 2848 252 1944 1368 3341 [1579 42] 3341 1368 [1944 43] 252 2848 2825 1180 [1560 44] 255 2550 3490 1070 [2104 45] 599 [615 46] 851 133 1128 3083 2697 3327 736 [3102 47] 1398 2996 [2329 48] 3642 [2188 49] 3642 2329 3742 3525 905 1619 1624 [2398 50] [1624 51] 1619 1844 1212 [721 52] 3524 2211 3626 [2192 53] 3626 3234 [903 54] 2840 2304 3362 [2977 55] 2877 3766 [986 56] 1465 3054 1389 [1694 57] 1389 3054 2854 3055 3721 2112 [54 58] 2112 [3310 59] 46 1460 241 [2650 60] 241 1460 1446 1462 1845 3241 3774 [278 61] [3774 62] 3241 552 3072 [2018 63] 733 3143 2339 3216 2883 2272 [2498 64] 2272 2883 3313 3270 [3428 65] [186 66] 2691 2670 600 [1354 67] 600 3675 [1518 68] 1515 1245 482 276 1025 2483 591 [660 69] 591 1472 [1604 70] 1472 [688 71] 1472 591 660 280 3638 [504 72] 2975 2753 2196 2996 [2276 73] 2996 2196 2011 [3531 74] 2149 263 2858 [2301 75] 2858 263 2149 1983 [848 76] 3877 [1239 77] 3035 459 2244 2883 3313 3270 3428 [2131 78] 2882 1890 748 2619 2621 [3647 79] 2621 2619 2009 2598 2202 3787 665 [2511 80] [3490 81] 2550 1365 [2989 82] 1615 1830 1139 119 [789 83] 3063 [2198 84] [3063 85] 3052 2854 1965 [3423 86] 371 2337 1565 672 262 [2077 87] [262 88] 2374 1655 2850 3361 3735 [96 89] 1421 [3658 90] 1390 1388 1392 2739 1561 [3652 91] 1561 188 3423 371 2337 [1565 92] 1568 2209 1516 [1749 93] 1516 227 221 224 2745 [3018 94] [2745 95] 3571 1988 1971 1978 [55 96] 1978 1971 [1983 97] 1286 513 [3085 98] 513 2209 1516 2207 3341 724 [2942 99] [724 100] 3341 1368 [1021 101] 1994 [855 102] [2506 103] 855 1917 532 3132 [2987 104] 3132 532 3385 2163 [479 105] 1944 [2244 106] 459 [3035 107] 1029 3658 1390 [664 108] 1390 1388 1389 1694 3326 [3060 109] 858 1602 [1668 110] 2593 1703 3001 2996 [2999 111] 2996 2997 2433 2078 468 1247 [1429 112] 1247 1065 [2079 113] 245 181 [252 114] 1944 2244 459 2725 [2912 115] 2725 459 3035 [1029 116] 627 [3447 117] 627 1029 1339 1185 [1335 118] 1185 1339 472 373 729 [2787 119] 729 373 [3202 120] 373 [2765 121] 1020 581 [2766 122] 581 1443 [466 123] 1443 581 1020 2765 373 [2091 124] [2053 125] 1369 2036 [1727 126] 2036 1369 1455 2041 1847 1838 1396 [666 127] [443 128] 936 1817 [1825 129] 1817 1820 2664 1518 1515 [1520 130] 1515 1516 2207 2854 [3055 131] 2854 2207 1516 1515 1245 [482 132] [1245 133] [496 134] 1245 482 2492 2267 2541 991 3383 3385 [532 135] 1917 1863 [3380 136] 2651 1697 [3603 137] 1697 2272 2883 [2216 138] 2883 2839 [3221 139] 2839 [2883 140] 2272 [2570 141] 2272 2883 3313 3270 [1670 142] 2845 664 [1750 143] [2195 144] 2687 2507 454 347 [458 145] 3603 1697 2272 2883 [2839 146] 3221 216 715 [578 147] [715 148] 2122 1657 [36 149] 3055 2854 3054 1465 986 636 2217 3211 2566 [1273 150] [2566 151] 3211 3590 3009 [2421 152] 2376 1557 [2773 153] 1695 [378 154] 2492 2267 2541 954 [1925 155] 954 3780 [3090 156] 2375 1324 1093 2049 1370 [716 157] 1370 2049 3209 [650 158] 3491 2699 [3108 159] 2699 3491 3280 [3780 160] 954 1099 2997 [1751 161] 2997 2572 1371 [1072 162] 1371 2572 2997 [2433 163] 2997 [2572 164] [1646 165] 2498 230 923 922 934 [1790 166] 934 922 923 [460 167] 923 1033 1841 2003 [3885 168] 1959 1272 [2270 169] 90 [409 170] 312 349 [2796 171] 560 3285 2674 2858 263 [1011 172] 263 2858 2674 1796 3300 391 [1847 173] 391 2026 2090 [2683 174] 2090 2827 2603 1073 665 3787 [2202 175] 3787 2606 [227 176] 1516 2209 513 1838 1841 [792 177] 1841 2864 3443 [589 178] 375 178 [816 179] 178 1241 3805 2834 1475 [486 180] 1475 2196 [2011 181] 814 [3169 182] 814 2011 2498 230 [299 183] 145 2158 [319 184] [1136 185] 3198 3322 1460 [1358 186] [3002 187] 2124 3789 3347 [2211 188] [3291 189] 2211 810 2265 364 [3605 190] 1116 [1571 191] 1608 1601 1604 1472 [591 192] 2483 810 1694 [3494 193] 1694 [2482 194] 1694 1389 3054 2854 [1209 195] 2467 2549 2607 [109 196] 2607 2855 2681 38 [3920 197] 38 2975 134 3285 [2674 198] 1796 1238 3003 2996 2276 [2675 199] [2980 200] 2831 T
1460
127 429 581 1020 2765 373 3202 1205 [1229 17] 1205 3202 373 2765 [1020 18] [2455 19] 477 2873 1975 1967 [2291 20] 1967 [43 21] 1967 1126 897 421 783 2078 468 [1899 22] 468 2078 2433 2997 [2996 23] 2196 2663 [813 24] 589 375 3143 [733 25] 2018 [3072 26] 2018 733 2842 121 716 1370 [2049 27] 1370 716 121 914 3054 [1389 28] 1694 3290 [1230 29] 2649 3429 1190 [881 30] 1043 3344 [2060 31] 3212 [656 32] 200 1540 [710 33] 143 2941 [526 34] [540 35] 539 [542 36] 850 1871 502 3344 [1305 37] 3344 [1104 38] 3344 1305 [1497 39] 2854 2207 1516 227 2606 3787 2202 [902 40] 1016 2525 2645 [3639 41] 2848 252 1944 1368 3341 [1579 42] 3341 1368 [1944 43] 252 2848 2825 1180 [1560 44] 255 2550 3490 1070 [2104 45] 599 [615 46] 851 133 1128 3083 2697 3327 736 [3102 47] 1398 2996 [2329 48] 3642 [2188 49] 3642 2329 3742 3525 905 1619 1624 [2398 50] [1624 51] 1619 1844 1212 [721 52] 3524 2211 3626 [2192 53] 3626 3234 [903 54] 2840 2304 3362 [2977 55] 2877 3766 [986 56] 1465 3054 1389 [1694 57] 1389 3054 2854 3055 3721 2112 [54 58] 2112 [3310 59] 46 1460 241 [2650 60] 241 1460 1446 1462 1845 3241 3774 [278 61] [3774 62] 3241 552 3072 [2018 63] 733 3143 2339 3216 2883 2272 [2498 64] 2272 2883 3313 3270 [3428 65] [186 66] 2691 2670 600 [1354 67] 600 3675 [1518 68] 1515 1245 482 276 1025 2483 591 [660 69] 591 1472 [1604 70] 1472 [688 71] 1472 591 660 280 3638 [504 72] 2975 2753 2196 2996 [2276 73] 2996 2196 2011 [3531 74] 2149 263 2858 [2301 75] 2858 263 2149 1983 [848 76] 3877 [1239 77] 3035 459 2244 2883 3313 3270 3428 [2131 78] 2882 1890 748 2619 2621 [3647 79] 2621 2619 2009 2598 2202 3787 665 [2511 80] [3490 81] 2550 1365 [2989 82] 1615 1830 1139 119 [789 83] 3063 [2198 84] [3063 85] 3052 2854 1965 [3423 86] 371 2337 1565 672 262 [2077 87] [262 88] 2374 1655 2850 3361 3735 [96 89] 1421 [3658 90] 1390 1388 1392 2739 1561 [3652 91] 1561 188 3423 371 2337 [1565 92] 1568 2209 1516 [1749 93] 1516 227 221 224 2745 [3018 94] [2745 95] 3571 1988 1971 1978 [55 96] 1978 1971 [1983 97] 1286 513 [3085 98] 513 2209 1516 2207 3341 724 [2942 99] [724 100] 3341 1368 [1021 101] 1994 [855 102] [2506 103] 855 1917 532 3132 [2987 104] 3132 532 3385 2163 [479 105] 1944 [2244 106] 459 [3035 107] 1029 3658 1390 [664 108] 1390 1388 1389 1694 3326 [3060 109] 858 1602 [1668 110] 2593 1703 3001 2996 [2999 111] 2996 2997 2433 2078 468 1247 [1429 112] 1247 1065 [2079 113] 245 181 [252 114] 1944 2244 459 2725 [2912 115] 2725 459 3035 [1029 116] 627 [3447 117] 627 1029 1339 1185 [1335 118] 1185 1339 472 373 729 [2787 119] 729 373 [3202 120] 373 [2765 121] 1020 581 [2766 122] 581 1443 [466 123] 1443 581 1020 2765 373 [2091 124] [2053 125] 1369 2036 [1727 126] 2036 1369 1455 2041 1847 1838 1396 [666 127] [443 128] 936 1817 [1825 129] 1817 1820 2664 1518 1515 [1520 130] 1515 1516 2207 2854 [3055 131] 2854 2207 1516 1515 1245 [482 132] [1245 133] [496 134] 1245 482 2492 2267 2541 991 3383 3385 [532 135] 1917 1863 [3380 136] 2651 1697 [3603 137] 1697 2272 2883 [2216 138] 2883 2839 [3221 139] 2839 [2883 140] 2272 [2570 141] 2272 2883 3313 3270 [1670 142] 2845 664 [1750 143] [2195 144] 2687 2507 454 347 [458 145] 3603 1697 2272 2883 [2839 146] 3221 216 715 [578 147] [715 148] 2122 1657 [36 149] 3055 2854 3054 1465 986 636 2217 3211 2566 [1273 150] [2566 151] 3211 3590 3009 [2421 152] 2376 1557 [2773 153] 1695 [378 154] 2492 2267 2541 954 [1925 155] 954 3780 [3090 156] 2375 1324 1093 2049 1370 [716 157] 1370 2049 3209 [650 158] 3491 2699 [3108 159] 2699 3491 3280 [3780 160] 954 1099 2997 [1751 161] 2997 2572 1371 [1072 162] 1371 2572 2997 [2433 163] 2997 [2572 164] [1646 165] 2498 230 923 922 934 [1790 166] 934 922 923 [460 167] 923 1033 1841 2003 [3885 168] 1959 1272 [2270 169] 90 [409 170] 312 349 [2796 171] 560 3285 2674 2858 263 [1011 172] 263 2858 2674 1796 3300 391 [1847 173] 391 2026 2090 [2683 174] 2090 2827 2603 1073 665 3787 [2202 175] 3787 2606 [227 176] 1516 2209 513 1838 1841 [792 177] 1841 2864 3443 [589 178] 375 178 [816 179] 178 1241 3805 2834 1475 [486 180] 1475 2196 [2011 181] 814 [3169 182] 814 2011 2498 230 [299 183] 145 2158 [319 184] [1136 185] 3198 3322 1460 [1358 186] [3002 187] 2124 3789 3347 [2211 188] [3291 189] 2211 810 2265 364 [3605 190] 1116 [1571 191] 1608 1601 1604 1472 [591 192] 2483 810 1694 [3494 193] 1694 [2482 194] 1694 1389 3054 2854 [1209 195] 2467 2549 2607 [109 196] 2607 2855 2681 38 [3920 197] 38 2975 134 3285 [2674 198] 1796 1238 3003 2996 2276 [2675 199] [2980 200] 2831 T
1444
1020 [2574 18] 1020 [2455 19] 477 2873 1975 1967 [2291 20] 1967 [43 21] 1967 1126 897 421 783 2078 468 [1899 22] 468 2078 2433 2997 [2996 23] 2196 2663 [813 24] 589 375 3143 [733 25] 2018 [3072 26] 2018 733 2842 121 716 1370 [2049 27] 1370 716 121 914 3054 [1389 28] 1694 3290 [1230 29] 2649 3429 1190 [881 30] 1043 3344 [2060 31] 3212 [656 32] 200 1540 [710 33] 143 2941 [526 34] [540 35] 539 [542 36] 850 1871 502 3344 [1305 37] 3344 [1104 38] 3344 1305 [1497 39] 2854 2207 1516 227 2606 3787 2202 [902 40] 1016 2525 2645 [3639 41] 2848 252 1944 1368 3341 [1579 42] 3341 1368 [1944 43] 252 2848 2825 1180 [1560 44] 255 2550 3490 1070 [2104 45] 599 [615 46] 851 133 1128 3083 2697 3327 736 [3102 47] 1398 2996 [2329 48] 3642 [2188 49] 3642 2329 3742 3525 905 1619 1624 [2398 50] [1624 51] 1619 1844 1212 [721 52] 3524 2211 3626 [2192 53] 3626 3234 [903 54] 2840 2304 3362 [2977 55] 2877 3766 [986 56] 1465 3054 1389 [1694 57] 1389 3054 2854 3055 3721 2112 [54 58] 2112 [3310 59] 46 1460 241 [2650 60] 241 1460 1446 1462 1845 3241 3774 [278 61] [3774 62] 3241 552 3072 [2018 63] 733 3143 2339 3216 2883 2272 [2498 64] 2272 2883 3313 3270 [3428 65] [186 66] 2691 2670 600 [1354 67] 600 3675 [1518 68] 1515 1245 482 276 1025 2483 591 [660 69] 591 1472 [1604 70] 1472 [688 71] 1472 591 660 280 3638 [504 72] 2975 2753 2196 2996 [2276 73] 2996 2196 2011 [3531 74] 2149 263 2858 [2301 75] 2858 263 2149 1983 [848 76] 3877 [1239 77] 3035 459 2244 2883 3313 3270 3428 [2131 78] 2882 1890 748 2619 2621 [3647 79] 2621 2619 2009 2598 2202 3787 665 [2511 80] [3490 81] 2550 1365 [2989 82] 1615 1830 1139 119 [789 83] 3063 [2198 84] [3063 85] 3052 2854 1965 [3423 86] 371 2337 1565 672 262 [2077 87] [262 88] 2374 1655 2850 3361 3735 [96 89] 1421 [3658 90] 1390 1388 1392 2739 1561 [3652 91] 1561 188 3423 371 2337 [1565 92] 1568 2209 1516 [1749 93] 1516 227 221 224 2745 [3018 94] [2745 95] 3571 1988 1971 1978 [55 96] 1978 1971 [1983 97] 1286 513 [3085 98] 513 2209 1516 2207 3341 724 [2942 99] [724 100] 3341 1368 [1021 101] 1994 [855 102] [2506 103] 855 1917 532 3132 [2987 104] 3132 532 3385 2163 [479 105] 1944 [2244 106] 459 [3035 107] 1029 3658 1390 [664 108] 1390 1388 1389 1694 3326 [3060 109] 858 1602 [1668 110] 2593 1703 3001 2996 [2999 111] 2996 2997 2433 2078 468 1247 [1429 112] 1247 1065 [2079 113] 245 181 [252 114] 1944 2244 459 2725 [2912 115] 2725 459 3035 [1029 116] 627 [3447 117] 627 1029 1339 1185 [1335 118] 1185 1339 472 373 729 [2787 119] 729 373 [3202 120] 373 [2765 121] 1020 581 [2766 122] 581 1443 [466 123] 1443 581 1020 2765 373 [2091 124] [2053 125] 1369 2036 [1727 126] 2036 1369 1455 2041 1847 1838 1396 [666 127] [443 128] 936 1817 [1825 129] 1817 1820 2664 1518 1515 [1520 130] 1515 1516 2207 2854 [3055 131] 2854 2207 1516 1515 1245 [482 132] [1245 133] [496 134] 1245 482 2492 2267 2541 991 3383 3385 [532 135] 1917 1863 [3380 136] 2651 1697 [3603 137] 1697 2272 2883 [2216 138] 2883 2839 [3221 139] 2839 [2883 140] 2272 [2570 141] 2272 2883 3313 3270 [1670 142] 2845 664 [1750 143] [2195 144] 2687 2507 454 347 [458 145] 3603 1697 2272 2883 [2839 146] 3221 216 715 [578 147] [715 148] 2122 1657 [36 149] 3055 2854 3054 1465 986 636 2217 3211 2566 [1273 150] [2566 151] 3211 3590 3009 [2421 152] 2376 1557 [2773 153] 1695 [378 154] 2492 2267 2541 954 [1925 155] 954 3780 [3090 156] 2375 1324 1093 2049 1370 [716 157] 1370 2049 3209 [650 158] 3491 2699 [3108 159] 2699 3491 3280 [3780 160] 954 1099 2997 [1751 161] 2997 2572 1371 [1072 162] 1371 2572 2997 [2433 163] 2997 [2572 164] [1646 165] 2498 230 923 922 934 [1790 166] 934 922 923 [460 167] 923 1033 1841 2003 [3885 168] 1959 1272 [2270 169] 90 [409 170] 312 349 [2796 171] 560 3285 2674 2858 263 [1011 172] 263 2858 2674 1796 3300 391 [1847 173] 391 2026 2090 [2683 174] 2090 2827 2603 1073 665 3787 [2202 175] 3787 2606 [227 176] 1516 2209 513 1838 1841 [792 177] 1841 2864 3443 [589 178] 375 178 [816 179] 178 1241 3805 2834 1475 [486 180] 1475 2196 [2011 181] 814 [3169 182] 814 2011 2498 230 [299 183] 145 2158 [319 184] [1136 185] 3198 3322 1460 [1358 186] [3002 187] 2124 3789 3347 [2211 188] [3291 189] 2211 810 2265 364 [3605 190] 1116 [1571 191] 1608 1601 1604 1472 [591 192] 2483 810 1694 [3494 193] 1694 [2482 194] 1694 1389 3054 2854 [1209 195] 2467 2549 2607 [109 196] 2607 2855 2681 38 [3920 197] 38 2975 134 3285 [2674 198] 1796 1238 3003 2996 2276 [2675 199] [2980 200] 2831 T
1455
2455 477 2873 1975 1233 2810 [774 19] 2099 2904 43 1967 [2291 20] 1967 [43 21] 1967 1126 897 421 783 2078 468 [1899 22] 468 2078 2433 2997 [2996 23] 2196 2663 [813 24] 589 375 3143 [733 25] 2018 [3072 26] 2018 733 2842 121 716 1370 [2049 27] 1370 716 121 914 3054 [1389 28] 1694 3290 [1230 29] 2649 3429 1190 [881 30] 1043 3344 [2060 31] 3212 [656 32] 200 1540 [710 33] 143 2941 [526 34] [540 35] 539 [542 36] 850 1871 502 3344 [1305 37] 3344 [1104 38] 3344 1305 [1497 39] 2854 2207 1516 227 2606 3787 2202 [902 40] 1016 2525 2645 [3639 41] 2848 252 1944 1368 3341 [1579 42] 3341 1368 [1944 43] 252 2848 2825 1180 [1560 44] 255 2550 3490 1070 [2104 45] 599 [615 46] 851 133 1128 3083 2697 3327 736 [3102 47] 1398 2996 [2329 48] 3642 [2188 49] 3642 2329 3742 3525 905 1619 1624 [2398 50] [1624 51] 1619 1844 1212 [721 52] 3524 2211 3626 [2192 53] 3626 3234 [903 54] 2840 2304 3362 [2977 55] 2877 3766 [986 56] 1465 3054 1389 [1694 57] 1389 3054 2854 3055 3721 2112 [54 58] 2112 [3310 59] 46 1460 241 [2650 60] 241 1460 1446 1462 1845 3241 3774 [278 61] [3774 62] 3241 552 3072 [2018 63] 733 3143 2339 3216 2883 2272 [2498 64] 2272 2883 3313 3270 [3428 65] [186 66] 2691 2670 600 [1354 67] 600 3675 [1518 68] 1515 1245 482 276 1025 2483 591 [660 69] 591 1472 [1604 70] 1472 [688 71] 1472 591 660 280 3638 [504 72] 2975 2753 2196 2996 [2276 73] 2996 2196 2011 [3531 74] 2149 263 2858 [2301 75] 2858 263 2149 1983 [848 76] 3877 [1239 77] 3035 459 2244 2883 3313 3270 3428 [2131 78] 2882 1890 748 2619 2621 [3647 79] 2621 2619 2009 2598 2202 3787 665 [2511 80] [3490 81] 2550 1365 [2989 82] 1615 1830 1139 119 [789 83] 3063 [2198 84] [3063 85] 3052 2854 1965 [3423 86] 371 2337 1565 672 262 [2077 87] [262 88] 2374 1655 2850 3361 3735 [96 89] 1421 [3658 90] 1390 1388 1392 2739 1561 [3652 91] 1561 188 3423 371 2337 [1565 92] 1568 2209 1516 [1749 93] 1516 227 221 224 2745 [3018 94] [2745 95] 3571 1988 1971 1978 [55 96] 1978 1971 [1983 97] 1286 513 [3085 98] 513 2209 1516 2207 3341 724 [2942 99] [724 100] 3341 1368 [1021 101] 1994 [855 102] [2506 103] 855 1917 532 3132 [2987 104] 3132 532 3385 2163 [479 105] 1944 [2244 106] 459 [3035 107] 1029 3658 1390 [664 108] 1390 1388 1389 1694 3326 [3060 109] 858 1602 [1668 110] 2593 1703 3001 2996 [2999 111] 2996 2997 2433 2078 468 1247 [1429 112] 1247 1065 [2079 113] 245 181 [252 114] 1944 2244 459 2725 [2912 115] 2725 459 3035 [1029 116] 627 [3447 117] 627 1029 1339 1185 [1335 118] 1185 1339 472 373 729 [2787 119] 729 373 [3202 120] 373 [2765 121] 1020 581 [2766 122] 581 1443 [466 123] 1443 581 1020 2765 373 [2091 124] [2053 125] 1369 2036 [1727 126] 2036 1369 1455 2041 1847 1838 1396 [666 127] [443 128] 936 1817 [1825 129] 1817 1820 2664 1518 1515 [1520 130] 1515 1516 2207 2854 [3055 131] 2854 2207 1516 1515 1245 [482 132] [1245 133] [496 134] 1245 482 2492 2267 2541 991 3383 3385 [532 135] 1917 1863 [3380 136] 2651 1697 [3603 137] 1697 2272 2883 [2216 138] 2883 2839 [3221 139] 2839 [2883 140] 2272 [2570 141] 2272 2883 3313 3270 [1670 142] 2845 664 [1750 143] [2195 144] 2687 2507 454 347 [458 145] 3603 1697 2272 2883 [2839 146] 3221 216 715 [578 147] [715 148] 2122 1657 [36 149] 3055 2854 3054 1465 986 636 2217 3211 2566 [1273 150] [2566 151] 3211 3590 3009 [2421 152] 2376 1557 [2773 153] 1695 [378 154] 2492 2267 2541 954 [1925 155] 954 3780 [3090 156] 2375 1324 1093 2049 1370 [716 157] 1370 2049 3209 [650 158] 3491 2699 [3108 159] 2699 3491 3280 [3780 160] 954 1099 2997 [1751 161] 2997 2572 1371 [1072 162] 1371 2572 2997 [2433 163] 2997 [2572 164] [1646 165] 2498 230 923 922 934 [1790 166] 934 922 923 [460 167] 923 1033 1841 2003 [3885 168] 1959 1272 [2270 169] 90 [409 170] 312 349 [2796 171] 560 3285 2674 2858 263 [1011 172] 263 2858 2674 1796 3300 391 [1847 173] 391 2026 2090 [2683 174] 2090 2827 2603 1073 665 3787 [2202 175] 3787 2606 [227 176] 1516 2209 513 1838 1841 [792 177] 1841 2864 3443 [589 178] 375 178 [816 179] 178 1241 3805 2834 1475 [486 180] 1475 2196 [2011 181] 814 [3169 182] 814 2011 2498 230 [299 183] 145 2158 [319 184] [1136 185] 3198 3322 1460 [1358 186] [3002 187] 2124 3789 3347 [2211 188] [3291 189] 2211 810 2265 364 [3605 190] 1116 [1571 191] 1608 1601 1604 1472 [591 192] 2483 810 1694 [3494 193] 1694 [2482 194] 1694 1389 3054 2854 [1209 195] 2467 2549 2607 [109 196] 2607 2855 2681 38 [3920 197] 38 2975 134 3285 [2674 198] 1796 1238 3003 2996 2276 [2675 199] [2980 200] 2831 T
1457
2291 1967 2616 38 2681 2855 [2607 20] 2855 2681 768 [91 21] 1679 3151 2210 [471 22] 2086 604 [2968 23] 2969 1705 2607 [2854 24] 3054 914 121 2842 [733 25] 2018 [3072 26] 2018 733 2842 121 716 1370 [2049 27] 1370 716 121 914 3054 [1389 28] 1694 3290 [1230 29] 2649 3429 1190 [881 30] 1043 3344 [2060 31] 3212 [656 32] 200 1540 [710 33] 143 2941 [526 34] [540 35] 539 [542 36] 850 1871 502 3344 [1305 37] 3344 [1104 38] 3344 1305 [1497 39] 2854 2207 1516 227 2606 3787 2202 [902 40] 1016 2525 2645 [3639 41] 2848 252 1944 1368 3341 [1579 42] 3341 1368 [1944 43] 252 2848 2825 1180 [1560 44] 255 2550 3490 1070 [2104 45] 599 [615 46] 851 133 1128 3083 2697 3327 736 [3102 47] 1398 2996 [2329 48] 3642 [2188 49] 3642 2329 3742 3525 905 1619 1624 [2398 50] [1624 51] 1619 1844 1212 [721 52] 3524 2211 3626 [2192 53] 3626 3234 [903 54] 2840 2304 3362 [2977 55] 2877 3766 [986 56] 1465 3054 1389 [1694 57] 1389 3054 2854 3055 3721 2112 [54 58] 2112 [3310 59] 46 1460 241 [2650 60] 241 1460 1446 1462 1845 3241 3774 [278 61] [3774 62] 3241 552 3072 [2018 63] 733 3143 2339 3216 2883 2272 [2498 64] 2272 2883 3313 3270 [3428 65] [186 66] 2691 2670 600 [1354 67] 600 3675 [1518 68] 1515 1245 482 276 1025 2483 591 [660 69] 591 1472 [1604 70] 1472 [688 71] 1472 591 660 280 3638 [504 72] 2975 2753 2196 2996 [2276 73] 2996 2196 2011 [3531 74] 2149 263 2858 [2301 75] 2858 263 2149 1983 [848 76] 3877 [1239 77] 3035 459 2244 2883 3313 3270 3428 [2131 78] 2882 1890 748 2619 2621 [3647 79] 2621 2619 2009 2598 2202 3787 665 [2511 80] [3490 81] 2550 1365 [2989 82] 1615 1830 1139 119 [789 83] 3063 [2198 84] [3063 85] 3052 2854 1965 [3423 86] 371 2337 1565 672 262 [2077 87] [262 88] 2374 1655 2850 3361 3735 [96 89] 1421 [3658 90] 1390 1388 1392 2739 1561 [3652 91] 1561 188 3423 371 2337 [1565 92] 1568 2209 1516 [1749 93] 1516 227 221 224 2745 [3018 94] [2745 95] 3571 1988 1971 1978 [55 96] 1978 1971 [1983 97] 1286 513 [3085 98] 513 2209 1516 2207 3341 724 [2942 99] [724 100] 3341 1368 [1021 101] 1994 [855 102] [2506 103] 855 1917 532 3132 [2987 104] 3132 532 3385 2163 [479 105] 1944 [2244 106] 459 [3035 107] 1029 3658 1390 [664 108] 1390 1388 1389 1694 3326 [3060 109] 858 1602 [1668 110] 2593 1703 3001 2996 [2999 111] 2996 2997 2433 2078 468 1247 [1429 112] 1247 1065 [2079 113] 245 181 [252 114] 1944 2244 459 2725 [2912 115] 2725 459 3035 [1029 116] 627 [3447 117] 627 1029 1339 1185 [1335 118] 1185 1339 472 373 729 [2787 119] 729 373 [3202 120] 373 [2765 121] 1020 581 [2766 122] 581 1443 [466 123] 1443 581 1020 2765 373 [2091 124] [2053 125] 1369 2036 [1727 126] 2036 1369 1455 2041 1847 1838 1396 [666 127] [443 128] 936 1817 [1825 129] 1817 1820 2664 1518 1515 [1520 130] 1515 1516 2207 2854 [3055 131] 2854 2207 1516 1515 1245 [482 132] [1245 133] [496 134] 1245 482 2492 2267 2541 991 3383 3385 [532 135] 1917 1863 [3380 136] 2651 1697 [3603 137] 1697 2272 2883 [2216 138] 2883 2839 [3221 139] 2839 [2883 140] 2272 [2570 141] 2272 2883 3313 3270 [1670 142] 2845 664 [1750 143] [2195 144] 2687 2507 454 347 [458 145] 3603 1697 2272 2883 [2839 146] 3221 216 715 [578 147] [715 148] 2122 1657 [36 149] 3055 2854 3054 1465 986 636 2217 3211 2566 [1273 150] [2566 151] 3211 3590 3009 [2421 152] 2376 1557 [2773 153] 1695 [378 154] 2492 2267 2541 954 [1925 155] 954 3780 [3090 156] 2375 1324 1093 2049 1370 [716 157] 1370 2049 3209 [650 158] 3491 2699 [3108 159] 2699 3491 3280 [3780 160] 954 1099 2997 [1751 161] 2997 2572 1371 [1072 162] 1371 2572 2997 [2433 163] 2997 [2572 164] [1646 165] 2498 230 923 922 934 [1790 166] 934 922 923 [460 167] 923 1033 1841 2003 [3885 168] 1959 1272 [2270 169] 90 [409 170] 312 349 [2796 171] 560 3285 2674 2858 263 [1011 172] 263 2858 2674 1796 3300 391 [1847 173] 391 2026 2090 [2683 174] 2090 2827 2603 1073 665 3787 [2202 175] 3787 2606 [227 176] 1516 2209 513 1838 1841 [792 177] 1841 2864 3443 [589 178] 375 178 [816 179] 178 1241 3805 2834 1475 [486 180] 1475 2196 [2011 181] 814 [3169 182] 814 2011 2498 230 [299 183] 145 2158 [319 184] [1136 185] 3198 3322 1460 [1358 186] [3002 187] 2124 3789 3347 [2211 188] [3291 189] 2211 810 2265 364 [3605 190] 1116 [1571 191] 1608 1601 1604 1472 [591 192] 2483 810 1694 [3494 193] 1694 [2482 194] 1694 1389 3054 2854 [1209 195] 2467 2549 2607 [109 196] 2607 2855 2681 38 [3920 197] 38 2975 134 3285 [2674 198] 1796 1238 3003 2996 2276 [2675 199] [2980 200] 2831 T
1450
43 1016 2525 [2895 21] 2896 1429 1247 468 [1899 22] 468 2078 2433 2997 [2996 23] 2196 2663 [813 24] 589 375 3143 [733 25] 2018 [3072 26] 2018 733 2842 121 716 1370 [2049 27] 1370 716 121 914 3054 [1389 28] 1694 3290 [1230 29] 2649 3429 1190 [881 30] 1043 3344 [2060 31] 3212 [656 32] 200 1540 [710 33] 143 2941 [526 34] [540 35] 539 [542 36] 850 1871 502 3344 [1305 37] 3344 [1104 38] 3344 1305 [1497 39] 2854 2207 1516 227 2606 3787 2202 [902 40] 1016 2525 2645 [3639 41] 2848 252 1944 1368 3341 [1579 42] 3341 1368 [1944 43] 252 2848 2825 1180 [1560 44] 255 2550 3490 1070 [2104 45] 599 [615 46] 851 133 1128 3083 2697 3327 736 [3102 47] 1398 2996 [2329 48] 3642 [2188 49] 3642 2329 3742 3525 905 1619 1624 [2398 50] [1624 51] 1619 1844 1212 [721 52] 3524 2211 3626 [2192 53] 3626 3234 [903 54] 2840 2304 3362 [2977 55] 2877 3766 [986 56] 1465 3054 1389 [1694 57] 1389 3054 2854 3055 3721 2112 [54 58] 2112 [3310 59] 46 1460 241 [2650 60] 241 1460 1446 1462 1845 3241 3774 [278 61] [3774 62] 3241 552 3072 [2018 63] 733 3143 2339 3216 2883 2272 [2498 64] 2272 2883 3313 3270 [3428 65] [186 66] 2691 2670 600 [1354 67] 600 3675 [1518 68] 1515 1245 482 276 1025 2483 591 [660 69] 591 1472 [1604 70] 1472 [688 71] 1472 591 660 280 3638 [504 72] 2975 2753 2196 2996 [2276 73] 2996 2196 2011 [3531 74] 2149 263 2858 [2301 75] 2858 263 2149 1983 [848 76] 3877 [1239 77] 3035 459 2244 2883 3313 3270 3428 [2131 78] 2882 1890 748 2619 2621 [3647 79] 2621 2619 2009 2598 2202 3787 665 [2511 80] [3490 81] 2550 1365 [2989 82] 1615 1830 1139 119 [789 83] 3063 [2198 84] [3063 85] 3052 2854 1965 [3423 86] 371 2337 1565 672 262 [2077 87] [262 88] 2374 1655 2850 3361 3735 [96 89] 1421 [3658 90] 1390 1388 1392 2739 1561 [3652 91] 1561 188 3423 371 2337 [1565 92] 1568 2209 1516 [1749 93] 1516 227 221 224 2745 [3018 94] [2745 95] 3571 1988 1971 1978 [55 96] 1978 1971 [1983 97] 1286 513 [3085 98] 513 2209 1516 2207 3341 724 [2942 99] [724 100] 3341 1368 [1021 101] 1994 [855 102] [2506 103] 855 1917 532 3132 [2987 104] 3132 532 3385 2163 [479 105] 1944 [2244 106] 459 [3035 107] 1029 3658 1390 [664 108] 1390 1388 1389 1694 3326 [3060 109] 858 1602 [1668 110] 2593 1703 3001 2996 [2999 111] 2996 2997 2433 2078 468 1247 [1429 112] 1247 1065 [2079 113] 245 181 [252 114] 1944 2244 459 2725 [2912 115] 2725 459 3035 [1029 116] 627 [3447 117] 627 1029 1339 1185 [1335 118] 1185 1339 472 373 729 [2787 119] 729 373 [3202 120] 373 [2765 121] 1020 581 [2766 122] 581 1443 [466 123] 1443 581 1020 2765 373 [2091 124] [2053 125] 1369 2036 [1727 126] 2036 1369 1455 2041 1847 1838 1396 [666 127] [443 128] 936 1817 [1825 129] 1817 1820 2664 1518 1515 [1520 130] 1515 1516 2207 2854 [3055 131] 2854 2207 1516 1515 1245 [482 132] [1245 133] [496 134] 1245 482 2492 2267 2541 991 3383 3385 [532 135] 1917 1863 [3380 136] 2651 1697 [3603 137] 1697 2272 2883 [2216 138] 2883 2839 [3221 139] 2839 [2883 140] 2272 [2570 141] 2272 2883 3313 3270 [1670 142] 2845 664 [1750 143] [2195 144] 2687 2507 454 347 [458 145] 3603 1697 2272 2883 [2839 146] 3221 216 715 [578 147] [715 148] 2122 1657 [36 149] 3055 2854 3054 1465 986 636 2217 3211 2566 [1273 150] [2566 151] 3211 3590 3009 [2421 152] 2376 1557 [2773 153] 1695 [378 154] 2492 2267 2541 954 [1925 155] 954 3780 [3090 156] 2375 1324 1093 2049 1370 [716 157] 1370 2049 3209 [650 158] 3491 2699 [3108 159] 2699 3491 3280 [3780 160] 954 1099 2997 [1751 161] 2997 2572 1371 [1072 162] 1371 2572 2997 [2433 163] 2997 [2572 164] [1646 165] 2498 230 923 922 934 [1790 166] 934 922 923 [460 167] 923 1033 1841 2003 [3885 168] 1959 1272 [2270 169] 90 [409 170] 312 349 [2796 171] 560 3285 2674 2858 263 [1011 172] 263 2858 2674 1796 3300 391 [1847 173] 391 2026 2090 [2683 174] 2090 2827 2603 1073 665 3787 [2202 175] 3787 2606 [227 176] 1516 2209 513 1838 1841 [792 177] 1841 2864 3443 [589 178] 375 178 [816 179] 178 1241 3805 2834 1475 [486 180] 1475 2196 [2011 181] 814 [3169 182] 814 2011 2498 230 [299 183] 145 2158 [319 184] [1136 185] 3198 3322 1460 [1358 186] [3002 187] 2124 3789 3347 [2211 188] [3291 189] 2211 810 2265 364 [3605 190] 1116 [1571 191] 1608 1601 1604 1472 [591 192] 2483 810 1694 [3494 193] 1694 [2482 194] 1694 1389 3054 2854 [1209 195] 2467 2549 2607 [109 196] 2607 2855 2681 38 [3920 197] 38 2975 134 3285 [2674 198] 1796 1238 3003 2996 2276 [2675 199] [2980 200] 2831 T
1459
1899 468 2078 2433 778 1774 2619 [274 22] 2619 2621 3647 1003 3431 2329 [2996 23] 2196 2663 [813 24] 589 375 3143 [733 25] 2018 [3072 26] 2018 733 2842 121 716 1370 [2049 27] 1370 716 121 914 3054 [1389 28] 1694 3290 [1230 29] 2649 3429 1190 [881 30] 1043 3344 [2060 31] 3212 [656 32] 200 1540 [710 33] 143 2941 [526 34] [540 35] 539 [542 36] 850 1871 502 3344 [1305 37] 3344 [1104 38] 3344 1305 [1497 39] 2854 2207 1516 227 2606 3787 2202 [902 40] 1016 2525 2645 [3639 41] 2848 252 1944 1368 3341 [1579 42] 3341 1368 [1944 43] 252 2848 2825 1180 [1560 44] 255 2550 3490 1070 [2104 45] 599 [615 46] 851 133 1128 3083 2697 3327 736 [3102 47] 1398 2996 [2329 48] 3642 [2188 49] 3642 2329 3742 3525 905 1619 1624 [2398 50] [1624 51] 1619 1844 1212 [721 52] 3524 2211 3626 [2192 53] 3626 3234 [903 54] 2840 2304 3362 [2977 55] 2877 3766 [986 56] 1465 3054 1389 [1694 57] 1389 3054 2854 3055 3721 2112 [54 58] 2112 [3310 59] 46 1460 241 [2650 60] 241 1460 1446 1462 1845 3241 3774 [278 61] [3774 62] 3241 552 3072 [2018 63] 733 3143 2339 3216 2883 2272 [2498 64] 2272 2883 3313 3270 [3428 65] [186 66] 2691 2670 600 [1354 67] 600 3675 [1518 68] 1515 1245 482 276 1025 2483 591 [660 69] 591 1472 [1604 70] 1472 [688 71] 1472 591 660 280 3638 [504 72] 2975 2753 2196 2996 [2276 73] 2996 2196 2011 [3531 74] 2149 263 2858 [2301 75] 2858 263 2149 1983 [848 76] 3877 [1239 77] 3035 459 2244 2883 3313 3270 3428 [2131 78] 2882 1890 748 2619 2621 [3647 79] 2621 2619 2009 2598 2202 3787 665 [2511 80] [3490 81] 2550 1365 [2989 82] 1615 1830 1139 119 [789 83] 3063 [2198 84] [3063 85] 3052 2854 1965 [3423 86] 371 2337 1565 672 262 [2077 87] [262 88] 2374 1655 2850 3361 3735 [96 89] 1421 [3658 90] 1390 1388 1392 2739 1561 [3652 91] 1561 188 3423 371 2337 [1565 92] 1568 2209 1516 [1749 93] 1516 227 221 224 2745 [3018 94] [2745 95] 3571 1988 1971 1978 [55 96] 1978 1971 [1983 97] 1286 513 [3085 98] 513 2209 1516 2207 3341 724 [2942 99] [724 100] 3341 1368 [1021 101] 1994 [855 102] [2506 103] 855 1917 532 3132 [2987 104] 3132 532 3385 2163 [479 105] 1944 [2244 106] 459 [3035 107] 1029 3658 1390 [664 108] 1390 1388 1389 1694 3326 [3060 109] 858 1602 [1668 110] 2593 1703 3001 2996 [2999 111] 2996 2997 2433 2078 468 1247 [1429 112] 1247 1065 [2079 113] 245 181 [252 114] 1944 2244 459 2725 [2912 115] 2725 459 3035 [1029 116] 627 [3447 117] 627 1029 1339 1185 [1335 118] 1185 1339 472 373 729 [2787 119] 729 373 [3202 120] 373 [2765 121] 1020 581 [2766 122] 581 1443 [466 123] 1443 581 1020 2765 373 [2091 124] [2053 125] 1369 2036 [1727 126] 2036 1369 1455 2041 1847 1838 1396 [666 127] [443 128] 936 1817 [1825 129] 1817 1820 2664 1518 1515 [1520 130] 1515 1516 2207 2854 [3055 131] 2854 2207 1516 1515 1245 [482 132] [1245 133] [496 134] 1245 482 2492 2267 2541 991 3383 3385 [532 135] 1917 1863 [3380 136] 2651 1697 [3603 137] 1697 2272 2883 [2216 138] 2883 2839 [3221 139] 2839 [2883 140] 2272 [2570 141] 2272 2883 3313 3270 [1670 142] 2845 664 [1750 143] [2195 144] 2687 2507 454 347 [458 145] 3603 1697 2272 2883 [2839 146] 3221 216 715 [578 147] [715 148] 2122 1657 [36 149] 3055 2854 3054 1465 986 636 2217 3211 2566 [1273 150] [2566 151] 3211 3590 3009 [2421 152] 2376 1557 [2773 153] 1695 [378 154] 2492 2267 2541 954 [1925 155] 954 3780 [3090 156] 2375 1324 1093 2049 1370 [716 157] 1370 2049 3209 [650 158] 3491 2699 [3108 159] 2699 3491 3280 [3780 160] 954 1099 2997 [1751 161] 2997 2572 1371 [1072 162] 1371 2572 2997 [2433 163] 2997 [2572 164] [1646 165] 2498 230 923 922 934 [1790 166] 934 922 923 [460 167] 923 1033 1841 2003 [3885 168] 1959 1272 [2270 169] 90 [409 170] 312 349 [2796 171] 560 3285 2674 2858 263 [1011 172] 263 2858 2674 1796 3300 391 [1847 173] 391 2026 2090 [2683 174] 2090 2827 2603 1073 665 3787 [2202 175] 3787 2606 [227 176] 1516 2209 513 1838 1841 [792 177] 1841 2864 3443 [589 178] 375 178 [816 179] 178 1241 3805 2834 1475 [486 180] 1475 2196 [2011 181] 814 [3169 182] 814 2011 2498 230 [299 183] 145 2158 [319 184] [1136 185] 3198 3322 1460 [1358 186] [3002 187] 2124 3789 3347 [2211 188] [3291 189] 2211 810 2265 364 [3605 190] 1116 [1571 191] 1608 1601 1604 1472 [591 192] 2483 810 1694 [3494 193] 1694 [2482 194] 1694 1389 3054 2854 [1209 195] 2467 2549 2607 [109 196] 2607 2855 2681 38 [3920 197] 38 2975 134 3285 [2674 198] 1796 1238 3003 2996 2276 [2675 199] [2980 200] 2831 T
1451
2996 2276 2675 2980 [2516 23] 2757 364 3605 589 [813 24] 589 375 3143 [733 25] 2018 [3072 26] 2018 733 2842 121 716 1370 [2049 27] 1370 716 121 914 3054 [1389 28] 1694 3290 [1230 29] 2649 3429 1190 [881 30] 1043 3344 [2060 31] 3212 [656 32] 200 1540 [710 33] 143 2941 [526 34] [540 35] 539 [542 36] 850 1871 502 3344 [1305 37] 3344 [1104 38] 3344 1305 [1497 39] 2854 2207 1516 227 2606 3787 2202 [902 40] 1016 2525 2645 [3639 41] 2848 252 1944 1368 3341 [1579 42] 3341 1368 [1944 43] 252 2848 2825 1180 [1560 44] 255 2550 3490 1070 [2104 45] 599 [615 46] 851 133 1128 3083 2697 3327 736 [3102 47] 1398 2996 [2329 48] 3642 [2188 49] 3642 2329 3742 3525 905 1619 1624 [2398 50] [1624 51] 1619 1844 1212 [721 52] 3524 2211 3626 [2192 53] 3626 3234 [903 54] 2840 2304 3362 [2977 55] 2877 3766 [986 56] 1465 3054 1389 [1694 57] 1389 3054 2854 3055 3721 2112 [54 58] 2112 [3310 59] 46 1460 241 [2650 60] 241 1460 1446 1462 1845 3241 3774 [278 61] [3774 62] 3241 552 3072 [2018 63] 733 3143 2339 3216 2883 2272 [2498 64] 2272 2883 3313 3270 [3428 65] [186 66] 2691 2670 600 [1354 67] 600 3675 [1518 68] 1515 1245 482 276 1025 2483 591 [660 69] 591 1472 [1604 70] 1472 [688 71] 1472 591 660 280 3638 [504 72] 2975 2753 2196 2996 [2276 73] 2996 2196 2011 [3531 74] 2149 263 2858 [2301 75] 2858 263 2149 1983 [848 76] 3877 [1239 77] 3035 459 2244 2883 3313 3270 3428 [2131 78] 2882 1890 748 2619 2621 [3647 79] 2621 2619 2009 2598 2202 3787 665 [2511 80] [3490 81] 2550 1365 [2989 82] 1615 1830 1139 119 [789 83] 3063 [2198 84] [3063 85] 3052 2854 1965 [3423 86] 371 2337 1565 672 262 [2077 87] [262 88] 2374 1655 2850 3361 3735 [96 89] 1421 [3658 90] 1390 1388 1392 2739 1561 [3652 91] 1561 188 3423 371 2337 [1565 92] 1568 2209 1516 [1749 93] 1516 227 221 224 2745 [3018 94] [2745 95] 3571 1988 1971 1978 [55 96] 1978 1971 [1983 97] 1286 513 [3085 98] 513 2209 1516 2207 3341 724 [2942 99] [724 100] 3341 1368 [1021 101] 1994 [855 102] [2506 103] 855 1917 532 3132 [2987 104] 3132 532 3385 2163 [479 105] 1944 [2244 106] 459 [3035 107] 1029 3658 1390 [664 108] 1390 1388 1389 1694 3326 [3060 109] 858 1602 [1668 110] 2593 1703 3001 2996 [2999 111] 2996 2997 2433 2078 468 1247 [1429 112] 1247 1065 [2079 113] 245 181 [252 114] 1944 2244 459 2725 [2912 115] 2725 459 3035 [1029 116] 627 [3447 117] 627 1029 1339 1185 [1335 118] 1185 1339 472 373 729 [2787 119] 729 373 [3202 120] 373 [2765 121] 1020 581 [2766 122] 581 1443 [466 123] 1443 581 1020 2765 373 [2091 124] [2053 125] 1369 2036 [1727 126] 2036 1369 1455 2041 1847 1838 1396 [666 127] [443 128] 936 1817 [1825 129] 1817 1820 2664 1518 1515 [1520 130] 1515 1516 2207 2854 [3055 131] 2854 2207 1516 1515 1245 [482 132] [1245 133] [496 134] 1245 482 2492 2267 2541 991 3383 3385 [532 135] 1917 1863 [3380 136] 2651 1697 [3603 137] 1697 2272 2883 [2216 138] 2883 2839 [3221 139] 2839 [2883 140] 2272 [2570 141] 2272 2883 3313 3270 [1670 142] 2845 664 [1750 143] [2195 144] 2687 2507 454 347 [458 145] 3603 1697 2272 2883 [2839 146] 3221 216 715 [578 147] [715 148] 2122 1657 [36 149] 3055 2854 3054 1465 986 636 2217 3211 2566 [1273 150] [2566 151] 3211 3590 3009 [2421 152] 2376 1557 [2773 153] 1695 [378 154] 2492 2267 2541 954 [1925 155] 954 3780 [3090 156] 2375 1324 1093 2049 1370 [716 157] 1370 2049 3209 [650 158] 3491 2699 [3108 159] 2699 3491 3280 [3780 160] 954 1099 2997 [1751 161] 2997 2572 1371 [1072 162] 1371 2572 2997 [2433 163] 2997 [2572 164] [1646 165] 2498 230 923 922 934 [1790 166] 934 922 923 [460 167] 923 1033 1841 2003 [3885 168] 1959 1272 [2270 169] 90 [409 170] 312 349 [2796 171] 560 3285 2674 2858 263 [1011 172] 263 2858 2674 1796 3300 391 [1847 173] 391 2026 2090 [2683 174] 2090 2827 2603 1073 665 3787 [2202 175] 3787 2606 [227 176] 1516 2209 513 1838 1841 [792 177] 1841 2864 3443 [589 178] 375 178 [816 179] 178 1241 3805 2834 1475 [486 180] 1475 2196 [2011 181] 814 [3169 182] 814 2011 2498 230 [299 183] 145 2158 [319 184] [1136 185] 3198 3322 1460 [1358 186] [3002 187] 2124 3789 3347 [2211 188] [3291 189] 2211 810 2265 364 [3605 190] 1116 [1571 191] 1608 1601 1604 1472 [591 192] 2483 810 1694 [3494 193] 1694 [2482 194] 1694 1389 3054 2854 [1209 195] 2467 2549 2607 [109 196] 2607 2855 2681 38 [3920 197] 38 2975 134 3285 [2674 198] 1796 1238 3003 2996 2276 [2675 199] [2980 200] 2831 T
1457
813 589 375 1138 388 383 [385 24] 3078 1468 2339 3143 [733 25] 2018 [3072 26] 2018 733 2842 121 716 1370 [2049 27] 1370 716 121 914 3054 [1389 28] 1694 3290 [1230 29] 2649 3429 1190 [881 30] 1043 3344 [2060 31] 3212 [656 32] 200 1540 [710 33] 143 2941 [526 34] [540 35] 539 [542 36] 850 1871 502 3344 [1305 37] 3344 [1104 38] 3344 1305 [1497 39] 2854 2207 1516 227 2606 3787 2202 [902 40] 1016 2525 2645 [3639 41] 2848 252 1944 1368 3341 [1579 42] 3341 1368 [1944 43] 252 2848 2825 1180 [1560 44] 255 2550 3490 1070 [2104 45] 599 [615 46] 851 133 1128 3083 2697 3327 736 [3102 47] 1398 2996 [2329 48] 3642 [2188 49] 3642 2329 3742 3525 905 1619 1624 [2398 50] [1624 51] 1619 1844 1212 [721 52] 3524 2211 3626 [2192 53] 3626 3234 [903 54] 2840 2304 3362 [2977 55] 2877 3766 [986 56] 1465 3054 1389 [1694 57] 1389 3054 2854 3055 3721 2112 [54 58] 2112 [3310 59] 46 1460 241 [2650 60] 241 1460 1446 1462 1845 3241 3774 [278 61] [3774 62] 3241 552 3072 [2018 63] 733 3143 2339 3216 2883 2272 [2498 64] 2272 2883 3313 3270 [3428 65] [186 66] 2691 2670 600 [1354 67] 600 3675 [1518 68] 1515 1245 482 276 1025 2483 591 [660 69] 591 1472 [1604 70] 1472 [688 71] 1472 591 660 280 3638 [504 72] 2975 2753 2196 2996 [2276 73] 2996 2196 2011 [3531 74] 2149 263 2858 [2301 75] 2858 263 2149 1983 [848 76] 3877 [1239 77] 3035 459 2244 2883 3313 3270 3428 [2131 78] 2882 1890 748 2619 2621 [3647 79] 2621 2619 2009 2598 2202 3787 665 [2511 80] [3490 81] 2550 1365 [2989 82] 1615 1830 1139 119 [789 83] 3063 [2198 84] [3063 85] 3052 2854 1965 [3423 86] 371 2337 1565 672 262 [2077 87] [262 88] 2374 1655 2850 3361 3735 [96 89] 1421 [3658 90] 1390 1388 1392 2739 1561 [3652 91] 1561 188 3423 371 2337 [1565 92] 1568 2209 1516 [1749 93] 1516 227 221 224 2745 [3018 94] [2745 95] 3571 1988 1971 1978 [55 96] 1978 1971 [1983 97] 1286 513 [3085 98] 513 2209 1516 2207 3341 724 [2942 99] [724 100] 3341 1368 [1021 101] 1994 [855 102] [2506 103] 855 1917 532 3132 [2987 104] 3132 532 3385 2163 [479 105] 1944 [2244 106] 459 [3035 107] 1029 3658 1390 [664 108] 1390 1388 1389 1694 3326 [3060 109] 858 1602 [1668 110] 2593 1703 3001 2996 [2999 111] 2996 2997 2433 2078 468 1247 [1429 112] 1247 1065 [2079 113] 245 181 [252 114] 1944 2244 459 2725 [2912 115] 2725 459 3035 [1029 116] 627 [3447 117] 627 1029 1339 1185 [1335 118] 1185 1339 472 373 729 [2787 119] 729 373 [3202 120] 373 [2765 121] 1020 581 [2766 122] 581 1443 [466 123] 1443 581 1020 2765 373 [2091 124] [2053 125] 1369 2036 [1727 126] 2036 1369 1455 2041 1847 1838 1396 [666 127] [443 128] 936 1817 [1825 129] 1817 1820 2664 1518 1515 [1520 130] 1515 1516 2207 2854 [3055 131] 2854 2207 1516 1515 1245 [482 132] [1245 133] [496 134] 1245 482 2492 2267 2541 991 3383 3385 [532 135] 1917 1863 [3380 136] 2651 1697 [3603 137] 1697 2272 2883 [2216 138] 2883 2839 [3221 139] 2839 [2883 140] 2272 [2570 141] 2272 2883 3313 3270 [1670 142] 2845 664 [1750 143] [2195 144] 2687 2507 454 347 [458 145] 3603 1697 2272 2883 [2839 146] 3221 216 715 [578 147] [715 148] 2122 1657 [36 149] 3055 2854 3054 1465 986 636 2217 3211 2566 [1273 150] [2566 151] 3211 3590 3009 [2421 152] 2376 1557 [2773 153] 1695 [378 154] 2492 2267 2541 954 [1925 155] 954 3780 [3090 156] 2375 1324 1093 2049 1370 [716 157] 1370 2049 3209 [650 158] 3491 2699 [3108 159] 2699 3491 3280 [3780 160] 954 1099 2997 [1751 161] 2997 2572 1371 [1072 162] 1371 2572 2997 [2433 163] 2997 [2572 164] [1646 165] 2498 230 923 922 934 [1790 166] 934 922 923 [460 167] 923 1033 1841 2003 [3885 168] 1959 1272 [2270 169] 90 [409 170] 312 349 [2796 171] 560 3285 2674 2858 263 [1011 172] 263 2858 2674 1796 3300 391 [1847 173] 391 2026 2090 [2683 174] 2090 2827 2603 1073 665 3787 [2202 175] 3787 2606 [227 176] 1516 2209 513 1838 1841 [792 177] 1841 2864 3443 [589 178] 375 178 [816 179] 178 1241 3805 2834 1475 [486 180] 1475 2196 [2011 181] 814 [3169 182] 814 2011 2498 230 [299 183] 145 2158 [319 184] [1136 185] 3198 3322 1460 [1358 186] [3002 187] 2124 3789 3347 [2211 188] [3291 189] 2211 810 2265 364 [3605 190] 1116 [1571 191] 1608 1601 1604 1472 [591 192] 2483 810 1694 [3494 193] 1694 [2482 194] 1694 1389 3054 2854 [1209 195] 2467 2549 2607 [109 196] 2607 2855 2681 38 [3920 197] 38 2975 134 3285 [2674 198] 1796 1238 3003 2996 2276 [2675 199] [2980 200] 2831 T
1455
733 3143 2339 3216 2883 2216 [1559 25] 2216 2883 2272 2498 2011 [814 26] 2011 2196 2996 [2997 27] 2996 3001 3494 1694 [1389 28] 1694 3290 [1230 29] 2649 3429 1190 [881 30] 1043 3344 [2060 31] 3212 [656 32] 200 1540 [710 33] 143 2941 [526 34] [540 35] 539 [542 36] 850 1871 502 3344 [1305 37] 3344 [1104 38] 3344 1305 [1497 39] 2854 2207 1516 227 2606 3787 2202 [902 40] 1016 2525 2645 [3639 41] 2848 252 1944 1368 3341 [1579 42] 3341 1368 [1944 43] 252 2848 2825 1180 [1560 44] 255 2550 3490 1070 [2104 45] 599 [615 46] 851 133 1128 3083 2697 3327 736 [3102 47] 1398 2996 [2329 48] 3642 [2188 49] 3642 2329 3742 3525 905 1619 1624 [2398 50] [1624 51] 1619 1844 1212 [721 52] 3524 2211 3626 [2192 53] 3626 3234 [903 54] 2840 2304 3362 [2977 55] 2877 3766 [986 56] 1465 3054 1389 [1694 57] 1389 3054 2854 3055 3721 2112 [54 58] 2112 [3310 59] 46 1460 241 [2650 60] 241 1460 1446 1462 1845 3241 3774 [278 61] [3774 62] 3241 552 3072 [2018 63] 733 3143 2339 3216 2883 2272 [2498 64] 2272 2883 3313 3270 [3428 65] [186 66] 2691 2670 600 [1354 67] 600 3675 [1518 68] 1515 1245 482 276 1025 2483 591 [660 69] 591 1472 [1604 70] 1472 [688 71] 1472 591 660 280 3638 [504 72] 2975 2753 2196 2996 [2276 73] 2996 2196 2011 [3531 74] 2149 263 2858 [2301 75] 2858 263 2149 1983 [848 76] 3877 [1239 77] 3035 459 2244 2883 3313 3270 3428 [2131 78] 2882 1890 748 2619 2621 [3647 79] 2621 2619 2009 2598 2202 3787 665 [2511 80] [3490 81] 2550 1365 [2989 82] 1615 1830 1139 119 [789 83] 3063 [2198 84] [3063 85] 3052 2854 1965 [3423 86] 371 2337 1565 672 262 [2077 87] [262 88] 2374 1655 2850 3361 3735 [96 89] 1421 [3658 90] 1390 1388 1392 2739 1561 [3652 91] 1561 188 3423 371 2337 [1565 92] 1568 2209 1516 [1749 93] 1516 227 221 224 2745 [3018 94] [2745 95] 3571 1988 1971 1978 [55 96] 1978 1971 [1983 97] 1286 513 [3085 98] 513 2209 1516 2207 3341 724 [2942 99] [724 100] 3341 1368 [1021 101] 1994 [855 102] [2506 103] 855 1917 532 3132 [2987 104] 3132 532 3385 2163 [479 105] 1944 [2244 106] 459 [3035 107] 1029 3658 1390 [664 108] 1390 1388 1389 1694 3326 [3060 109] 858 1602 [1668 110] 2593 1703 3001 2996 [2999 111] 2996 2997 2433 2078 468 1247 [1429 112] 1247 1065 [2079 113] 245 181 [252 114] 1944 2244 459 2725 [2912 115] 2725 459 3035 [1029 116] 627 [3447 117] 627 1029 1339 1185 [1335 118] 1185 1339 472 373 729 [2787 119] 729 373 [3202 120] 373 [2765 121] 1020 581 [2766 122] 581 1443 [466 123] 1443 581 1020 2765 373 [2091 124] [2053 125] 1369 2036 [1727 126] 2036 1369 1455 2041 1847 1838 1396 [666 127] [443 128] 936 1817 [1825 129] 1817 1820 2664 1518 1515 [1520 130] 1515 1516 2207 2854 [3055 131] 2854 2207 1516 1515 1245 [482 132] [1245 133] [496 134] 1245 482 2492 2267 2541 991 3383 3385 [532 135] 1917 1863 [3380 136] 2651 1697 [3603 137] 1697 2272 2883 [2216 138] 2883 2839 [3221 139] 2839 [2883 140] 2272 [2570 141] 2272 2883 3313 3270 [1670 142] 2845 664 [1750 143] [2195 144] 2687 2507 454 347 [458 145] 3603 1697 2272 2883 [2839 146] 3221 216 715 [578 147] [715 148] 2122 1657 [36 149] 3055 2854 3054 1465 986 636 2217 3211 2566 [1273 150] [2566 151] 3211 3590 3009 [2421 152] 2376 1557 [2773 153] 1695 [378 154] 2492 2267 2541 954 [1925 155] 954 3780 [3090 156] 2375 1324 1093 2049 1370 [716 157] 1370 2049 3209 [650 158] 3491 2699 [3108 159] 2699 3491 3280 [3780 160] 954 1099 2997 [1751 161] 2997 2572 1371 [1072 162] 1371 2572 2997 [2433 163] 2997 [2572 164] [1646 165] 2498 230 923 922 934 [1790 166] 934 922 923 [460 167] 923 1033 1841 2003 [3885 168] 1959 1272 [2270 169] 90 [409 170] 312 349 [2796 171] 560 3285 2674 2858 263 [1011 172] 263 2858 2674 1796 3300 391 [1847 173] 391 2026 2090 [2683 174] 2090 2827 2603 1073 665 3787 [2202 175] 3787 2606 [227 176] 1516 2209 513 1838 1841 [792 177] 1841 2864 3443 [589 178] 375 178 [816 179] 178 1241 3805 2834 1475 [486 180] 1475 2196 [2011 181] 814 [3169 182] 814 2011 2498 230 [299 183] 145 2158 [319 184] [1136 185] 3198 3322 1460 [1358 186] [3002 187] 2124 3789 3347 [2211 188] [3291 189] 2211 810 2265 364 [3605 190] 1116 [1571 191] 1608 1601 1604 1472 [591 192] 2483 810 1694 [3494 193] 1694 [2482 194] 1694 1389 3054 2854 [1209 195] 2467 2549 2607 [109 196] 2607 2855 2681 38 [3920 197] 38 2975 134 3285 [2674 198] 1796 1238 3003 2996 2276 [2675 199] [2980 200] 2831 T
1450
3072 2018 733 3143 2339 2039 3167 [2260 26] 3164 [2997 27] 2996 3001 3494 1694 [1389 28] 1694 3290 [1230 29] 2649 3429 1190 [881 30] 1043 3344 [2060 31] 3212 [656 32] 200 1540 [710 33] 143 2941 [526 34] [540 35] 539 [542 36] 850 1871 502 3344 [1305 37] 3344 [1104 38] 3344 1305 [1497 39] 2854 2207 1516 227 2606 3787 2202 [902 40] 1016 2525 2645 [3639 41] 2848 252 1944 1368 3341 [1579 42] 3341 1368 [1944 43] 252 2848 2825 1180 [1560 44] 255 2550 3490 1070 [2104 45] 599 [615 46] 851 133 1128 3083 2697 3327 736 [3102 47] 1398 2996 [2329 48] 3642 [2188 49] 3642 2329 3742 3525 905 1619 1624 [2398 50] [1624 51] 1619 1844 1212 [721 52] 3524 2211 3626 [2192 53] 3626 3234 [903 54] 2840 2304 3362 [2977 55] 2877 3766 [986 56] 1465 3054 1389 [1694 57] 1389 3054 2854 3055 3721 2112 [54 58] 2112 [3310 59] 46 1460 241 [2650 60] 241 1460 1446 1462 1845 3241 3774 [278 61] [3774 62] 3241 552 3072 [2018 63] 733 3143 2339 3216 2883 2272 [2498 64] 2272 2883 3313 3270 [3428 65] [186 66] 2691 2670 600 [1354 67] 600 3675 [1518 68] 1515 1245 482 276 1025 2483 591 [660 69] 591 1472 [1604 70] 1472 [688 71] 1472 591 660 280 3638 [504 72] 2975 2753 2196 2996 [2276 73] 2996 2196 2011 [3531 74] 2149 263 2858 [2301 75] 2858 263 2149 1983 [848 76] 3877 [1239 77] 3035 459 2244 2883 3313 3270 3428 [2131 78] 2882 1890 748 2619 2621 [3647 79] 2621 2619 2009 2598 2202 3787 665 [2511 80] [3490 81] 2550 1365 [2989 82] 1615 1830 1139 119 [789 83] 3063 [2198 84] [3063 85] 3052 2854 1965 [3423 86] 371 2337 1565 672 262 [2077 87] [262 88] 2374 1655 2850 3361 3735 [96 89] 1421 [3658 90] 1390 1388 1392 2739 1561 [3652 91] 1561 188 3423 371 2337 [1565 92] 1568 2209 1516 [1749 93] 1516 227 221 224 2745 [3018 94] [2745 95] 3571 1988 1971 1978 [55 96] 1978 1971 [1983 97] 1286 513 [3085 98] 513 2209 1516 2207 3341 724 [2942 99] [724 100] 3341 1368 [1021 101] 1994 [855 102] [2506 103] 855 1917 532 3132 [2987 104] 3132 532 3385 2163 [479 105] 1944 [2244 106] 459 [3035 107] 1029 3658 1390 [664 108] 1390 1388 1389 1694 3326 [3060 109] 858 1602 [1668 110] 2593 1703 3001 2996 [2999 111] 2996 2997 2433 2078 468 1247 [1429 112] 1247 1065 [2079 113] 245 181 [252 114] 1944 2244 459 2725 [2912 115] 2725 459 3035 [1029 116] 627 [3447 117] 627 1029 1339 1185 [1335 118] 1185 1339 472 373 729 [2787 119] 729 373 [3202 120] 373 [2765 121] 1020 581 [2766 122] 581 1443 [466 123] 1443 581 1020 2765 373 [2091 124] [2053 125] 1369 2036 [1727 126] 2036 1369 1455 2041 1847 1838 1396 [666 127] [443 128] 936 1817 [1825 129] 1817 1820 2664 1518 1515 [1520 130] 1515 1516 2207 2854 [3055 131] 2854 2207 1516 1515 1245 [482 132] [1245 133] [496 134] 1245 482 2492 2267 2541 991 3383 3385 [532 135] 1917 1863 [3380 136] 2651 1697 [3603 137] 1697 2272 2883 [2216 138] 2883 2839 [3221 139] 2839 [2883 140] 2272 [2570 141] 2272 2883 3313 3270 [1670 142] 2845 664 [1750 143] [2195 144] 2687 2507 454 347 [458 145] 3603 1697 2272 2883 [2839 146] 3221 216 715 [578 147] [715 148] 2122 1657 [36 149] 3055 2854 3054 1465 986 636 2217 3211 2566 [1273 150] [2566 151] 3211 3590 3009 [2421 152] 2376 1557 [2773 153] 1695 [378 154] 2492 2267 2541 954 [1925 155] 954 3780 [3090 156] 2375 1324 1093 2049 1370 [716 157] 1370 2049 3209 [650 158] 3491 2699 [3108 159] 2699 3491 3280 [3780 160] 954 1099 2997 [1751 161] 2997 2572 1371 [1072 162] 1371 2572 2997 [2433 163] 2997 [2572 164] [1646 165] 2498 230 923 922 934 [1790 166] 934 922 923 [460 167] 923 1033 1841 2003 [3885 168] 1959 1272 [2270 169] 90 [409 170] 312 349 [2796 171] 560 3285 2674 2858 263 [1011 172] 263 2858 2674 1796 3300 391 [1847 173] 391 2026 2090 [2683 174] 2090 2827 2603 1073 665 3787 [2202 175] 3787 2606 [227 176] 1516 2209 513 1838 1841 [792 177] 1841 2864 3443 [589 178] 375 178 [816 179] 178 1241 3805 2834 1475 [486 180] 1475 2196 [2011 181] 814 [3169 182] 814 2011 2498 230 [299 183] 145 2158 [319 184] [1136 185] 3198 3322 1460 [1358 186] [3002 187] 2124 3789 3347 [2211 188] [3291 189] 2211 810 2265 364 [3605 190] 1116 [1571 191] 1608 1601 1604 1472 [591 192] 2483 810 1694 [3494 193] 1694 [2482 194] 1694 1389 3054 2854 [1209 195] 2467 2549 2607 [109 196] 2607 2855 2681 38 [3920 197] 38 2975 134 3285 [2674 198] 1796 1238 3003 2996 2276 [2675 199] [2980 200] 2831 T
1455
2049 1370 716 121 2198 3063 3052 1582 [2446 27] 1230 3290 1694 [1389 28] 1694 3290 [1230 29] 2649 3429 1190 [881 30] 1043 3344 [2060 31] 3212 [656 32] 200 1540 [710 33] 143 2941 [526 34] [540 35] 539 [542 36] 850 1871 502 3344 [1305 37] 3344 [1104 38] 3344 1305 [1497 39] 2854 2207 1516 227 2606 3787 2202 [902 40] 1016 2525 2645 [3639 41] 2848 252 1944 1368 3341 [1579 42] 3341 1368 [1944 43] 252 2848 2825 1180 [1560 44] 255 2550 3490 1070 [2104 45] 599 [615 46] 851 133 1128 3083 2697 3327 736 [3102 47] 1398 2996 [2329 48] 3642 [2188 49] 3642 2329 3742 3525 905 1619 1624 [2398 50] [1624 51] 1619 1844 1212 [721 52] 3524 2211 3626 [2192 53] 3626 3234 [903 54] 2840 2304 3362 [2977 55] 2877 3766 [986 56] 1465 3054 1389 [1694 57] 1389 3054 2854 3055 3721 2112 [54 58] 2112 [3310 59] 46 1460 241 [2650 60] 241 1460 1446 1462 1845 3241 3774 [278 61] [3774 62] 3241 552 3072 [2018 63] 733 3143 2339 3216 2883 2272 [2498 64] 2272 2883 3313 3270 [3428 65] [186 66] 2691 2670 600 [1354 67] 600 3675 [1518 68] 1515 1245 482 276 1025 2483 591 [660 69] 591 1472 [1604 70] 1472 [688 71] 1472 591 660 280 3638 [504 72] 2975 2753 2196 2996 [2276 73] 2996 2196 2011 [3531 74] 2149 263 2858 [2301 75] 2858 263 2149 1983 [848 76] 3877 [1239 77] 3035 459 2244 2883 3313 3270 3428 [2131 78] 2882 1890 748 2619 2621 [3647 79] 2621 2619 2009 2598 2202 3787 665 [2511 80] [3490 81] 2550 1365 [2989 82] 1615 1830 1139 119 [789 83] 3063 [2198 84] [3063 85] 3052 2854 1965 [3423 86] 371 2337 1565 672 262 [2077 87] [262 88] 2374 1655 2850 3361 3735 [96 89] 1421 [3658 90] 1390 1388 1392 2739 1561 [3652 91] 1561 188 3423 371 2337 [1565 92] 1568 2209 1516 [1749 93] 1516 227 221 224 2745 [3018 94] [2745 95] 3571 1988 1971 1978 [55 96] 1978 1971 [1983 97] 1286 513 [3085 98] 513 2209 1516 2207 3341 724 [2942 99] [724 100] 3341 1368 [1021 101] 1994 [855 102] [2506 103] 855 1917 532 3132 [2987 104] 3132 532 3385 2163 [479 105] 1944 [2244 106] 459 [3035 107] 1029 3658 1390 [664 108] 1390 1388 1389 1694 3326 [3060 109] 858 1602 [1668 110] 2593 1703 3001 2996 [2999 111] 2996 2997 2433 2078 468 1247 [1429 112] 1247 1065 [2079 113] 245 181 [252 114] 1944 2244 459 2725 [2912 115] 2725 459 3035 [1029 116] 627 [3447 117] 627 1029 1339 1185 [1335 118] 1185 1339 472 373 729 [2787 119] 729 373 [3202 120] 373 [2765 121] 1020 581 [2766 122] 581 1443 [466 123] 1443 581 1020 2765 373 [2091 124] [2053 125] 1369 2036 [1727 126] 2036 1369 1455 2041 1847 1838 1396 [666 127] [443 128] 936 1817 [1825 129] 1817 1820 2664 1518 1515 [1520 130] 1515 1516 2207 2854 [3055 131] 2854 2207 1516 1515 1245 [482 132] [1245 133] [496 134] 1245 482 2492 2267 2541 991 3383 3385 [532 135] 1917 1863 [3380 136] 2651 1697 [3603 137] 1697 2272 2883 [2216 138] 2883 2839 [3221 139] 2839 [2883 140] 2272 [2570 141] 2272 2883 3313 3270 [1670 142] 2845 664 [1750 143] [2195 144] 2687 2507 454 347 [458 145] 3603 1697 2272 2883 [2839 146] 3221 216 715 [578 147] [715 148] 2122 1657 [36 149] 3055 2854 3054 1465 986 636 2217 3211 2566 [1273 150] [2566 151] 3211 3590 3009 [2421 152] 2376 1557 [2773 153] 1695 [378 154] 2492 2267 2541 954 [1925 155] 954 3780 [3090 156] 2375 1324 1093 2049 1370 [716 157] 1370 2049 3209 [650 158] 3491 2699 [3108 159] 2699 3491 3280 [3780 160] 954 1099 2997 [1751 161] 2997 2572 1371 [1072 162] 1371 2572 2997 [2433 163] 2997 [2572 164] [1646 165] 2498 230 923 922 934 [1790 166] 934 922 923 [460 167] 923 1033 1841 2003 [3885 168] 1959 1272 [2270 169] 90 [409 170] 312 349 [2796 171] 560 3285 2674 2858 263 [1011 172] 263 2858 2674 1796 3300 391 [1847 173] 391 2026 2090 [2683 174] 2090 2827 2603 1073 665 3787 [2202 175] 3787 2606 [227 176] 1516 2209 513 1838 1841 [792 177] 1841 2864 3443 [589 178] 375 178 [816 179] 178 1241 3805 2834 1475 [486 180] 1475 2196 [2011 181] 814 [3169 182] 814 2011 2498 230 [299 183] 145 2158 [319 184] [1136 185] 3198 3322 1460 [1358 186] [3002 187] 2124 3789 3347 [2211 188] [3291 189] 2211 810 2265 364 [3605 190] 1116 [1571 191] 1608 1601 1604 1472 [591 192] 2483 810 1694 [3494 193] 1694 [2482 194] 1694 1389 3054 2854 [1209 195] 2467 2549 2607 [109 196] 2607 2855 2681 38 [3920 197] 38 2975 134 3285 [2674 198] 1796 1238 3003 2996 2276 [2675 199] [2980 200] 2831 T
1452
1389 1694 3494 2338 [880 28] [1230 29] 2649 3429 1190 [881 30] 1043 3344 [2060 31] 3212 [656 32] 200 1540 [710 33] 143 2941 [526 34] [540 35] 539 [542 36] 850 1871 502 3344 [1305 37] 3344 [1104 38] 3344 1305 [1497 39] 2854 2207 1516 227 2606 3787 2202 [902 40] 1016 2525 2645 [3639 41] 2848 252 1944 1368 3341 [1579 42] 3341 1368 [1944 43] 252 2848 2825 1180 [1560 44] 255 2550 3490 1070 [2104 45] 599 [615 46] 851 133 1128 3083 2697 3327 736 [3102 47] 1398 2996 [2329 48] 3642 [2188 49] 3642 2329 3742 3525 905 1619 1624 [2398 50] [1624 51] 1619 1844 1212 [721 52] 3524 2211 3626 [2192 53] 3626 3234 [903 54] 2840 2304 3362 [2977 55] 2877 3766 [986 56] 1465 3054 1389 [1694 57] 1389 3054 2854 3055 3721 2112 [54 58] 2112 [3310 59] 46 1460 241 [2650 60] 241 1460 1446 1462 1845 3241 3774 [278 61] [3774 62] 3241 552 3072 [2018 63] 733 3143 2339 3216 2883 2272 [2498 64] 2272 2883 3313 3270 [3428 65] [186 66] 2691 2670 600 [1354 67] 600 3675 [1518 68] 1515 1245 482 276 1025 2483 591 [660 69] 591 1472 [1604 70] 1472 [688 71] 1472 591 660 280 3638 [504 72] 2975 2753 2196 2996 [2276 73] 2996 2196 2011 [3531 74] 2149 263 2858 [2301 75] 2858 263 2149 1983 [848 76] 3877 [1239 77] 3035 459 2244 2883 3313 3270 3428 [2131 78] 2882 1890 748 2619 2621 [3647 79] 2621 2619 2009 2598 2202 3787 665 [2511 80] [3490 81] 2550 1365 [2989 82] 1615 1830 1139 119 [789 83] 3063 [2198 84] [3063 85] 3052 2854 1965 [3423 86] 371 2337 1565 672 262 [2077 87] [262 88] 2374 1655 2850 3361 3735 [96 89] 1421 [3658 90] 1390 1388 1392 2739 1561 [3652 91] 1561 188 3423 371 2337 [1565 92] 1568 2209 1516 [1749 93] 1516 227 221 224 2745 [3018 94] [2745 95] 3571 1988 1971 1978 [55 96] 1978 1971 [1983 97] 1286 513 [3085 98] 513 2209 1516 2207 3341 724 [2942 99] [724 100] 3341 1368 [1021 101] 1994 [855 102] [2506 103] 855 1917 532 3132 [2987 104] 3132 532 3385 2163 [479 105] 1944 [2244 106] 459 [3035 107] 1029 3658 1390 [664 108] 1390 1388 1389 1694 3326 [3060 109] 858 1602 [1668 110] 2593 1703 3001 2996 [2999 111] 2996 2997 2433 2078 468 1247 [1429 112] 1247 1065 [2079 113] 245 181 [252 114] 1944 2244 459 2725 [2912 115] 2725 459 3035 [1029 116] 627 [3447 117] 627 1029 1339 1185 [1335 118] 1185 1339 472 373 729 [2787 119] 729 373 [3202 120] 373 [2765 121] 1020 581 [2766 122] 581 1443 [466 123] 1443 581 1020 2765 373 [2091 124] [2053 125] 1369 2036 [1727 126] 2036 1369 1455 2041 1847 1838 1396 [666 127] [443 128] 936 1817 [1825 129] 1817 1820 2664 1518 1515 [1520 130] 1515 1516 2207 2854 [3055 131] 2854 2207 1516 1515 1245 [482 132] [1245 133] [496 134] 1245 482 2492 2267 2541 991 3383 3385 [532 135] 1917 1863 [3380 136] 2651 1697 [3603 137] 1697 2272 2883 [2216 138] 2883 2839 [3221 139] 2839 [2883 140] 2272 [2570 141] 2272 2883 3313 3270 [1670 142] 2845 664 [1750 143] [2195 144] 2687 2507 454 347 [458 145] 3603 1697 2272 2883 [2839 146] 3221 216 715 [578 147] [715 148] 2122 1657 [36 149] 3055 2854 3054 1465 986 636 2217 3211 2566 [1273 150] [2566 151] 3211 3590 3009 [2421 152] 2376 1557 [2773 153] 1695 [378 154] 2492 2267 2541 954 [1925 155] 954 3780 [3090 156] 2375 1324 1093 2049 1370 [716 157] 1370 2049 3209 [650 158] 3491 2699 [3108 159] 2699 3491 3280 [3780 160] 954 1099 2997 [1751 161] 2997 2572 1371 [1072 162] 1371 2572 2997 [2433 163] 2997 [2572 164] [1646 165] 2498 230 923 922 934 [1790 166] 934 922 923 [460 167] 923 1033 1841 2003 [3885 168] 1959 1272 [2270 169] 90 [409 170] 312 349 [2796 171] 560 3285 2674 2858 263 [1011 172] 263 2858 2674 1796 3300 391 [1847 173] 391 2026 2090 [2683 174] 2090 2827 2603 1073 665 3787 [2202 175] 3787 2606 [227 176] 1516 2209 513 1838 1841 [792 177] 1841 2864 3443 [589 178] 375 178 [816 179] 178 1241 3805 2834 1475 [486 180] 1475 2196 [2011 181] 814 [3169 182] 814 2011 2498 230 [299 183] 145 2158 [319 184] [1136 185] 3198 3322 1460 [1358 186] [3002 187] 2124 3789 3347 [2211 188] [3291 189] 2211 810 2265 364 [3605 190] 1116 [1571 191] 1608 1601 1604 1472 [591 192] 2483 810 1694 [3494 193] 1694 [2482 194] 1694 1389 3054 2854 [1209 195] 2467 2549 2607 [109 196] 2607 2855 2681 38 [3920 197] 38 2975 134 3285 [2674 198] 1796 1238 3003 2996 2276 [2675 199] [2980 200] 2831 T
1455
1230 698 3295 1487 [472 29] [1487 30] 724 3341 [1368 31] 3341 374 219 2208 3805 2834 [92 32] 166 1654 3063 [3052 33] 2854 2207 1516 2209 513 [1286 34] 513 2209 1516 [2207 35] 1516 2209 513 2584 [3510 36] 2384 3344 [1305 37] 3344 [1104 38] 3344 1305 [1497 39] 2854 2207 1516 227 2606 3787 2202 [902 40] 1016 2525 2645 [3639 41] 2848 252 1944 1368 3341 [1579 42] 3341 1368 [1944 43] 252 2848 2825 1180 [1560 44] 255 2550 3490 1070 [2104 45] 599 [615 46] 851 133 1128 3083 2697 3327 736 [3102 47] 1398 2996 [2329 48] 3642 [2188 49] 3642 2329 3742 3525 905 1619 1624 [2398 50] [1624 51] 1619 1844 1212 [721 52] 3524 2211 3626 [2192 53] 3626 3234 [903 54] 2840 2304 3362 [2977 55] 2877 3766 [986 56] 1465 3054 1389 [1694 57] 1389 3054 2854 3055 3721 2112 [54 58] 2112 [3310 59] 46 1460 241 [2650 60] 241 1460 1446 1462 1845 3241 3774 [278 61] [3774 62] 3241 552 3072 [2018 63] 733 3143 2339 3216 2883 2272 [2498 64] 2272 2883 3313 3270 [3428 65] [186 66] 2691 2670 600 [1354 67] 600 3675 [1518 68] 1515 1245 482 276 1025 2483 591 [660 69] 591 1472 [1604 70] 1472 [688 71] 1472 591 660 280 3638 [504 72] 2975 2753 2196 2996 [2276 73] 2996 2196 2011 [3531 74] 2149 263 2858 [2301 75] 2858 263 2149 1983 [848 76] 3877 [1239 77] 3035 459 2244 2883 3313 3270 3428 [2131 78] 2882 1890 748 2619 2621 [3647 79] 2621 2619 2009 2598 2202 3787 665 [2511 80] [3490 81] 2550 1365 [2989 82] 1615 1830 1139 119 [789 83] 3063 [2198 84] [3063 85] 3052 2854 1965 [3423 86] 371 2337 1565 672 262 [2077 87] [262 88] 2374 1655 2850 3361 3735 [96 89] 1421 [3658 90] 1390 1388 1392 2739 1561 [3652 91] 1561 188 3423 371 2337 [1565 92] 1568 2209 1516 [1749 93] 1516 227 221 224 2745 [3018 94] [2745 95] 3571 1988 1971 1978 [55 96] 1978 1971 [1983 97] 1286 513 [3085 98] 513 2209 1516 2207 3341 724 [2942 99] [724 100] 3341 1368 [1021 101] 1994 [855 102] [2506 103] 855 1917 532 3132 [2987 104] 3132 532 3385 2163 [479 105] 1944 [2244 106] 459 [3035 107] 1029 3658 1390 [664 108] 1390 1388 1389 1694 3326 [3060 109] 858 1602 [1668 110] 2593 1703 3001 2996 [2999 111] 2996 2997 2433 2078 468 1247 [1429 112] 1247 1065 [2079 113] 245 181 [252 114] 1944 2244 459 2725 [2912 115] 2725 459 3035 [1029 116] 627 [3447 117] 627 1029 1339 1185 [1335 118] 1185 1339 472 373 729 [2787 119] 729 373 [3202 120] 373 [2765 121] 1020 581 [2766 122] 581 1443 [466 123] 1443 581 1020 2765 373 [2091 124] [2053 125] 1369 2036 [1727 126] 2036 1369 1455 2041 1847 1838 1396 [666 127] [443 128] 936 1817 [1825 129] 1817 1820 2664 1518 1515 [1520 130] 1515 1516 2207 2854 [3055 131] 2854 2207 1516 1515 1245 [482 132] [1245 133] [496 134] 1245 482 2492 2267 2541 991 3383 3385 [532 135] 1917 1863 [3380 136] 2651 1697 [3603 137] 1697 2272 2883 [2216 138] 2883 2839 [3221 139] 2839 [2883 140] 2272 [2570 141] 2272 2883 3313 3270 [1670 142] 2845 664 [1750 143] [2195 144] 2687 2507 454 347 [458 145] 3603 1697 2272 2883 [2839 146] 3221 216 715 [578 147] [715 148] 2122 1657 [36 149] 3055 2854 3054 1465 986 636 2217 3211 2566 [1273 150] [2566 151] 3211 3590 3009 [2421 152] 2376 1557 [2773 153] 1695 [378 154] 2492 2267 2541 954 [1925 155] 954 3780 [3090 156] 2375 1324 1093 2049 1370 [716 157] 1370 2049 3209 [650 158] 3491 2699 [3108 159] 2699 3491 3280 [3780 160] 954 1099 2997 [1751 161] 2997 2572 1371 [1072 162] 1371 2572 2997 [2433 163] 2997 [2572 164] [1646 165] 2498 230 923 922 934 [1790 166] 934 922 923 [460 167] 923 1033 1841 2003 [3885 168] 1959 1272 [2270 169] 90 [409 170] 312 349 [2796 171] 560 3285 2674 2858 263 [1011 172] 263 2858 2674 1796 3300 391 [1847 173] 391 2026 2090 [2683 174] 2090 2827 2603 1073 665 3787 [2202 175] 3787 2606 [227 176] 1516 2209 513 1838 1841 [792 177] 1841 2864 3443 [589 178] 375 178 [816 179] 178 1241 3805 2834 1475 [486 180] 1475 2196 [2011 181] 814 [3169 182] 814 2011 2498 230 [299 183] 145 2158 [319 184] [1136 185] 3198 3322 1460 [1358 186] [3002 187] 2124 3789 3347 [2211 188] [3291 189] 2211 810 2265 364 [3605 190] 1116 [1571 191] 1608 1601 1604 1472 [591 192] 2483 810 1694 [3494 193] 1694 [2482 194] 1694 1389 3054 2854 [1209 195] 2467 2549 2607 [109 196] 2607 2855 2681 38 [3920 197] 38 2975 134 3285 [2674 198] 1796 1238 3003 2996 2276 [2675 199] [2980 200] 2831 T
1460
881 330 2741 2848 252 1944 1368 [1139 30] [1368 31] 3341 374 219 2208 3805 2834 [92 32] 166 1654 3063 [3052 33] 2854 2207 1516 2209 513 [1286 34] 513 2209 1516 [2207 35] 1516 2209 513 2584 [3510 36] 2384 3344 [1305 37] 3344 [1104 38] 3344 1305 [1497 39] 2854 2207 1516 227 2606 3787 2202 [902 40] 1016 2525 2645 [3639 41] 2848 252 1944 1368 3341 [1579 42] 3341 1368 [1944 43] 252 2848 2825 1180 [1560 44] 255 2550 3490 1070 [2104 45] 599 [615 46] 851 133 1128 3083 2697 3327 736 [3102 47] 1398 2996 [2329 48] 3642 [2188 49] 3642 2329 3742 3525 905 1619 1624 [2398 50] [1624 51] 1619 1844 1212 [721 52] 3524 2211 3626 [2192 53] 3626 3234 [903 54] 2840 2304 3362 [2977 55] 2877 3766 [986 56] 1465 3054 1389 [1694 57] 1389 3054 2854 3055 3721 2112 [54 58] 2112 [3310 59] 46 1460 241 [2650 60] 241 1460 1446 1462 1845 3241 3774 [278 61] [3774 62] 3241 552 3072 [2018 63] 733 3143 2339 3216 2883 2272 [2498 64] 2272 2883 3313 3270 [3428 65] [186 66] 2691 2670 600 [1354 67] 600 3675 [1518 68] 1515 1245 482 276 1025 2483 591 [660 69] 591 1472 [1604 70] 1472 [688 71] 1472 591 660 280 3638 [504 72] 2975 2753 2196 2996 [2276 73] 2996 2196 2011 [3531 74] 2149 263 2858 [2301 75] 2858 263 2149 1983 [848 76] 3877 [1239 77] 3035 459 2244 2883 3313 3270 3428 [2131 78] 2882 1890 748 2619 2621 [3647 79] 2621 2619 2009 2598 2202 3787 665 [2511 80] [3490 81] 2550 1365 [2989 82] 1615 1830 1139 119 [789 83] 3063 [2198 84] [3063 85] 3052 2854 1965 [3423 86] 371 2337 1565 672 262 [2077 87] [262 88] 2374 1655 2850 3361 3735 [96 89] 1421 [3658 90] 1390 1388 1392 2739 1561 [3652 91] 1561 188 3423 371 2337 [1565 92] 1568 2209 1516 [1749 93] 1516 227 221 224 2745 [3018 94] [2745 95] 3571 1988 1971 1978 [55 96] 1978 1971 [1983 97] 1286 513 [3085 98] 513 2209 1516 2207 3341 724 [2942 99] [724 100] 3341 1368 [1021 101] 1994 [855 102] [2506 103] 855 1917 532 3132 [2987 104] 3132 532 3385 2163 [479 105] 1944 [2244 106] 459 [3035 107] 1029 3658 1390 [664 108] 1390 1388 1389 1694 3326 [3060 109] 858 1602 [1668 110] 2593 1703 3001 2996 [2999 111] 2996 2997 2433 2078 468 1247 [1429 112] 1247 1065 [2079 113] 245 181 [252 114] 1944 2244 459 2725 [2912 115] 2725 459 3035 [1029 116] 627 [3447 117] 627 1029 1339 1185 [1335 118] 1185 1339 472 373 729 [2787 119] 729 373 [3202 120] 373 [2765 121] 1020 581 [2766 122] 581 1443 [466 123] 1443 581 1020 2765 373 [2091 124] [2053 125] 1369 2036 [1727 126] 2036 1369 1455 2041 1847 1838 1396 [666 127] [443 128] 936 1817 [1825 129] 1817 1820 2664 1518 1515 [1520 130] 1515 1516 2207 2854 [3055 131] 2854 2207 1516 1515 1245 [482 132] [1245 133] [496 134] 1245 482 2492 2267 2541 991 3383 3385 [532 135] 1917 1863 [3380 136] 2651 1697 [3603 137] 1697 2272 2883 [2216 138] 2883 2839 [3221 139] 2839 [2883 140] 2272 [2570 141] 2272 2883 3313 3270 [1670 142] 2845 664 [1750 143] [2195 144] 2687 2507 454 347 [458 145] 3603 1697 2272 2883 [2839 146] 3221 216 715 [578 147] [715 148] 2122 1657 [36 149] 3055 2854 3054 1465 986 636 2217 3211 2566 [1273 150] [2566 151] 3211 3590 3009 [2421 152] 2376 1557 [2773 153] 1695 [378 154] 2492 2267 2541 954 [1925 155] 954 3780 [3090 156] 2375 1324 1093 2049 1370 [716 157] 1370 2049 3209 [650 158] 3491 2699 [3108 159] 2699 3491 3280 [3780 160] 954 1099 2997 [1751 161] 2997 2572 1371 [1072 162] 1371 2572 2997 [2433 163] 2997 [2572 164] [1646 165] 2498 230 923 922 934 [1790 166] 934 922 923 [460 167] 923 1033 1841 2003 [3885 168] 1959 1272 [2270 169] 90 [409 170] 312 349 [2796 171] 560 3285 2674 2858 263 [1011 172] 263 2858 2674 1796 3300 391 [1847 173] 391 2026 2090 [2683 174] 2090 2827 2603 1073 665 3787 [2202 175] 3787 2606 [227 176] 1516 2209 513 1838 1841 [792 177] 1841 2864 3443 [589 178] 375 178 [816 179] 178 1241 3805 2834 1475 [486 180] 1475 2196 [2011 181] 814 [3169 182] 814 2011 2498 230 [299 183] 145 2158 [319 184] [1136 185] 3198 3322 1460 [1358 186] [3002 187] 2124 3789 3347 [2211 188] [3291 189] 2211 810 2265 364 [3605 190] 1116 [1571 191] 1608 1601 1604 1472 [591 192] 2483 810 1694 [3494 193] 1694 [2482 194] 1694 1389 3054 2854 [1209 195] 2467 2549 2607 [109 196] 2607 2855 2681 38 [3920 197] 38 2975 134 3285 [2674 198] 1796 1238 3003 2996 2276 [2675 199] [2980 200] 2831 T
1452
2060 3344 235 2841 2983 1882 [3383 31] 1688 [92 32] 166 1654 3063 [3052 33] 2854 2207 1516 2209 513 [1286 34] 513 2209 1516 [2207 35] 1516 2209 513 2584 [3510 36] 2384 3344 [1305 37] 3344 [1104 38] 3344 1305 [1497 39] 2854 2207 1516 227 2606 3787 2202 [902 40] 1016 2525 2645 [3639 41] 2848 252 1944 1368 3341 [1579 42] 3341 1368 [1944 43] 252 2848 2825 1180 [1560 44] 255 2550 3490 1070 [2104 45] 599 [615 46] 851 133 1128 3083 2697 3327 736 [3102 47] 1398 2996 [2329 48] 3642 [2188 49] 3642 2329 3742 3525 905 1619 1624 [2398 50] [1624 51] 1619 1844 1212 [721 52] 3524 2211 3626 [2192 53] 3626 3234 [903 54] 2840 2304 3362 [2977 55] 2877 3766 [986 56] 1465 3054 1389 [1694 57] 1389 3054 2854 3055 3721 2112 [54 58] 2112 [3310 59] 46 1460 241 [2650 60] 241 1460 1446 1462 1845 3241 3774 [278 61] [3774 62] 3241 552 3072 [2018 63] 733 3143 2339 3216 2883 2272 [2498 64] 2272 2883 3313 3270 [3428 65] [186 66] 2691 2670 600 [1354 67] 600 3675 [1518 68] 1515 1245 482 276 1025 2483 591 [660 69] 591 1472 [1604 70] 1472 [688 71] 1472 591 660 280 3638 [504 72] 2975 2753 2196 2996 [2276 73] 2996 2196 2011 [3531 74] 2149 263 2858 [2301 75] 2858 263 2149 1983 [848 76] 3877 [1239 77] 3035 459 2244 2883 3313 3270 3428 [2131 78] 2882 1890 748 2619 2621 [3647 79] 2621 2619 2009 2598 2202 3787 665 [2511 80] [3490 81] 2550 1365 [2989 82] 1615 1830 1139 119 [789 83] 3063 [2198 84] [3063 85] 3052 2854 1965 [3423 86] 371 2337 1565 672 262 [2077 87] [262 88] 2374 1655 2850 3361 3735 [96 89] 1421 [3658 90] 1390 1388 1392 2739 1561 [3652 91] 1561 188 3423 371 2337 [1565 92] 1568 2209 1516 [1749 93] 1516 227 221 224 2745 [3018 94] [2745 95] 3571 1988 1971 1978 [55 96] 1978 1971 [1983 97] 1286 513 [3085 98] 513 2209 1516 2207 3341 724 [2942 99] [724 100] 3341 1368 [1021 101] 1994 [855 102] [2506 103] 855 1917 532 3132 [2987 104] 3132 532 3385 2163 [479 105] 1944 [2244 106] 459 [3035 107] 1029 3658 1390 [664 108] 1390 1388 1389 1694 3326 [3060 109] 858 1602 [1668 110] 2593 1703 3001 2996 [2999 111] 2996 2997 2433 2078 468 1247 [1429 112] 1247 1065 [2079 113] 245 181 [252 114] 1944 2244 459 2725 [2912 115] 2725 459 3035 [1029 116] 627 [3447 117] 627 1029 1339 1185 [1335 118] 1185 1339 472 373 729 [2787 119] 729 373 [3202 120] 373 [2765 121] 1020 581 [2766 122] 581 1443 [466 123] 1443 581 1020 2765 373 [2091 124] [2053 125] 1369 2036 [1727 126] 2036 1369 1455 2041 1847 1838 1396 [666 127] [443 128] 936 1817 [1825 129] 1817 1820 2664 1518 1515 [1520 130] 1515 1516 2207 2854 [3055 131] 2854 2207 1516 1515 1245 [482 132] [1245 133] [496 134] 1245 482 2492 2267 2541 991 3383 3385 [532 135] 1917 1863 [3380 136] 2651 1697 [3603 137] 1697 2272 2883 [2216 138] 2883 2839 [3221 139] 2839 [2883 140] 2272 [2570 141] 2272 2883 3313 3270 [1670 142] 2845 664 [1750 143] [2195 144] 2687 2507 454 347 [458 145] 3603 1697 2272 2883 [2839 146] 3221 216 715 [578 147] [715 148] 2122 1657 [36 149] 3055 2854 3054 1465 986 636 2217 3211 2566 [1273 150] [2566 151] 3211 3590 3009 [2421 152] 2376 1557 [2773 153] 1695 [378 154] 2492 2267 2541 954 [1925 155] 954 3780 [3090 156] 2375 1324 1093 2049 1370 [716 157] 1370 2049 3209 [650 158] 3491 2699 [3108 159] 2699 3491 3280 [3780 160] 954 1099 2997 [1751 161] 2997 2572 1371 [1072 162] 1371 2572 2997 [2433 163] 2997 [2572 164] [1646 165] 2498 230 923 922 934 [1790 166] 934 922 923 [460 167] 923 1033 1841 2003 [3885 168] 1959 1272 [2270 169] 90 [409 170] 312 349 [2796 171] 560 3285 2674 2858 263 [1011 172] 263 2858 2674 1796 3300 391 [1847 173] 391 2026 2090 [2683 174] 2090 2827 2603 1073 665 3787 [2202 175] 3787 2606 [227 176] 1516 2209 513 1838 1841 [792 177] 1841 2864 3443 [589 178] 375 178 [816 179] 178 1241 3805 2834 1475 [486 180] 1475 2196 [2011 181] 814 [3169 182] 814 2011 2498 230 [299 183] 145 2158 [319 184] [1136 185] 3198 3322 1460 [1358 186] [3002 187] 2124 3789 3347 [2211 188] [3291 189] 2211 810 2265 364 [3605 190] 1116 [1571 191] 1608 1601 1604 1472 [591 192] 2483 810 1694 [3494 193] 1694 [2482 194] 1694 1389 3054 2854 [1209 195] 2467 2549 2607 [109 196] 2607 2855 2681 38 [3920 197] 38 2975 134 3285 [2674 198] 1796 1238 3003 2996 2276 [2675 199] [2980 200] 2831 T
1451
656 200 993 [92 32] 166 1654 3063 [3052 33] 2854 2207 1516 2209 513 [1286 34] 513 2209 1516 [2207 35] 1516 2209 513 2584 [3510 36] 2384 3344 [1305 37] 3344 [1104 38] 3344 1305 [1497 39] 2854 2207 1516 227 2606 3787 2202 [902 40] 1016 2525 2645 [3639 41] 2848 252 1944 1368 3341 [1579 42] 3341 1368 [1944 43] 252 2848 2825 1180 [1560 44] 255 2550 3490 1070 [2104 45] 599 [615 46] 851 133 1128 3083 2697 3327 736 [3102 47] 1398 2996 [2329 48] 3642 [2188 49] 3642 2329 3742 3525 905 1619 1624 [2398 50] [1624 51] 1619 1844 1212 [721 52] 3524 2211 3626 [2192 53] 3626 3234 [903 54] 2840 2304 3362 [2977 55] 2877 3766 [986 56] 1465 3054 1389 [1694 57] 1389 3054 2854 3055 3721 2112 [54 58] 2112 [3310 59] 46 1460 241 [2650 60] 241 1460 1446 1462 1845 3241 3774 [278 61] [3774 62] 3241 552 3072 [2018 63] 733 3143 2339 3216 2883 2272 [2498 64] 2272 2883 3313 3270 [3428 65] [186 66] 2691 2670 600 [1354 67] 600 3675 [1518 68] 1515 1245 482 276 1025 2483 591 [660 69] 591 1472 [1604 70] 1472 [688 71] 1472 591 660 280 3638 [504 72] 2975 2753 2196 2996 [2276 73] 2996 2196 2011 [3531 74] 2149 263 2858 [2301 75] 2858 263 2149 1983 [848 76] 3877 [1239 77] 3035 459 2244 2883 3313 3270 3428 [2131 78] 2882 1890 748 2619 2621 [3647 79] 2621 2619 2009 2598 2202 3787 665 [2511 80] [3490 81] 2550 1365 [2989 82] 1615 1830 1139 119 [789 83] 3063 [2198 84] [3063 85] 3052 2854 1965 [3423 86] 371 2337 1565 672 262 [2077 87] [262 88] 2374 1655 2850 3361 3735 [96 89] 1421 [3658 90] 1390 1388 1392 2739 1561 [3652 91] 1561 188 3423 371 2337 [1565 92] 1568 2209 1516 [1749 93] 1516 227 221 224 2745 [3018 94] [2745 95] 3571 1988 1971 1978 [55 96] 1978 1971 [1983 97] 1286 513 [3085 98] 513 2209 1516 2207 3341 724 [2942 99] [724 100] 3341 1368 [1021 101] 1994 [855 102] [2506 103] 855 1917 532 3132 [2987 104] 3132 532 3385 2163 [479 105] 1944 [2244 106] 459 [3035 107] 1029 3658 1390 [664 108] 1390 1388 1389 1694 3326 [3060 109] 858 1602 [1668 110] 2593 1703 3001 2996 [2999 111] 2996 2997 2433 2078 468 1247 [1429 112] 1247 1065 [2079 113] 245 181 [252 114] 1944 2244 459 2725 [2912 115] 2725 459 3035 [1029 116] 627 [3447 117] 627 1029 1339 1185 [1335 118] 1185 1339 472 373 729 [2787 119] 729 373 [3202 120] 373 [2765 121] 1020 581 [2766 122] 581 1443 [466 123] 1443 581 1020 2765 373 [2091 124] [2053 125] 1369 2036 [1727 126] 2036 1369 1455 2041 1847 1838 1396 [666 127] [443 128] 936 1817 [1825 129] 1817 1820 2664 1518 1515 [1520 130] 1515 1516 2207 2854 [3055 131] 2854 2207 1516 1515 1245 [482 132] [1245 133] [496 134] 1245 482 2492 2267 2541 991 3383 3385 [532 135] 1917 1863 [3380 136] 2651 1697 [3603 137] 1697 2272 2883 [2216 138] 2883 2839 [3221 139] 2839 [2883 140] 2272 [2570 141] 2272 2883 3313 3270 [1670 142] 2845 664 [1750 143] [2195 144] 2687 2507 454 347 [458 145] 3603 1697 2272 2883 [2839 146] 3221 216 715 [578 147] [715 148] 2122 1657 [36 149] 3055 2854 3054 1465 986 636 2217 3211 2566 [1273 150] [2566 151] 3211 3590 3009 [2421 152] 2376 1557 [2773 153] 1695 [378 154] 2492 2267 2541 954 [1925 155] 954 3780 [3090 156] 2375 1324 1093 2049 1370 [716 157] 1370 2049 3209 [650 158] 3491 2699 [3108 159] 2699 3491 3280 [3780 160] 954 1099 2997 [1751 161] 2997 2572 1371 [1072 162] 1371 2572 2997 [2433 163] 2997 [2572 164] [1646 165] 2498 230 923 922 934 [1790 166] 934 922 923 [460 167] 923 1033 1841 2003 [3885 168] 1959 1272 [2270 169] 90 [409 170] 312 349 [2796 171] 560 3285 2674 2858 263 [1011 172] 263 2858 2674 1796 3300 391 [1847 173] 391 2026 2090 [2683 174] 2090 2827 2603 1073 665 3787 [2202 175] 3787 2606 [227 176] 1516 2209 513 1838 1841 [792 177] 1841 2864 3443 [589 178] 375 178 [816 179] 178 1241 3805 2834 1475 [486 180] 1475 2196 [2011 181] 814 [3169 182] 814 2011 2498 230 [299 183] 145 2158 [319 184] [1136 185] 3198 3322 1460 [1358 186] [3002 187] 2124 3789 3347 [2211 188] [3291 189] 2211 810 2265 364 [3605 190] 1116 [1571 191] 1608 1601 1604 1472 [591 192] 2483 810 1694 [3494 193] 1694 [2482 194] 1694 1389 3054 2854 [1209 195] 2467 2549 2607 [109 196] 2607 2855 2681 38 [3920 197] 38 2975 134 3285 [2674 198] 1796 1238 3003 2996 2276 [2675 199] [2980 200] 2831 T
1452
710 143 2941 526 1920 [85 33] 1920 [526 34] [540 35] 539 [542 36] 850 1871 502 3344 [1305 37] 3344 [1104 38] 3344 1305 [1497 39] 2854 2207 1516 227 2606 3787 2202 [902 40] 1016 2525 2645 [3639 41] 2848 252 1944 1368 3341 [1579 42] 3341 1368 [1944 43] 252 2848 2825 1180 [1560 44] 255 2550 3490 1070 [2104 45] 599 [615 46] 851 133 1128 3083 2697 3327 736 [3102 47] 1398 2996 [2329 48] 3642 [2188 49] 3642 2329 3742 3525 905 1619 1624 [2398 50] [1624 51] 1619 1844 1212 [721 52] 3524 2211 3626 [2192 53] 3626 3234 [903 54] 2840 2304 3362 [2977 55] 2877 3766 [986 56] 1465 3054 1389 [1694 57] 1389 3054 2854 3055 3721 2112 [54 58] 2112 [3310 59] 46 1460 241 [2650 60] 241 1460 1446 1462 1845 3241 3774 [278 61] [3774 62] 3241 552 3072 [2018 63] 733 3143 2339 3216 2883 2272 [2498 64] 2272 2883 3313 3270 [3428 65] [186 66] 2691 2670 600 [1354 67] 600 3675 [1518 68] 1515 1245 482 276 1025 2483 591 [660 69] 591 1472 [1604 70] 1472 [688 71] 1472 591 660 280 3638 [504 72] 2975 2753 2196 2996 [2276 73] 2996 2196 2011 [3531 74] 2149 263 2858 [2301 75] 2858 263 2149 1983 [848 76] 3877 [1239 77] 3035 459 2244 2883 3313 3270 3428 [2131 78] 2882 1890 748 2619 2621 [3647 79] 2621 2619 2009 2598 2202 3787 665 [2511 80] [3490 81] 2550 1365 [2989 82] 1615 1830 1139 119 [789 83] 3063 [2198 84] [3063 85] 3052 2854 1965 [3423 86] 371 2337 1565 672 262 [2077 87] [262 88] 2374 1655 2850 3361 3735 [96 89] 1421 [3658 90] 1390 1388 1392 2739 1561 [3652 91] 1561 188 3423 371 2337 [1565 92] 1568 2209 1516 [1749 93] 1516 227 221 224 2745 [3018 94] [2745 95] 3571 1988 1971 1978 [55 96] 1978 1971 [1983 97] 1286 513 [3085 98] 513 2209 1516 2207 3341 724 [2942 99] [724 100] 3341 1368 [1021 101] 1994 [855 102] [2506 103] 855 1917 532 3132 [2987 104] 3132 532 3385 2163 [479 105] 1944 [2244 106] 459 [3035 107] 1029 3658 1390 [664 108] 1390 1388 1389 1694 3326 [3060 109] 858 1602 [1668 110] 2593 1703 3001 2996 [2999 111] 2996 2997 2433 2078 468 1247 [1429 112] 1247 1065 [2079 113] 245 181 [252 114] 1944 2244 459 2725 [2912 115] 2725 459 3035 [1029 116] 627 [3447 117] 627 1029 1339 1185 [1335 118] 1185 1339 472 373 729 [2787 119] 729 373 [3202 120] 373 [2765 121] 1020 581 [2766 122] 581 1443 [466 123] 1443 581 1020 2765 373 [2091 124] [2053 125] 1369 2036 [1727 126] 2036 1369 1455 2041 1847 1838 1396 [666 127] [443 128] 936 1817 [1825 129] 1817 1820 2664 1518 1515 [1520 130] 1515 1516 2207 2854 [3055 131] 2854 2207 1516 1515 1245 [482 132] [1245 133] [496 134] 1245 482 2492 2267 2541 991 3383 3385 [532 135] 1917 1863 [3380 136] 2651 1697 [3603 137] 1697 2272 2883 [2216 138] 2883 2839 [3221 139] 2839 [2883 140] 2272 [2570 141] 2272 2883 3313 3270 [1670 142] 2845 664 [1750 143] [2195 144] 2687 2507 454 347 [458 145] 3603 1697 2272 2883 [2839 146] 3221 216 715 [578 147] [715 148] 2122 1657 [36 149] 3055 2854 3054 1465 986 636 2217 3211 2566 [1273 150] [2566 151] 3211 3590 3009 [2421 152] 2376 1557 [2773 153] 1695 [378 154] 2492 2267 2541 954 [1925 155] 954 3780 [3090 156] 2375 1324 1093 2049 1370 [716 157] 1370 2049 3209 [650 158] 3491 2699 [3108 159] 2699 3491 3280 [3780 160] 954 1099 2997 [1751 161] 2997 2572 1371 [1072 162] 1371 2572 2997 [2433 163] 2997 [2572 164] [1646 165] 2498 230 923 922 934 [1790 166] 934 922 923 [460 167] 923 1033 1841 2003 [3885 168] 1959 1272 [2270 169] 90 [409 170] 312 349 [2796 171] 560 3285 2674 2858 263 [1011 172] 263 2858 2674 1796 3300 391 [1847 173] 391 2026 2090 [2683 174] 2090 2827 2603 1073 665 3787 [2202 175] 3787 2606 [227 176] 1516 2209 513 1838 1841 [792 177] 1841 2864 3443 [589 178] 375 178 [816 179] 178 1241 3805 2834 1475 [486 180] 1475 2196 [2011 181] 814 [3169 182] 814 2011 2498 230 [299 183] 145 2158 [319 184] [1136 185] 3198 3322 1460 [1358 186] [3002 187] 2124 3789 3347 [2211 188] [3291 189] 2211 810 2265 364 [3605 190] 1116 [1571 191] 1608 1601 1604 1472 [591 192] 2483 810 1694 [3494 193] 1694 [2482 194] 1694 1389 3054 2854 [1209 195] 2467 2549 2607 [109 196] 2607 2855 2681 38 [3920 197] 38 2975 134 3285 [2674 198] 1796 1238 3003 2996 2276 [2675 199] [2980 200] 2831 T
1446
526 2941 2859 [1286 34] 513 2209 1516 [2207 35] 1516 2209 513 2584 [3510 36] 2384 3344 [1305 37] 3344 [1104 38] 3344 1305 [1497 39] 2854 2207 1516 227 2606 3787 2202 [902 40] 1016 2525 2645 [3639 41] 2848 252 1944 1368 3341 [1579 42] 3341 1368 [1944 43] 252 2848 2825 1180 [1560 44] 255 2550 3490 1070 [2104 45] 599 [615 46] 851 133 1128 3083 2697 3327 736 [3102 47] 1398 2996 [2329 48] 3642 [2188 49] 3642 2329 3742 3525 905 1619 1624 [2398 50] [1624 51] 1619 1844 1212 [721 52] 3524 2211 3626 [2192 53] 3626 3234 [903 54] 2840 2304 3362 [2977 55] 2877 3766 [986 56] 1465 3054 1389 [1694 57] 1389 3054 2854 3055 3721 2112 [54 58] 2112 [3310 59] 46 1460 241 [2650 60] 241 1460 1446 1462 1845 3241 3774 [278 61] [3774 62] 3241 552 3072 [2018 63] 733 3143 2339 3216 2883 2272 [2498 64] 2272 2883 3313 3270 [3428 65] [186 66] 2691 2670 600 [1354 67] 600 3675 [1518 68] 1515 1245 482 276 1025 2483 591 [660 69] 591 1472 [1604 70] 1472 [688 71] 1472 591 660 280 3638 [504 72] 2975 2753 2196 2996 [2276 73] 2996 2196 2011 [3531 74] 2149 263 2858 [2301 75] 2858 263 2149 1983 [848 76] 3877 [1239 77] 3035 459 2244 2883 3313 3270 3428 [2131 78] 2882 1890 748 2619 2621 [3647 79] 2621 2619 2009 2598 2202 3787 665 [2511 80] [3490 81] 2550 1365 [2989 82] 1615 1830 1139 119 [789 83] 3063 [2198 84] [3063 85] 3052 2854 1965 [3423 86] 371 2337 1565 672 262 [2077 87] [262 88] 2374 1655 2850 3361 3735 [96 89] 1421 [3658 90] 1390 1388 1392 2739 1561 [3652 91] 1561 188 3423 371 2337 [1565 92] 1568 2209 1516 [1749 93] 1516 227 221 224 2745 [3018 94] [2745 95] 3571 1988 1971 1978 [55 96] 1978 1971 [1983 97] 1286 513 [3085 98] 513 2209 1516 2207 3341 724 [2942 99] [724 100] 3341 1368 [1021 101] 1994 [855 102] [2506 103] 855 1917 532 3132 [2987 104] 3132 532 3385 2163 [479 105] 1944 [2244 106] 459 [3035 107] 1029 3658 1390 [664 108] 1390 1388 1389 1694 3326 [3060 109] 858 1602 [1668 110] 2593 1703 3001 2996 [2999 111] 2996 2997 2433 2078 468 1247 [1429 112] 1247 1065 [2079 113] 245 181 [252 114] 1944 2244 459 2725 [2912 115] 2725 459 3035 [1029 116] 627 [3447 117] 627 1029 1339 1185 [1335 118] 1185 1339 472 373 729 [2787 119] 729 373 [3202 120] 373 [2765 121] 1020 581 [2766 122] 581 1443 [466 123] 1443 581 1020 2765 373 [2091 124] [2053 125] 1369 2036 [1727 126] 2036 1369 1455 2041 1847 1838 1396 [666 127] [443 128] 936 1817 [1825 129] 1817 1820 2664 1518 1515 [1520 130] 1515 1516 2207 2854 [3055 131] 2854 2207 1516 1515 1245 [482 132] [1245 133] [496 134] 1245 482 2492 2267 2541 991 3383 3385 [532 135] 1917 1863 [3380 136] 2651 1697 [3603 137] 1697 2272 2883 [2216 138] 2883 2839 [3221 139] 2839 [2883 140] 2272 [2570 141] 2272 2883 3313 3270 [1670 142] 2845 664 [1750 143] [2195 144] 2687 2507 454 347 [458 145] 3603 1697 2272 2883 [2839 146] 3221 216 715 [578 147] [715 148] 2122 1657 [36 149] 3055 2854 3054 1465 986 636 2217 3211 2566 [1273 150] [2566 151] 3211 3590 3009 [2421 152] 2376 1557 [2773 153] 1695 [378 154] 2492 2267 2541 954 [1925 155] 954 3780 [3090 156] 2375 1324 1093 2049 1370 [716 157] 1370 2049 3209 [650 158] 3491 2699 [3108 159] 2699 3491 3280 [3780 160] 954 1099 2997 [1751 161] 2997 2572 1371 [1072 162] 1371 2572 2997 [2433 163] 2997 [2572 164] [1646 165] 2498 230 923 922 934 [1790 166] 934 922 923 [460 167] 923 1033 1841 2003 [3885 168] 1959 1272 [2270 169] 90 [409 170] 312 349 [2796 171] 560 3285 2674 2858 263 [1011 172] 263 2858 2674 1796 3300 391 [1847 173] 391 2026 2090 [2683 174] 2090 2827 2603 1073 665 3787 [2202 175] 3787 2606 [227 176] 1516 2209 513 1838 1841 [792 177] 1841 2864 3443 [589 178] 375 178 [816 179] 178 1241 3805 2834 1475 [486 180] 1475 2196 [2011 181] 814 [3169 182] 814 2011 2498 230 [299 183] 145 2158 [319 184] [1136 185] 3198 3322 1460 [1358 186] [3002 187] 2124 3789 3347 [2211 188] [3291 189] 2211 810 2265 364 [3605 190] 1116 [1571 191] 1608 1601 1604 1472 [591 192] 2483 810 1694 [3494 193] 1694 [2482 194] 1694 1389 3054 2854 [1209 195] 2467 2549 2607 [109 196] 2607 2855 2681 38 [3920 197] 38 2975 134 3285 [2674 198] 1796 1238 3003 2996 2276 [2675 199] [2980 200] 2831 T
1447
540 526 2984 1956 130 [2806 35] [130 36] 2806 2983 2841 235 3344 [1305 37] 3344 [1104 38] 3344 1305 [1497 39] 2854 2207 1516 227 2606 3787 2202 [902 40] 1016 2525 2645 [3639 41] 2848 252 1944 1368 3341 [1579 42] 3341 1368 [1944 43] 252 2848 2825 1180 [1560 44] 255 2550 3490 1070 [2104 45] 599 [615 46] 851 133 1128 3083 2697 3327 736 [3102 47] 1398 2996 [2329 48] 3642 [2188 49] 3642 2329 3742 3525 905 1619 1624 [2398 50] [1624 51] 1619 1844 1212 [721 52] 3524 2211 3626 [2192 53] 3626 3234 [903 54] 2840 2304 3362 [2977 55] 2877 3766 [986 56] 1465 3054 1389 [1694 57] 1389 3054 2854 3055 3721 2112 [54 58] 2112 [3310 59] 46 1460 241 [2650 60] 241 1460 1446 1462 1845 3241 3774 [278 61] [3774 62] 3241 552 3072 [2018 63] 733 3143 2339 3216 2883 2272 [2498 64] 2272 2883 3313 3270 [3428 65] [186 66] 2691 2670 600 [1354 67] 600 3675 [1518 68] 1515 1245 482 276 1025 2483 591 [660 69] 591 1472 [1604 70] 1472 [688 71] 1472 591 660 280 3638 [504 72] 2975 2753 2196 2996 [2276 73] 2996 2196 2011 [3531 74] 2149 263 2858 [2301 75] 2858 263 2149 1983 [848 76] 3877 [1239 77] 3035 459 2244 2883 3313 3270 3428 [2131 78] 2882 1890 748 2619 2621 [3647 79] 2621 2619 2009 2598 2202 3787 665 [2511 80] [3490 81] 2550 1365 [2989 82] 1615 1830 1139 119 [789 83] 3063 [2198 84] [3063 85] 3052 2854 1965 [3423 86] 371 2337 1565 672 262 [2077 87] [262 88] 2374 1655 2850 3361 3735 [96 89] 1421 [3658 90] 1390 1388 1392 2739 1561 [3652 91] 1561 188 3423 371 2337 [1565 92] 1568 2209 1516 [1749 93] 1516 227 221 224 2745 [3018 94] [2745 95] 3571 1988 1971 1978 [55 96] 1978 1971 [1983 97] 1286 513 [3085 98] 513 2209 1516 2207 3341 724 [2942 99] [724 100] 3341 1368 [1021 101] 1994 [855 102] [2506 103] 855 1917 532 3132 [2987 104] 3132 532 3385 2163 [479 105] 1944 [2244 106] 459 [3035 107] 1029 3658 1390 [664 108] 1390 1388 1389 1694 3326 [3060 109] 858 1602 [1668 110] 2593 1703 3001 2996 [2999 111] 2996 2997 2433 2078 468 1247 [1429 112] 1247 1065 [2079 113] 245 181 [252 114] 1944 2244 459 2725 [2912 115] 2725 459 3035 [1029 116] 627 [3447 117] 627 1029 1339 1185 [1335 118] 1185 1339 472 373 729 [2787 119] 729 373 [3202 120] 373 [2765 121] 1020 581 [2766 122] 581 1443 [466 123] 1443 581 1020 2765 373 [2091 124] [2053 125] 1369 2036 [1727 126] 2036 1369 1455 2041 1847 1838 1396 [666 127] [443 128] 936 1817 [1825 129] 1817 1820 2664 1518 1515 [1520 130] 1515 1516 2207 2854 [3055 131] 2854 2207 1516 1515 1245 [482 132] [1245 133] [496 134] 1245 482 2492 2267 2541 991 3383 3385 [532 135] 1917 1863 [3380 136] 2651 1697 [3603 137] 1697 2272 2883 [2216 138] 2883 2839 [3221 139] 2839 [2883 140] 2272 [2570 141] 2272 2883 3313 3270 [1670 142] 2845 664 [1750 143] [2195 144] 2687 2507 454 347 [458 145] 3603 1697 2272 2883 [2839 146] 3221 216 715 [578 147] [715 148] 2122 1657 [36 149] 3055 2854 3054 1465 986 636 2217 3211 2566 [1273 150] [2566 151] 3211 3590 3009 [2421 152] 2376 1557 [2773 153] 1695 [378 154] 2492 2267 2541 954 [1925 155] 954 3780 [3090 156] 2375 1324 1093 2049 1370 [716 157] 1370 2049 3209 [650 158] 3491 2699 [3108 159] 2699 3491 3280 [3780 160] 954 1099 2997 [1751 161] 2997 2572 1371 [1072 162] 1371 2572 2997 [2433 163] 2997 [2572 164] [1646 165] 2498 230 923 922 934 [1790 166] 934 922 923 [460 167] 923 1033 1841 2003 [3885 168] 1959 1272 [2270 169] 90 [409 170] 312 349 [2796 171] 560 3285 2674 2858 263 [1011 172] 263 2858 2674 1796 3300 391 [1847 173] 391 2026 2090 [2683 174] 2090 2827 2603 1073 665 3787 [2202 175] 3787 2606 [227 176] 1516 2209 513 1838 1841 [792 177] 1841 2864 3443 [589 178] 375 178 [816 179] 178 1241 3805 2834 1475 [486 180] 1475 2196 [2011 181] 814 [3169 182] 814 2011 2498 230 [299 183] 145 2158 [319 184] [1136 185] 3198 3322 1460 [1358 186] [3002 187] 2124 3789 3347 [2211 188] [3291 189] 2211 810 2265 364 [3605 190] 1116 [1571 191] 1608 1601 1604 1472 [591 192] 2483 810 1694 [3494 193] 1694 [2482 194] 1694 1389 3054 2854 [1209 195] 2467 2549 2607 [109 196] 2607 2855 2681 38 [3920 197] 38 2975 134 3285 [2674 198] 1796 1238 3003 2996 2276 [2675 199] [2980 200] 2831 T
1445
542 [3528 36] 3473 502 3344 [1305 37] 3344 [1104 38] 3344 1305 [1497 39] 2854 2207 1516 227 2606 3787 2202 [902 40] 1016 2525 2645 [3639 41] 2848 252 1944 1368 3341 [1579 42] 3341 1368 [1944 43] 252 2848 2825 1180 [1560 44] 255 2550 3490 1070 [2104 45] 599 [615 46] 851 133 1128 3083 2697 3327 736 [3102 47] 1398 2996 [2329 48] 3642 [2188 49] 3642 2329 3742 3525 905 1619 1624 [2398 50] [1624 51] 1619 1844 1212 [721 52] 3524 2211 3626 [2192 53] 3626 3234 [903 54] 2840 2304 3362 [2977 55] 2877 3766 [986 56] 1465 3054 1389 [1694 57] 1389 3054 2854 3055 3721 2112 [54 58] 2112 [3310 59] 46 1460 241 [2650 60] 241 1460 1446 1462 1845 3241 3774 [278 61] [3774 62] 3241 552 3072 [2018 63] 733 3143 2339 3216 2883 2272 [2498 64] 2272 2883 3313 3270 [3428 65] [186 66] 2691 2670 600 [1354 67] 600 3675 [1518 68] 1515 1245 482 276 1025 2483 591 [660 69] 591 1472 [1604 70] 1472 [688 71] 1472 591 660 280 3638 [504 72] 2975 2753 2196 2996 [2276 73] 2996 2196 2011 [3531 74] 2149 263 2858 [2301 75] 2858 263 2149 1983 [848 76] 3877 [1239 77] 3035 459 2244 2883 3313 3270 3428 [2131 78] 2882 1890 748 2619 2621 [3647 79] 2621 2619 2009 2598 2202 3787 665 [2511 80] [3490 81] 2550 1365 [2989 82] 1615 1830 1139 119 [789 83] 3063 [2198 84] [3063 85] 3052 2854 1965 [3423 86] 371 2337 1565 672 262 [2077 87] [262 88] 2374 1655 2850 3361 3735 [96 89] 1421 [3658 90] 1390 1388 1392 2739 1561 [3652 91] 1561 188 3423 371 2337 [1565 92] 1568 2209 1516 [1749 93] 1516 227 221 224 2745 [3018 94] [2745 95] 3571 1988 1971 1978 [55 96] 1978 1971 [1983 97] 1286 513 [3085 98] 513 2209 1516 2207 3341 724 [2942 99] [724 100] 3341 1368 [1021 101] 1994 [855 102] [2506 103] 855 1917 532 3132 [2987 104] 3132 532 3385 2163 [479 105] 1944 [2244 106] 459 [3035 107] 1029 3658 1390 [664 108] 1390 1388 1389 1694 3326 [3060 109] 858 1602 [1668 110] 2593 1703 3001 2996 [2999 111] 2996 2997 2433 2078 468 1247 [1429 112] 1247 1065 [2079 113] 245 181 [252 114] 1944 2244 459 2725 [2912 115] 2725 459 3035 [1029 116] 627 [3447 117] 627 1029 1339 1185 [1335 118] 1185 1339 472 373 729 [2787 119] 729 373 [3202 120] 373 [2765 121] 1020 581 [2766 122] 581 1443 [466 123] 1443 581 1020 2765 373 [2091 124] [2053 125] 1369 2036 [1727 126] 2036 1369 1455 2041 1847 1838 1396 [666 127] [443 128] 936 1817 [1825 129] 1817 1820 2664 1518 1515 [1520 130] 1515 1516 2207 2854 [3055 131] 2854 2207 1516 1515 1245 [482 132] [1245 133] [496 134] 1245 482 2492 2267 2541 991 3383 3385 [532 135] 1917 1863 [3380 136] 2651 1697 [3603 137] 1697 2272 2883 [2216 138] 2883 2839 [3221 139] 2839 [2883 140] 2272 [2570 141] 2272 2883 3313 3270 [1670 142] 2845 664 [1750 143] [2195 144] 2687 2507 454 347 [458 145] 3603 1697 2272 2883 [2839 146] 3221 216 715 [578 147] [715 148] 2122 1657 [36 149] 3055 2854 3054 1465 986 636 2217 3211 2566 [1273 150] [2566 151] 3211 3590 3009 [2421 152] 2376 1557 [2773 153] 1695 [378 154] 2492 2267 2541 954 [1925 155] 954 3780 [3090 156] 2375 1324 1093 2049 1370 [716 157] 1370 2049 3209 [650 158] 3491 2699 [3108 159] 2699 3491 3280 [3780 160] 954 1099 2997 [1751 161] 2997 2572 1371 [1072 162] 1371 2572 2997 [2433 163] 2997 [2572 164] [1646 165] 2498 230 923 922 934 [1790 166] 934 922 923 [460 167] 923 1033 1841 2003 [3885 168] 1959 1272 [2270 169] 90 [409 170] 312 349 [2796 171] 560 3285 2674 2858 263 [1011 172] 263 2858 2674 1796 3300 391 [1847 173] 391 2026 2090 [2683 174] 2090 2827 2603 1073 665 3787 [2202 175] 3787 2606 [227 176] 1516 2209 513 1838 1841 [792 177] 1841 2864 3443 [589 178] 375 178 [816 179] 178 1241 3805 2834 1475 [486 180] 1475 2196 [2011 181] 814 [3169 182] 814 2011 2498 230 [299 183] 145 2158 [319 184] [1136 185] 3198 3322 1460 [1358 186] [3002 187] 2124 3789 3347 [2211 188] [3291 189] 2211 810 2265 364 [3605 190] 1116 [1571 191] 1608 1601 1604 1472 [591 192] 2483 810 1694 [3494 193] 1694 [2482 194] 1694 1389 3054 2854 [1209 195] 2467 2549 2607 [109 196] 2607 2855 2681 38 [3920 197] 38 2975 134 3285 [2674 198] 1796 1238 3003 2996 2276 [2675 199] [2980 200] 2831 T
1457
1305 3344 535 [1025 37] 276 482 797 3583 [2840 38] 2636 [2050 39] 2636 3018 2745 120 [335 40] 175 2848 [3639 41] 2848 252 1944 1368 3341 [1579 42] 3341 1368 [1944 43] 252 2848 2825 1180 [1560 44] 255 2550 3490 1070 [2104 45] 599 [615 46] 851 133 1128 3083 2697 3327 736 [3102 47] 1398 2996 [2329 48] 3642 [2188 49] 3642 2329 3742 3525 905 1619 1624 [2398 50] [1624 51] 1619 1844 1212 [721 52] 3524 2211 3626 [2192 53] 3626 3234 [903 54] 2840 2304 3362 [2977 55] 2877 3766 [986 56] 1465 3054 1389 [1694 57] 1389 3054 2854 3055 3721 2112 [54 58] 2112 [3310 59] 46 1460 241 [2650 60] 241 1460 1446 1462 1845 3241 3774 [278 61] [3774 62] 3241 552 3072 [2018 63] 733 3143 2339 3216 2883 2272 [2498 64] 2272 2883 3313 3270 [3428 65] [186 66] 2691 2670 600 [1354 67] 600 3675 [1518 68] 1515 1245 482 276 1025 2483 591 [660 69] 591 1472 [1604 70] 1472 [688 71] 1472 591 660 280 3638 [504 72] 2975 2753 2196 2996 [2276 73] 2996 2196 2011 [3531 74] 2149 263 2858 [2301 75] 2858 263 2149 1983 [848 76] 3877 [1239 77] 3035 459 2244 2883 3313 3270 3428 [2131 78] 2882 1890 748 2619 2621 [3647 79] 2621 2619 2009 2598 2202 3787 665 [2511 80] [3490 81] 2550 1365 [2989 82] 1615 1830 1139 119 [789 83] 3063 [2198 84] [3063 85] 3052 2854 1965 [3423 86] 371 2337 1565 672 262 [2077 87] [262 88] 2374 1655 2850 3361 3735 [96 89] 1421 [3658 90] 1390 1388 1392 2739 1561 [3652 91] 1561 188 3423 371 2337 [1565 92] 1568 2209 1516 [1749 93] 1516 227 221 224 2745 [3018 94] [2745 95] 3571 1988 1971 1978 [55 96] 1978 1971 [1983 97] 1286 513 [3085 98] 513 2209 1516 2207 3341 724 [2942 99] [724 100] 3341 1368 [1021 101] 1994 [855 102] [2506 103] 855 1917 532 3132 [2987 104] 3132 532 3385 2163 [479 105] 1944 [2244 106] 459 [3035 107] 1029 3658 1390 [664 108] 1390 1388 1389 1694 3326 [3060 109] 858 1602 [1668 110] 2593 1703 3001 2996 [2999 111] 2996 2997 2433 2078 468 1247 [1429 112] 1247 1065 [2079 113] 245 181 [252 114] 1944 2244 459 2725 [2912 115] 2725 459 3035 [1029 116] 627 [3447 117] 627 1029 1339 1185 [1335 118] 1185 1339 472 373 729 [2787 119] 729 373 [3202 120] 373 [2765 121] 1020 581 [2766 122] 581 1443 [466 123] 1443 581 1020 2765 373 [2091 124] [2053 125] 1369 2036 [1727 126] 2036 1369 1455 2041 1847 1838 1396 [666 127] [443 128] 936 1817 [1825 129] 1817 1820 2664 1518 1515 [1520 130] 1515 1516 2207 2854 [3055 131] 2854 2207 1516 1515 1245 [482 132] [1245 133] [496 134] 1245 482 2492 2267 2541 991 3383 3385 [532 135] 1917 1863 [3380 136] 2651 1697 [3603 137] 1697 2272 2883 [2216 138] 2883 2839 [3221 139] 2839 [2883 140] 2272 [2570 141] 2272 2883 3313 3270 [1670 142] 2845 664 [1750 143] [2195 144] 2687 2507 454 347 [458 145] 3603 1697 2272 2883 [2839 146] 3221 216 715 [578 147] [715 148] 2122 1657 [36 149] 3055 2854 3054 1465 986 636 2217 3211 2566 [1273 150] [2566 151] 3211 3590 3009 [2421 152] 2376 1557 [2773 153] 1695 [378 154] 2492 2267 2541 954 [1925 155] 954 3780 [3090 156] 2375 1324 1093 2049 1370 [716 157] 1370 2049 3209 [650 158] 3491 2699 [3108 159] 2699 3491 3280 [3780 160] 954 1099 2997 [1751 161] 2997 2572 1371 [1072 162] 1371 2572 2997 [2433 163] 2997 [2572 164] [1646 165] 2498 230 923 922 934 [1790 166] 934 922 923 [460 167] 923 1033 1841 2003 [3885 168] 1959 1272 [2270 169] 90 [409 170] 312 349 [2796 171] 560 3285 2674 2858 263 [1011 172] 263 2858 2674 1796 3300 391 [1847 173] 391 2026 2090 [2683 174] 2090 2827 2603 1073 665 3787 [2202 175] 3787 2606 [227 176] 1516 2209 513 1838 1841 [792 177] 1841 2864 3443 [589 178] 375 178 [816 179] 178 1241 3805 2834 1475 [486 180] 1475 2196 [2011 181] 814 [3169 182] 814 2011 2498 230 [299 183] 145 2158 [319 184] [1136 185] 3198 3322 1460 [1358 186] [3002 187] 2124 3789 3347 [2211 188] [3291 189] 2211 810 2265 364 [3605 190] 1116 [1571 191] 1608 1601 1604 1472 [591 192] 2483 810 1694 [3494 193] 1694 [2482 194] 1694 1389 3054 2854 [1209 195] 2467 2549 2607 [109 196] 2607 2855 2681 38 [3920 197] 38 2975 134 3285 [2674 198] 1796 1238 3003 2996 2276 [2675 199] [2980 200] 2831 T
1455
1104 3344 1043 1023 1471 [1979 38] 2011 [3625 39] 2990 378 2492 3171 120 [335 40] 175 2848 [3639 41] 2848 252 1944 1368 3341 [1579 42] 3341 1368 [1944 43] 252 2848 2825 1180 [1560 44] 255 2550 3490 1070 [2104 45] 599 [615 46] 851 133 1128 3083 2697 3327 736 [3102 47] 1398 2996 [2329 48] 3642 [2188 49] 3642 2329 3742 3525 905 1619 1624 [2398 50] [1624 51] 1619 1844 1212 [721 52] 3524 2211 3626 [2192 53] 3626 3234 [903 54] 2840 2304 3362 [2977 55] 2877 3766 [986 56] 1465 3054 1389 [1694 57] 1389 3054 2854 3055 3721 2112 [54 58] 2112 [3310 59] 46 1460 241 [2650 60] 241 1460 1446 1462 1845 3241 3774 [278 61] [3774 62] 3241 552 3072 [2018 63] 733 3143 2339 3216 2883 2272 [2498 64] 2272 2883 3313 3270 [3428 65] [186 66] 2691 2670 600 [1354 67] 600 3675 [1518 68] 1515 1245 482 276 1025 2483 591 [660 69] 591 1472 [1604 70] 1472 [688 71] 1472 591 660 280 3638 [504 72] 2975 2753 2196 2996 [2276 73] 2996 2196 2011 [3531 74] 2149 263 2858 [2301 75] 2858 263 2149 1983 [848 76] 3877 [1239 77] 3035 459 2244 2883 3313 3270 3428 [2131 78] 2882 1890 748 2619 2621 [3647 79] 2621 2619 2009 2598 2202 3787 665 [2511 80] [3490 81] 2550 1365 [2989 82] 1615 1830 1139 119 [789 83] 3063 [2198 84] [3063 85] 3052 2854 1965 [3423 86] 371 2337 1565 672 262 [2077 87] [262 88] 2374 1655 2850 3361 3735 [96 89] 1421 [3658 90] 1390 1388 1392 2739 1561 [3652 91] 1561 188 3423 371 2337 [1565 92] 1568 2209 1516 [1749 93] 1516 227 221 224 2745 [3018 94] [2745 95] 3571 1988 1971 1978 [55 96] 1978 1971 [1983 97] 1286 513 [3085 98] 513 2209 1516 2207 3341 724 [2942 99] [724 100] 3341 1368 [1021 101] 1994 [855 102] [2506 103] 855 1917 532 3132 [2987 104] 3132 532 3385 2163 [479 105] 1944 [2244 106] 459 [3035 107] 1029 3658 1390 [664 108] 1390 1388 1389 1694 3326 [3060 109] 858 1602 [1668 110] 2593 1703 3001 2996 [2999 111] 2996 2997 2433 2078 468 1247 [1429 112] 1247 1065 [2079 113] 245 181 [252 114] 1944 2244 459 2725 [2912 115] 2725 459 3035 [1029 116] 627 [3447 117] 627 1029 1339 1185 [1335 118] 1185 1339 472 373 729 [2787 119] 729 373 [3202 120] 373 [2765 121] 1020 581 [2766 122] 581 1443 [466 123] 1443 581 1020 2765 373 [2091 124] [2053 125] 1369 2036 [1727 126] 2036 1369 1455 2041 1847 1838 1396 [666 127] [443 128] 936 1817 [1825 129] 1817 1820 2664 1518 1515 [1520 130] 1515 1516 2207 2854 [3055 131] 2854 2207 1516 1515 1245 [482 132] [1245 133] [496 134] 1245 482 2492 2267 2541 991 3383 3385 [532 135] 1917 1863 [3380 136] 2651 1697 [3603 137] 1697 2272 2883 [2216 138] 2883 2839 [3221 139] 2839 [2883 140] 2272 [2570 141] 2272 2883 3313 3270 [1670 142] 2845 664 [1750 143] [2195 144] 2687 2507 454 347 [458 145] 3603 1697 2272 2883 [2839 146] 3221 216 715 [578 147] [715 148] 2122 1657 [36 149] 3055 2854 3054 1465 986 636 2217 3211 2566 [1273 150] [2566 151] 3211 3590 3009 [2421 152] 2376 1557 [2773 153] 1695 [378 154] 2492 2267 2541 954 [1925 155] 954 3780 [3090 156] 2375 1324 1093 2049 1370 [716 157] 1370 2049 3209 [650 158] 3491 2699 [3108 159] 2699 3491 3280 [3780 160] 954 1099 2997 [1751 161] 2997 2572 1371 [1072 162] 1371 2572 2997 [2433 163] 2997 [2572 164] [1646 165] 2498 230 923 922 934 [1790 166] 934 922 923 [460 167] 923 1033 1841 2003 [3885 168] 1959 1272 [2270 169] 90 [409 170] 312 349 [2796 171] 560 3285 2674 2858 263 [1011 172] 263 2858 2674 1796 3300 391 [1847 173] 391 2026 2090 [2683 174] 2090 2827 2603 1073 665 3787 [2202 175] 3787 2606 [227 176] 1516 2209 513 1838 1841 [792 177] 1841 2864 3443 [589 178] 375 178 [816 179] 178 1241 3805 2834 1475 [486 180] 1475 2196 [2011 181] 814 [3169 182] 814 2011 2498 230 [299 183] 145 2158 [319 184] [1136 185] 3198 3322 1460 [1358 186] [3002 187] 2124 3789 3347 [2211 188] [3291 189] 2211 810 2265 364 [3605 190] 1116 [1571 191] 1608 1601 1604 1472 [591 192] 2483 810 1694 [3494 193] 1694 [2482 194] 1694 1389 3054 2854 [1209 195] 2467 2549 2607 [109 196] 2607 2855 2681 38 [3920 197] 38 2975 134 3285 [2674 198] 1796 1238 3003 2996 2276 [2675 199] [2980 200] 2831 T
1452
1497 2854 3055 3721 2112 [1329 39] 376 2260 892 785 780 3350 1016 [902 40] 1016 2525 2645 [3639 41] 2848 252 1944 1368 3341 [1579 42] 3341 1368 [1944 43] 252 2848 2825 1180 [1560 44] 255 2550 3490 1070 [2104 45] 599 [615 46] 851 133 1128 3083 2697 3327 736 [3102 47] 1398 2996 [2329 48] 3642 [2188 49] 3642 2329 3742 3525 905 1619 1624 [2398 50] [1624 51] 1619 1844 1212 [721 52] 3524 2211 3626 [2192 53] 3626 3234 [903 54] 2840 2304 3362 [2977 55] 2877 3766 [986 56] 1465 3054 1389 [1694 57] 1389 3054 2854 3055 3721 2112 [54 58] 2112 [3310 59] 46 1460 241 [2650 60] 241 1460 1446 1462 1845 3241 3774 [278 61] [3774 62] 3241 552 3072 [2018 63] 733 3143 2339 3216 2883 2272 [2498 64] 2272 2883 3313 3270 [3428 65] [186 66] 2691 2670 600 [1354 67] 600 3675 [1518 68] 1515 1245 482 276 1025 2483 591 [660 69] 591 1472 [1604 70] 1472 [688 71] 1472 591 660 280 3638 [504 72] 2975 2753 2196 2996 [2276 73] 2996 2196 2011 [3531 74] 2149 263 2858 [2301 75] 2858 263 2149 1983 [848 76] 3877 [1239 77] 3035 459 2244 2883 3313 3270 3428 [2131 78] 2882 1890 748 2619 2621 [3647 79] 2621 2619 2009 2598 2202 3787 665 [2511 80] [3490 81] 2550 1365 [2989 82] 1615 1830 1139 119 [789 83] 3063 [2198 84] [3063 85] 3052 2854 1965 [3423 86] 371 2337 1565 672 262 [2077 87] [262 88] 2374 1655 2850 3361 3735 [96 89] 1421 [3658 90] 1390 1388 1392 2739 1561 [3652 91] 1561 188 3423 371 2337 [1565 92] 1568 2209 1516 [1749 93] 1516 227 221 224 2745 [3018 94] [2745 95] 3571 1988 1971 1978 [55 96] 1978 1971 [1983 97] 1286 513 [3085 98] 513 2209 1516 2207 3341 724 [2942 99] [724 100] 3341 1368 [1021 101] 1994 [855 102] [2506 103] 855 1917 532 3132 [2987 104] 3132 532 3385 2163 [479 105] 1944 [2244 106] 459 [3035 107] 1029 3658 1390 [664 108] 1390 1388 1389 1694 3326 [3060 109] 858 1602 [1668 110] 2593 1703 3001 2996 [2999 111] 2996 2997 2433 2078 468 1247 [1429 112] 1247 1065 [2079 113] 245 181 [252 114] 1944 2244 459 2725 [2912 115] 2725 459 3035 [1029 116] 627 [3447 117] 627 1029 1339 1185 [1335 118] 1185 1339 472 373 729 [2787 119] 729 373 [3202 120] 373 [2765 121] 1020 581 [2766 122] 581 1443 [466 123] 1443 581 1020 2765 373 [2091 124] [2053 125] 1369 2036 [1727 126] 2036 1369 1455 2041 1847 1838 1396 [666 127] [443 128] 936 1817 [1825 129] 1817 1820 2664 1518 1515 [1520 130] 1515 1516 2207 2854 [3055 131] 2854 2207 1516 1515 1245 [482 132] [1245 133] [496 134] 1245 482 2492 2267 2541 991 3383 3385 [532 135] 1917 1863 [3380 136] 2651 1697 [3603 137] 1697 2272 2883 [2216 138] 2883 2839 [3221 139] 2839 [2883 140] 2272 [2570 141] 2272 2883 3313 3270 [1670 142] 2845 664 [1750 143] [2195 144] 2687 2507 454 347 [458 145] 3603 1697 2272 2883 [2839 146] 3221 216 715 [578 147] [715 148] 2122 1657 [36 149] 3055 2854 3054 1465 986 636 2217 3211 2566 [1273 150] [2566 151] 3211 3590 3009 [2421 152] 2376 1557 [2773 153] 1695 [378 154] 2492 2267 2541 954 [1925 155] 954 3780 [3090 156] 2375 1324 1093 2049 1370 [716 157] 1370 2049 3209 [650 158] 3491 2699 [3108 159] 2699 3491 3280 [3780 160] 954 1099 2997 [1751 161] 2997 2572 1371 [1072 162] 1371 2572 2997 [2433 163] 2997 [2572 164] [1646 165] 2498 230 923 922 934 [1790 166] 934 922 923 [460 167] 923 1033 1841 2003 [3885 168] 1959 1272 [2270 169] 90 [409 170] 312 349 [2796 171] 560 3285 2674 2858 263 [1011 172] 263 2858 2674 1796 3300 391 [1847 173] 391 2026 2090 [2683 174] 2090 2827 2603 1073 665 3787 [2202 175] 3787 2606 [227 176] 1516 2209 513 1838 1841 [792 177] 1841 2864 3443 [589 178] 375 178 [816 179] 178 1241 3805 2834 1475 [486 180] 1475 2196 [2011 181] 814 [3169 182] 814 2011 2498 230 [299 183] 145 2158 [319 184] [1136 185] 3198 3322 1460 [1358 186] [3002 187] 2124 3789 3347 [2211 188] [3291 189] 2211 810 2265 364 [3605 190] 1116 [1571 191] 1608 1601 1604 1472 [591 192] 2483 810 1694 [3494 193] 1694 [2482 194] 1694 1389 3054 2854 [1209 195] 2467 2549 2607 [109 196] 2607 2855 2681 38 [3920 197] 38 2975 134 3285 [2674 198] 1796 1238 3003 2996 2276 [2675 199] [2980 200] 2831 T
1454
902 1016 1988 3571 2745 120 [335 40] 175 2848 [3639 41] 2848 252 1944 1368 3341 [1579 42] 3341 1368 [1944 43] 252 2848 2825 1180 [1560 44] 255 2550 3490 1070 [2104 45] 599 [615 46] 851 133 1128 3083 2697 3327 736 [3102 47] 1398 2996 [2329 48] 3642 [2188 49] 3642 2329 3742 3525 905 1619 1624 [2398 50] [1624 51] 1619 1844 1212 [721 52] 3524 2211 3626 [2192 53] 3626 3234 [903 54] 2840 2304 3362 [2977 55] 2877 3766 [986 56] 1465 3054 1389 [1694 57] 1389 3054 2854 3055 3721 2112 [54 58] 2112 [3310 59] 46 1460 241 [2650 60] 241 1460 1446 1462 1845 3241 3774 [278 61] [3774 62] 3241 552 3072 [2018 63] 733 3143 2339 3216 2883 2272 [2498 64] 2272 2883 3313 3270 [3428 65] [186 66] 2691 2670 600 [1354 67] 600 3675 [1518 68] 1515 1245 482 276 1025 2483 591 [660 69] 591 1472 [1604 70] 1472 [688 71] 1472 591 660 280 3638 [504 72] 2975 2753 2196 2996 [2276 73] 2996 2196 2011 [3531 74] 2149 263 2858 [2301 75] 2858 263 2149 1983 [848 76] 3877 [1239 77] 3035 459 2244 2883 3313 3270 3428 [2131 78] 2882 1890 748 2619 2621 [3647 79] 2621 2619 2009 2598 2202 3787 665 [2511 80] [3490 81] 2550 1365 [2989 82] 1615 1830 1139 119 [789 83] 3063 [2198 84] [3063 85] 3052 2854 1965 [3423 86] 371 2337 1565 672 262 [2077 87] [262 88] 2374 1655 2850 3361 3735 [96 89] 1421 [3658 90] 1390 1388 1392 2739 1561 [3652 91] 1561 188 3423 371 2337 [1565 92] 1568 2209 1516 [1749 93] 1516 227 221 224 2745 [3018 94] [2745 95] 3571 1988 1971 1978 [55 96] 1978 1971 [1983 97] 1286 513 [3085 98] 513 2209 1516 2207 3341 724 [2942 99] [724 100] 3341 1368 [1021 101] 1994 [855 102] [2506 103] 855 1917 532 3132 [2987 104] 3132 532 3385 2163 [479 105] 1944 [2244 106] 459 [3035 107] 1029 3658 1390 [664 108] 1390 1388 1389 1694 3326 [3060 109] 858 1602 [1668 110] 2593 1703 3001 2996 [2999 111] 2996 2997 2433 2078 468 1247 [1429 112] 1247 1065 [2079 113] 245 181 [252 114] 1944 2244 459 2725 [2912 115] 2725 459 3035 [1029 116] 627 [3447 117] 627 1029 1339 1185 [1335 118] 1185 1339 472 373 729 [2787 119] 729 373 [3202 120] 373 [2765 121] 1020 581 [2766 122] 581 1443 [466 123] 1443 581 1020 2765 373 [2091 124] [2053 125] 1369 2036 [1727 126] 2036 1369 1455 2041 1847 1838 1396 [666 127] [443 128] 936 1817 [1825 129] 1817 1820 2664 1518 1515 [1520 130] 1515 1516 2207 2854 [3055 131] 2854 2207 1516 1515 1245 [482 132] [1245 133] [496 134] 1245 482 2492 2267 2541 991 3383 3385 [532 135] 1917 1863 [3380 136] 2651 1697 [3603 137] 1697 2272 2883 [2216 138] 2883 2839 [3221 139] 2839 [2883 140] 2272 [2570 141] 2272 2883 3313 3270 [1670 142] 2845 664 [1750 143] [2195 144] 2687 2507 454 347 [458 145] 3603 1697 2272 2883 [2839 146] 3221 216 715 [578 147] [715 148] 2122 1657 [36 149] 3055 2854 3054 1465 986 636 2217 3211 2566 [1273 150] [2566 151] 3211 3590 3009 [2421 152] 2376 1557 [2773 153] 1695 [378 154] 2492 2267 2541 954 [1925 155] 954 3780 [3090 156] 2375 1324 1093 2049 1370 [716 157] 1370 2049 3209 [650 158] 3491 2699 [3108 159] 2699 3491 3280 [3780 160] 954 1099 2997 [1751 161] 2997 2572 1371 [1072 162] 1371 2572 2997 [2433 163] 2997 [2572 164] [1646 165] 2498 230 923 922 934 [1790 166] 934 922 923 [460 167] 923 1033 1841 2003 [3885 168] 1959 1272 [2270 169] 90 [409 170] 312 349 [2796 171] 560 3285 2674 2858 263 [1011 172] 263 2858 2674 1796 3300 391 [1847 173] 391 2026 2090 [2683 174] 2090 2827 2603 1073 665 3787 [2202 175] 3787 2606 [227 176] 1516 2209 513 1838 1841 [792 177] 1841 2864 3443 [589 178] 375 178 [816 179] 178 1241 3805 2834 1475 [486 180] 1475 2196 [2011 181] 814 [3169 182] 814 2011 2498 230 [299 183] 145 2158 [319 184] [1136 185] 3198 3322 1460 [1358 186] [3002 187] 2124 3789 3347 [2211 188] [3291 189] 2211 810 2265 364 [3605 190] 1116 [1571 191] 1608 1601 1604 1472 [591 192] 2483 810 1694 [3494 193] 1694 [2482 194] 1694 1389 3054 2854 [1209 195] 2467 2549 2607 [109 196] 2607 2855 2681 38 [3920 197] 38 2975 134 3285 [2674 198] 1796 1238 3003 2996 2276 [2675 199] [2980 200] 2831 T
1458
3639 714 2197 3223 [1306 41] 316 1224 [528 42] 245 181 252 [1944 43] 252 2848 2825 1180 [1560 44] 255 2550 3490 1070 [2104 45] 599 [615 46] 851 133 1128 3083 2697 3327 736 [3102 47] 1398 2996 [2329 48] 3642 [2188 49] 3642 2329 3742 3525 905 1619 1624 [2398 50] [1624 51] 1619 1844 1212 [721 52] 3524 2211 3626 [2192 53] 3626 3234 [903 54] 2840 2304 3362 [2977 55] 2877 3766 [986 56] 1465 3054 1389 [1694 57] 1389 3054 2854 3055 3721 2112 [54 58] 2112 [3310 59] 46 1460 241 [2650 60] 241 1460 1446 1462 1845 3241 3774 [278 61] [3774 62] 3241 552 3072 [2018 63] 733 3143 2339 3216 2883 2272 [2498 64] 2272 2883 3313 3270 [3428 65] [186 66] 2691 2670 600 [1354 67] 600 3675 [1518 68] 1515 1245 482 276 1025 2483 591 [660 69] 591 1472 [1604 70] 1472 [688 71] 1472 591 660 280 3638 [504 72] 2975 2753 2196 2996 [2276 73] 2996 2196 2011 [3531 74] 2149 263 2858 [2301 75] 2858 263 2149 1983 [848 76] 3877 [1239 77] 3035 459 2244 2883 3313 3270 3428 [2131 78] 2882 1890 748 2619 2621 [3647 79] 2621 2619 2009 2598 2202 3787 665 [2511 80] [3490 81] 2550 1365 [2989 82] 1615 1830 1139 119 [789 83] 3063 [2198 84] [3063 85] 3052 2854 1965 [3423 86] 371 2337 1565 672 262 [2077 87] [262 88] 2374 1655 2850 3361 3735 [96 89] 1421 [3658 90] 1390 1388 1392 2739 1561 [3652 91] 1561 188 3423 371 2337 [1565 92] 1568 2209 1516 [1749 93] 1516 227 221 224 2745 [3018 94] [2745 95] 3571 1988 1971 1978 [55 96] 1978 1971 [1983 97] 1286 513 [3085 98] 513 2209 1516 2207 3341 724 [2942 99] [724 100] 3341 1368 [1021 101] 1994 [855 102] [2506 103] 855 1917 532 3132 [2987 104] 3132 532 3385 2163 [479 105] 1944 [2244 106] 459 [3035 107] 1029 3658 1390 [664 108] 1390 1388 1389 1694 3326 [3060 109] 858 1602 [1668 110] 2593 1703 3001 2996 [2999 111] 2996 2997 2433 2078 468 1247 [1429 112] 1247 1065 [2079 113] 245 181 [252 114] 1944 2244 459 2725 [2912 115] 2725 459 3035 [1029 116] 627 [3447 117] 627 1029 1339 1185 [1335 118] 1185 1339 472 373 729 [2787 119] 729 373 [3202 120] 373 [2765 121] 1020 581 [2766 122] 581 1443 [466 123] 1443 581 1020 2765 373 [2091 124] [2053 125] 1369 2036 [1727 126] 2036 1369 1455 2041 1847 1838 1396 [666 127] [443 128] 936 1817 [1825 129] 1817 1820 2664 1518 1515 [1520 130] 1515 1516 2207 2854 [3055 131] 2854 2207 1516 1515 1245 [482 132] [1245 133] [496 134] 1245 482 2492 2267 2541 991 3383 3385 [532 135] 1917 1863 [3380 136] 2651 1697 [3603 137] 1697 2272 2883 [2216 138] 2883 2839 [3221 139] 2839 [2883 140] 2272 [2570 141] 2272 2883 3313 3270 [1670 142] 2845 664 [1750 143] [2195 144] 2687 2507 454 347 [458 145] 3603 1697 2272 2883 [2839 146] 3221 216 715 [578 147] [715 148] 2122 1657 [36 149] 3055 2854 3054 1465 986 636 2217 3211 2566 [1273 150] [2566 151] 3211 3590 3009 [2421 152] 2376 1557 [2773 153] 1695 [378 154] 2492 2267 2541 954 [1925 155] 954 3780 [3090 156] 2375 1324 1093 2049 1370 [716 157] 1370 2049 3209 [650 158] 3491 2699 [3108 159] 2699 3491 3280 [3780 160] 954 1099 2997 [1751 161] 2997 2572 1371 [1072 162] 1371 2572 2997 [2433 163] 2997 [2572 164] [1646 165] 2498 230 923 922 934 [1790 166] 934 922 923 [460 167] 923 1033 1841 2003 [3885 168] 1959 1272 [2270 169] 90 [409 170] 312 349 [2796 171] 560 3285 2674 2858 263 [1011 172] 263 2858 2674 1796 3300 391 [1847 173] 391 2026 2090 [2683 174] 2090 2827 2603 1073 665 3787 [2202 175] 3787 2606 [227 176] 1516 2209 513 1838 1841 [792 177] 1841 2864 3443 [589 178] 375 178 [816 179] 178 1241 3805 2834 1475 [486 180] 1475 2196 [2011 181] 814 [3169 182] 814 2011 2498 230 [299 183] 145 2158 [319 184] [1136 185] 3198 3322 1460 [1358 186] [3002 187] 2124 3789 3347 [2211 188] [3291 189] 2211 810 2265 364 [3605 190] 1116 [1571 191] 1608 1601 1604 1472 [591 192] 2483 810 1694 [3494 193] 1694 [2482 194] 1694 1389 3054 2854 [1209 195] 2467 2549 2607 [109 196] 2607 2855 2681 38 [3920 197] 38 2975 134 3285 [2674 198] 1796 1238 3003 2996 2276 [2675 199] [2980 200] 2831 T
1448
1579 2984 [1956 42] 2984 1579 3341 1368 [1944 43] 252 2848 2825 1180 [1560 44] 255 2550 3490 1070 [2104 45] 599 [615 46] 851 133 1128 3083 2697 3327 736 [3102 47] 1398 2996 [2329 48] 3642 [2188 49] 3642 2329 3742 3525 905 1619 1624 [2398 50] [1624 51] 1619 1844 1212 [721 52] 3524 2211 3626 [2192 53] 3626 3234 [903 54] 2840 2304 3362 [2977 55] 2877 3766 [986 56] 1465 3054 1389 [1694 57] 1389 3054 2854 3055 3721 2112 [54 58] 2112 [3310 59] 46 1460 241 [2650 60] 241 1460 1446 1462 1845 3241 3774 [278 61] [3774 62] 3241 552 3072 [2018 63] 733 3143 2339 3216 2883 2272 [2498 64] 2272 2883 3313 3270 [3428 65] [186 66] 2691 2670 600 [1354 67] 600 3675 [1518 68] 1515 1245 482 276 1025 2483 591 [660 69] 591 1472 [1604 70] 1472 [688 71] 1472 591 660 280 3638 [504 72] 2975 2753 2196 2996 [2276 73] 2996 2196 2011 [3531 74] 2149 263 2858 [2301 75] 2858 263 2149 1983 [848 76] 3877 [1239 77] 3035 459 2244 2883 3313 3270 3428 [2131 78] 2882 1890 748 2619 2621 [3647 79] 2621 2619 2009 2598 2202 3787 665 [2511 80] [3490 81] 2550 1365 [2989 82] 1615 1830 1139 119 [789 83] 3063 [2198 84] [3063 85] 3052 2854 1965 [3423 86] 371 2337 1565 672 262 [2077 87] [262 88] 2374 1655 2850 3361 3735 [96 89] 1421 [3658 90] 1390 1388 1392 2739 1561 [3652 91] 1561 188 3423 371 2337 [1565 92] 1568 2209 1516 [1749 93] 1516 227 221 224 2745 [3018 94] [2745 95] 3571 1988 1971 1978 [55 96] 1978 1971 [1983 97] 1286 513 [3085 98] 513 2209 1516 2207 3341 724 [2942 99] [724 100] 3341 1368 [1021 101] 1994 [855 102] [2506 103] 855 1917 532 3132 [2987 104] 3132 532 3385 2163 [479 105] 1944 [2244 106] 459 [3035 107] 1029 3658 1390 [664 108] 1390 1388 1389 1694 3326 [3060 109] 858 1602 [1668 110] 2593 1703 3001 2996 [2999 111] 2996 2997 2433 2078 468 1247 [1429 112] 1247 1065 [2079 113] 245 181 [252 114] 1944 2244 459 2725 [2912 115] 2725 459 3035 [1029 116] 627 [3447 117] 627 1029 1339 1185 [1335 118] 1185 1339 472 373 729 [2787 119] 729 373 [3202 120] 373 [2765 121] 1020 581 [2766 122] 581 1443 [466 123] 1443 581 1020 2765 373 [2091 124] [2053 125] 1369 2036 [1727 126] 2036 1369 1455 2041 1847 1838 1396 [666 127] [443 128] 936 1817 [1825 129] 1817 1820 2664 1518 1515 [1520 130] 1515 1516 2207 2854 [3055 131] 2854 2207 1516 1515 1245 [482 132] [1245 133] [496 134] 1245 482 2492 2267 2541 991 3383 3385 [532 135] 1917 1863 [3380 136] 2651 1697 [3603 137] 1697 2272 2883 [2216 138] 2883 2839 [3221 139] 2839 [2883 140] 2272 [2570 141] 2272 2883 3313 3270 [1670 142] 2845 664 [1750 143] [2195 144] 2687 2507 454 347 [458 145] 3603 1697 2272 2883 [2839 146] 3221 216 715 [578 147] [715 148] 2122 1657 [36 149] 3055 2854 3054 1465 986 636 2217 3211 2566 [1273 150] [2566 151] 3211 3590 3009 [2421 152] 2376 1557 [2773 153] 1695 [378 154] 2492 2267 2541 954 [1925 155] 954 3780 [3090 156] 2375 1324 1093 2049 1370 [716 157] 1370 2049 3209 [650 158] 3491 2699 [3108 159] 2699 3491 3280 [3780 160] 954 1099 2997 [1751 161] 2997 2572 1371 [1072 162] 1371 2572 2997 [2433 163] 2997 [2572 164] [1646 165] 2498 230 923 922 934 [1790 166] 934 922 923 [460 167] 923 1033 1841 2003 [3885 168] 1959 1272 [2270 169] 90 [409 170] 312 349 [2796 171] 560 3285 2674 2858 263 [1011 172] 263 2858 2674 1796 3300 391 [1847 173] 391 2026 2090 [2683 174] 2090 2827 2603 1073 665 3787 [2202 175] 3787 2606 [227 176] 1516 2209 513 1838 1841 [792 177] 1841 2864 3443 [589 178] 375 178 [816 179] 178 1241 3805 2834 1475 [486 180] 1475 2196 [2011 181] 814 [3169 182] 814 2011 2498 230 [299 183] 145 2158 [319 184] [1136 185] 3198 3322 1460 [1358 186] [3002 187] 2124 3789 3347 [2211 188] [3291 189] 2211 810 2265 364 [3605 190] 1116 [1571 191] 1608 1601 1604 1472 [591 192] 2483 810 1694 [3494 193] 1694 [2482 194] 1694 1389 3054 2854 [1209 195] 2467 2549 2607 [109 196] 2607 2855 2681 38 [3920 197] 38 2975 134 3285 [2674 198] 1796 1238 3003 2996 2276 [2675 199] [2980 200] 2831 T
1452
1944 854 3742 3525 1051 [3709 43] 1051 3525 1680 [2575 44] 1680 3525 65 [70 45] 1358 3320 3066 933 [3091 46] 933 1768 212 3700 2999 2996 1398 [3102 47] 1398 2996 [2329 48] 3642 [2188 49] 3642 2329 3742 3525 905 1619 1624 [2398 50] [1624 51] 1619 1844 1212 [721 52] 3524 2211 3626 [2192 53] 3626 3234 [903 54] 2840 2304 3362 [2977 55] 2877 3766 [986 56] 1465 3054 1389 [1694 57] 1389 3054 2854 3055 3721 2112 [54 58] 2112 [3310 59] 46 1460 241 [2650 60] 241 1460 1446 1462 1845 3241 3774 [278 61] [3774 62] 3241 552 3072 [2018 63] 733 3143 2339 3216 2883 2272 [2498 64] 2272 2883 3313 3270 [3428 65] [186 66] 2691 2670 600 [1354 67] 600 3675 [1518 68] 1515 1245 482 276 1025 2483 591 [660 69] 591 1472 [1604 70] 1472 [688 71] 1472 591 660 280 3638 [504 72] 2975 2753 2196 2996 [2276 73] 2996 2196 2011 [3531 74] 2149 263 2858 [2301 75] 2858 263 2149 1983 [848 76] 3877 [1239 77] 3035 459 2244 2883 3313 3270 3428 [2131 78] 2882 1890 748 2619 2621 [3647 79] 2621 2619 2009 2598 2202 3787 665 [2511 80] [3490 81] 2550 1365 [2989 82] 1615 1830 1139 119 [789 83] 3063 [2198 84] [3063 85] 3052 2854 1965 [3423 86] 371 2337 1565 672 262 [2077 87] [262 88] 2374 1655 2850 3361 3735 [96 89] 1421 [3658 90] 1390 1388 1392 2739 1561 [3652 91] 1561 188 3423 371 2337 [1565 92] 1568 2209 1516 [1749 93] 1516 227 221 224 2745 [3018 94] [2745 95] 3571 1988 1971 1978 [55 96] 1978 1971 [1983 97] 1286 513 [3085 98] 513 2209 1516 2207 3341 724 [2942 99] [724 100] 3341 1368 [1021 101] 1994 [855 102] [2506 103] 855 1917 532 3132 [2987 104] 3132 532 3385 2163 [479 105] 1944 [2244 106] 459 [3035 107] 1029 3658 1390 [664 108] 1390 1388 1389 1694 3326 [3060 109] 858 1602 [1668 110] 2593 1703 3001 2996 [2999 111] 2996 2997 2433 2078 468 1247 [1429 112] 1247 1065 [2079 113] 245 181 [252 114] 1944 2244 459 2725 [2912 115] 2725 459 3035 [1029 116] 627 [3447 117] 627 1029 1339 1185 [1335 118] 1185 1339 472 373 729 [2787 119] 729 373 [3202 120] 373 [2765 121] 1020 581 [2766 122] 581 1443 [466 123] 1443 581 1020 2765 373 [2091 124] [2053 125] 1369 2036 [1727 126] 2036 1369 1455 2041 1847 1838 1396 [666 127] [443 128] 936 1817 [1825 129] 1817 1820 2664 1518 1515 [1520 130] 1515 1516 2207 2854 [3055 131] 2854 2207 1516 1515 1245 [482 132] [1245 133] [496 134] 1245 482 2492 2267 2541 991 3383 3385 [532 135] 1917 1863 [3380 136] 2651 1697 [3603 137] 1697 2272 2883 [2216 138] 2883 2839 [3221 139] 2839 [2883 140] 2272 [2570 141] 2272 2883 3313 3270 [1670 142] 2845 664 [1750 143] [2195 144] 2687 2507 454 347 [458 145] 3603 1697 2272 2883 [2839 146] 3221 216 715 [578 147] [715 148] 2122 1657 [36 149] 3055 2854 3054 1465 986 636 2217 3211 2566 [1273 150] [2566 151] 3211 3590 3009 [2421 152] 2376 1557 [2773 153] 1695 [378 154] 2492 2267 2541 954 [1925 155] 954 3780 [3090 156] 2375 1324 1093 2049 1370 [716 157] 1370 2049 3209 [650 158] 3491 2699 [3108 159] 2699 3491 3280 [3780 160] 954 1099 2997 [1751 161] 2997 2572 1371 [1072 162] 1371 2572 2997 [2433 163] 2997 [2572 164] [1646 165] 2498 230 923 922 934 [1790 166] 934 922 923 [460 167] 923 1033 1841 2003 [3885 168] 1959 1272 [2270 169] 90 [409 170] 312 349 [2796 171] 560 3285 2674 2858 263 [1011 172] 263 2858 2674 1796 3300 391 [1847 173] 391 2026 2090 [2683 174] 2090 2827 2603 1073 665 3787 [2202 175] 3787 2606 [227 176] 1516 2209 513 1838 1841 [792 177] 1841 2864 3443 [589 178] 375 178 [816 179] 178 1241 3805 2834 1475 [486 180] 1475 2196 [2011 181] 814 [3169 182] 814 2011 2498 230 [299 183] 145 2158 [319 184] [1136 185] 3198 3322 1460 [1358 186] [3002 187] 2124 3789 3347 [2211 188] [3291 189] 2211 810 2265 364 [3605 190] 1116 [1571 191] 1608 1601 1604 1472 [591 192] 2483 810 1694 [3494 193] 1694 [2482 194] 1694 1389 3054 2854 [1209 195] 2467 2549 2607 [109 196] 2607 2855 2681 38 [3920 197] 38 2975 134 3285 [2674 198] 1796 1238 3003 2996 2276 [2675 199] [2980 200] 2831 T
1456
1560 1544 2889 1818 2688 865 [13 44] 2990 [1379 45] 599 [615 46] 851 133 1128 3083 2697 3327 736 [3102 47] 1398 2996 [2329 48] 3642 [2188 49] 3642 2329 3742 3525 905 1619 1624 [2398 50] [1624 51] 1619 1844 1212 [721 52] 3524 2211 3626 [2192 53] 3626 3234 [903 54] 2840 2304 3362 [2977 55] 2877 3766 [986 56] 1465 3054 1389 [1694 57] 1389 3054 2854 3055 3721 2112 [54 58] 2112 [3310 59] 46 1460 241 [2650 60] 241 1460 1446 1462 1845 3241 3774 [278 61] [3774 62] 3241 552 3072 [2018 63] 733 3143 2339 3216 2883 2272 [2498 64] 2272 2883 3313 3270 [3428 65] [186 66] 2691 2670 600 [1354 67] 600 3675 [1518 68] 1515 1245 482 276 1025 2483 591 [660 69] 591 1472 [1604 70] 1472 [688 71] 1472 591 660 280 3638 [504 72] 2975 2753 2196 2996 [2276 73] 2996 2196 2011 [3531 74] 2149 263 2858 [2301 75] 2858 263 2149 1983 [848 76] 3877 [1239 77] 3035 459 2244 2883 3313 3270 3428 [2131 78] 2882 1890 748 2619 2621 [3647 79] 2621 2619 2009 2598 2202 3787 665 [2511 80] [3490 81] 2550 1365 [2989 82] 1615 1830 1139 119 [789 83] 3063 [2198 84] [3063 85] 3052 2854 1965 [3423 86] 371 2337 1565 672 262 [2077 87] [262 88] 2374 1655 2850 3361 3735 [96 89] 1421 [3658 90] 1390 1388 1392 2739 1561 [3652 91] 1561 188 3423 371 2337 [1565 92] 1568 2209 1516 [1749 93] 1516 227 221 224 2745 [3018 94] [2745 95] 3571 1988 1971 1978 [55 96] 1978 1971 [1983 97] 1286 513 [3085 98] 513 2209 1516 2207 3341 724 [2942 99] [724 100] 3341 1368 [1021 101] 1994 [855 102] [2506 103] 855 1917 532 3132 [2987 104] 3132 532 3385 2163 [479 105] 1944 [2244 106] 459 [3035 107] 1029 3658 1390 [664 108] 1390 1388 1389 1694 3326 [3060 109] 858 1602 [1668 110] 2593 1703 3001 2996 [2999 111] 2996 2997 2433 2078 468 1247 [1429 112] 1247 1065 [2079 113] 245 181 [252 114] 1944 2244 459 2725 [2912 115] 2725 459 3035 [1029 116] 627 [3447 117] 627 1029 1339 1185 [1335 118] 1185 1339 472 373 729 [2787 119] 729 373 [3202 120] 373 [2765 121] 1020 581 [2766 122] 581 1443 [466 123] 1443 581 1020 2765 373 [2091 124] [2053 125] 1369 2036 [1727 126] 2036 1369 1455 2041 1847 1838 1396 [666 127] [443 128] 936 1817 [1825 129] 1817 1820 2664 1518 1515 [1520 130] 1515 1516 2207 2854 [3055 131] 2854 2207 1516 1515 1245 [482 132] [1245 133] [496 134] 1245 482 2492 2267 2541 991 3383 3385 [532 135] 1917 1863 [3380 136] 2651 1697 [3603 137] 1697 2272 2883 [2216 138] 2883 2839 [3221 139] 2839 [2883 140] 2272 [2570 141] 2272 2883 3313 3270 [1670 142] 2845 664 [1750 143] [2195 144] 2687 2507 454 347 [458 145] 3603 1697 2272 2883 [2839 146] 3221 216 715 [578 147] [715 148] 2122 1657 [36 149] 3055 2854 3054 1465 986 636 2217 3211 2566 [1273 150] [2566 151] 3211 3590 3009 [2421 152] 2376 1557 [2773 153] 1695 [378 154] 2492 2267 2541 954 [1925 155] 954 3780 [3090 156] 2375 1324 1093 2049 1370 [716 157] 1370 2049 3209 [650 158] 3491 2699 [3108 159] 2699 3491 3280 [3780 160] 954 1099 2997 [1751 161] 2997 2572 1371 [1072 162] 1371 2572 2997 [2433 163] 2997 [2572 164] [1646 165] 2498 230 923 922 934 [1790 166] 934 922 923 [460 167] 923 1033 1841 2003 [3885 168] 1959 1272 [2270 169] 90 [409 170] 312 349 [2796 171] 560 3285 2674 2858 263 [1011 172] 263 2858 2674 1796 3300 391 [1847 173] 391 2026 2090 [2683 174] 2090 2827 2603 1073 665 3787 [2202 175] 3787 2606 [227 176] 1516 2209 513 1838 1841 [792 177] 1841 2864 3443 [589 178] 375 178 [816 179] 178 1241 3805 2834 1475 [486 180] 1475 2196 [2011 181] 814 [3169 182] 814 2011 2498 230 [299 183] 145 2158 [319 184] [1136 185] 3198 3322 1460 [1358 186] [3002 187] 2124 3789 3347 [2211 188] [3291 189] 2211 810 2265 364 [3605 190] 1116 [1571 191] 1608 1601 1604 1472 [591 192] 2483 810 1694 [3494 193] 1694 [2482 194] 1694 1389 3054 2854 [1209 195] 2467 2549 2607 [109 196] 2607 2855 2681 38 [3920 197] 38 2975 134 3285 [2674 198] 1796 1238 3003 2996 2276 [2675 199] [2980 200] 2831 T
1452
2104 599 [1379 45] 599 [615 46] 851 133 1128 3083 2697 3327 736 [3102 47] 1398 2996 [2329 48] 3642 [2188 49] 3642 2329 3742 3525 905 1619 1624 [2398 50] [1624 51] 1619 1844 1212 [721 52] 3524 2211 3626 [2192 53] 3626 3234 [903 54] 2840 2304 3362 [2977 55] 2877 3766 [986 56] 1465 3054 1389 [1694 57] 1389 3054 2854 3055 3721 2112 [54 58] 2112 [3310 59] 46 1460 241 [2650 60] 241 1460 1446 1462 1845 3241 3774 [278 61] [3774 62] 3241 552 3072 [2018 63] 733 3143 2339 3216 2883 2272 [2498 64] 2272 2883 3313 3270 [3428 65] [186 66] 2691 2670 600 [1354 67] 600 3675 [1518 68] 1515 1245 482 276 1025 2483 591 [660 69] 591 1472 [1604 70] 1472 [688 71] 1472 591 660 280 3638 [504 72] 2975 2753 2196 2996 [2276 73] 2996 2196 2011 [3531 74] 2149 263 2858 [2301 75] 2858 263 2149 1983 [848 76] 3877 [1239 77] 3035 459 2244 2883 3313 3270 3428 [2131 78] 2882 1890 748 2619 2621 [3647 79] 2621 2619 2009 2598 2202 3787 665 [2511 80] [3490 81] 2550 1365 [2989 82] 1615 1830 1139 119 [789 83] 3063 [2198 84] [3063 85] 3052 2854 1965 [3423 86] 371 2337 1565 672 262 [2077 87] [262 88] 2374 1655 2850 3361 3735 [96 89] 1421 [3658 90] 1390 1388 1392 2739 1561 [3652 91] 1561 188 3423 371 2337 [1565 92] 1568 2209 1516 [1749 93] 1516 227 221 224 2745 [3018 94] [2745 95] 3571 1988 1971 1978 [55 96] 1978 1971 [1983 97] 1286 513 [3085 98] 513 2209 1516 2207 3341 724 [2942 99] [724 100] 3341 1368 [1021 101] 1994 [855 102] [2506 103] 855 1917 532 3132 [2987 104] 3132 532 3385 2163 [479 105] 1944 [2244 106] 459 [3035 107] 1029 3658 1390 [664 108] 1390 1388 1389 1694 3326 [3060 109] 858 1602 [1668 110] 2593 1703 3001 2996 [2999 111] 2996 2997 2433 2078 468 1247 [1429 112] 1247 1065 [2079 113] 245 181 [252 114] 1944 2244 459 2725 [2912 115] 2725 459 3035 [1029 116] 627 [3447 117] 627 1029 1339 1185 [1335 118] 1185 1339 472 373 729 [2787 119] 729 373 [3202 120] 373 [2765 121] 1020 581 [2766 122] 581 1443 [466 123] 1443 581 1020 2765 373 [2091 124] [2053 125] 1369 2036 [1727 126] 2036 1369 1455 2041 1847 1838 1396 [666 127] [443 128] 936 1817 [1825 129] 1817 1820 2664 1518 1515 [1520 130] 1515 1516 2207 2854 [3055 131] 2854 2207 1516 1515 1245 [482 132] [1245 133] [496 134] 1245 482 2492 2267 2541 991 3383 3385 [532 135] 1917 1863 [3380 136] 2651 1697 [3603 137] 1697 2272 2883 [2216 138] 2883 2839 [3221 139] 2839 [2883 140] 2272 [2570 141] 2272 2883 3313 3270 [1670 142] 2845 664 [1750 143] [2195 144] 2687 2507 454 347 [458 145] 3603 1697 2272 2883 [2839 146] 3221 216 715 [578 147] [715 148] 2122 1657 [36 149] 3055 2854 3054 1465 986 636 2217 3211 2566 [1273 150] [2566 151] 3211 3590 3009 [2421 152] 2376 1557 [2773 153] 1695 [378 154] 2492 2267 2541 954 [1925 155] 954 3780 [3090 156] 2375 1324 1093 2049 1370 [716 157] 1370 2049 3209 [650 158] 3491 2699 [3108 159] 2699 3491 3280 [3780 160] 954 1099 2997 [1751 161] 2997 2572 1371 [1072 162] 1371 2572 2997 [2433 163] 2997 [2572 164] [1646 165] 2498 230 923 922 934 [1790 166] 934 922 923 [460 167] 923 1033 1841 2003 [3885 168] 1959 1272 [2270 169] 90 [409 170] 312 349 [2796 171] 560 3285 2674 2858 263 [1011 172] 263 2858 2674 1796 3300 391 [1847 173] 391 2026 2090 [2683 174] 2090 2827 2603 1073 665 3787 [2202 175] 3787 2606 [227 176] 1516 2209 513 1838 1841 [792 177] 1841 2864 3443 [589 178] 375 178 [816 179] 178 1241 3805 2834 1475 [486 180] 1475 2196 [2011 181] 814 [3169 182] 814 2011 2498 230 [299 183] 145 2158 [319 184] [1136 185] 3198 3322 1460 [1358 186] [3002 187] 2124 3789 3347 [2211 188] [3291 189] 2211 810 2265 364 [3605 190] 1116 [1571 191] 1608 1601 1604 1472 [591 192] 2483 810 1694 [3494 193] 1694 [2482 194] 1694 1389 3054 2854 [1209 195] 2467 2549 2607 [109 196] 2607 2855 2681 38 [3920 197] 38 2975 134 3285 [2674 198] 1796 1238 3003 2996 2276 [2675 199] [2980 200] 2831 T
1455
615 851 133 1586 1474 1668 1602 [2986 46] 1504 [144 47] 1859 778 2433 2997 2996 [2329 48] 3642 [2188 49] 3642 2329 3742 3525 905 1619 1624 [2398 50] [1624 51] 1619 1844 1212 [721 52] 3524 2211 3626 [2192 53] 3626 3234 [903 54] 2840 2304 3362 [2977 55] 2877 3766 [986 56] 1465 3054 1389 [1694 57] 1389 3054 2854 3055 3721 2112 [54 58] 2112 [3310 59] 46 1460 241 [2650 60] 241 1460 1446 1462 1845 3241 3774 [278 61] [3774 62] 3241 552 3072 [2018 63] 733 3143 2339 3216 2883 2272 [2498 64] 2272 2883 3313 3270 [3428 65] [186 66] 2691 2670 600 [1354 67] 600 3675 [1518 68] 1515 1245 482 276 1025 2483 591 [660 69] 591 1472 [1604 70] 1472 [688 71] 1472 591 660 280 3638 [504 72] 2975 2753 2196 2996 [2276 73] 2996 2196 2011 [3531 74] 2149 263 2858 [2301 75] 2858 263 2149 1983 [848 76] 3877 [1239 77] 3035 459 2244 2883 3313 3270 3428 [2131 78] 2882 1890 748 2619 2621 [3647 79] 2621 2619 2009 2598 2202 3787 665 [2511 80] [3490 81] 2550 1365 [2989 82] 1615 1830 1139 119 [789 83] 3063 [2198 84] [3063 85] 3052 2854 1965 [3423 86] 371 2337 1565 672 262 [2077 87] [262 88] 2374 1655 2850 3361 3735 [96 89] 1421 [3658 90] 1390 1388 1392 2739 1561 [3652 91] 1561 188 3423 371 2337 [1565 92] 1568 2209 1516 [1749 93] 1516 227 221 224 2745 [3018 94] [2745 95] 3571 1988 1971 1978 [55 96] 1978 1971 [1983 97] 1286 513 [3085 98] 513 2209 1516 2207 3341 724 [2942 99] [724 100] 3341 1368 [1021 101] 1994 [855 102] [2506 103] 855 1917 532 3132 [2987 104] 3132 532 3385 2163 [479 105] 1944 [2244 106] 459 [3035 107] 1029 3658 1390 [664 108] 1390 1388 1389 1694 3326 [3060 109] 858 1602 [1668 110] 2593 1703 3001 2996 [2999 111] 2996 2997 2433 2078 468 1247 [1429 112] 1247 1065 [2079 113] 245 181 [252 114] 1944 2244 459 2725 [2912 115] 2725 459 3035 [1029 116] 627 [3447 117] 627 1029 1339 1185 [1335 118] 1185 1339 472 373 729 [2787 119] 729 373 [3202 120] 373 [2765 121] 1020 581 [2766 122] 581 1443 [466 123] 1443 581 1020 2765 373 [2091 124] [2053 125] 1369 2036 [1727 126] 2036 1369 1455 2041 1847 1838 1396 [666 127] [443 128] 936 1817 [1825 129] 1817 1820 2664 1518 1515 [1520 130] 1515 1516 2207 2854 [3055 131] 2854 2207 1516 1515 1245 [482 132] [1245 133] [496 134] 1245 482 2492 2267 2541 991 3383 3385 [532 135] 1917 1863 [3380 136] 2651 1697 [3603 137] 1697 2272 2883 [2216 138] 2883 2839 [3221 139] 2839 [2883 140] 2272 [2570 141] 2272 2883 3313 3270 [1670 142] 2845 664 [1750 143] [2195 144] 2687 2507 454 347 [458 145] 3603 1697 2272 2883 [2839 146] 3221 216 715 [578 147] [715 148] 2122 1657 [36 149] 3055 2854 3054 1465 986 636 2217 3211 2566 [1273 150] [2566 151] 3211 3590 3009 [2421 152] 2376 1557 [2773 153] 1695 [378 154] 2492 2267 2541 954 [1925 155] 954 3780 [3090 156] 2375 1324 1093 2049 1370 [716 157] 1370 2049 3209 [650 158] 3491 2699 [3108 159] 2699 3491 3280 [3780 160] 954 1099 2997 [1751 161] 2997 2572 1371 [1072 162] 1371 2572 2997 [2433 163] 2997 [2572 164] [1646 165] 2498 230 923 922 934 [1790 166] 934 922 923 [460 167] 923 1033 1841 2003 [3885 168] 1959 1272 [2270 169] 90 [409 170] 312 349 [2796 171] 560 3285 2674 2858 263 [1011 172] 263 2858 2674 1796 3300 391 [1847 173] 391 2026 2090 [2683 174] 2090 2827 2603 1073 665 3787 [2202 175] 3787 2606 [227 176] 1516 2209 513 1838 1841 [792 177] 1841 2864 3443 [589 178] 375 178 [816 179] 178 1241 3805 2834 1475 [486 180] 1475 2196 [2011 181] 814 [3169 182] 814 2011 2498 230 [299 183] 145 2158 [319 184] [1136 185] 3198 3322 1460 [1358 186] [3002 187] 2124 3789 3347 [2211 188] [3291 189] 2211 810 2265 364 [3605 190] 1116 [1571 191] 1608 1601 1604 1472 [591 192] 2483 810 1694 [3494 193] 1694 [2482 194] 1694 1389 3054 2854 [1209 195] 2467 2549 2607 [109 196] 2607 2855 2681 38 [3920 197] 38 2975 134 3285 [2674 198] 1796 1238 3003 2996 2276 [2675 199] [2980 200] 2831 T
1456
3102 1637 382 1282 [2647 47] 472 1339 [1452 48] 693 3431 2068 [3106 49] 2068 3466 704 1624 [2398 50] [1624 51] 1619 1844 1212 [721 52] 3524 2211 3626 [2192 53] 3626 3234 [903 54] 2840 2304 3362 [2977 55] 2877 3766 [986 56] 1465 3054 1389 [1694 57] 1389 3054 2854 3055 3721 2112 [54 58] 2112 [3310 59] 46 1460 241 [2650 60] 241 1460 1446 1462 1845 3241 3774 [278 61] [3774 62] 3241 552 3072 [2018 63] 733 3143 2339 3216 2883 2272 [2498 64] 2272 2883 3313 3270 [3428 65] [186 66] 2691 2670 600 [1354 67] 600 3675 [1518 68] 1515 1245 482 276 1025 2483 591 [660 69] 591 1472 [1604 70] 1472 [688 71] 1472 591 660 280 3638 [504 72] 2975 2753 2196 2996 [2276 73] 2996 2196 2011 [3531 74] 2149 263 2858 [2301 75] 2858 263 2149 1983 [848 76] 3877 [1239 77] 3035 459 2244 2883 3313 3270 3428 [2131 78] 2882 1890 748 2619 2621 [3647 79] 2621 2619 2009 2598 2202 3787 665 [2511 80] [3490 81] 2550 1365 [2989 82] 1615 1830 1139 119 [789 83] 3063 [2198 84] [3063 85] 3052 2854 1965 [3423 86] 371 2337 1565 672 262 [2077 87] [262 88] 2374 1655 2850 3361 3735 [96 89] 1421 [3658 90] 1390 1388 1392 2739 1561 [3652 91] 1561 188 3423 371 2337 [1565 92] 1568 2209 1516 [1749 93] 1516 227 221 224 2745 [3018 94] [2745 95] 3571 1988 1971 1978 [55 96] 1978 1971 [1983 97] 1286 513 [3085 98] 513 2209 1516 2207 3341 724 [2942 99] [724 100] 3341 1368 [1021 101] 1994 [855 102] [2506 103] 855 1917 532 3132 [2987 104] 3132 532 3385 2163 [479 105] 1944 [2244 106] 459 [3035 107] 1029 3658 1390 [664 108] 1390 1388 1389 1694 3326 [3060 109] 858 1602 [1668 110] 2593 1703 3001 2996 [2999 111] 2996 2997 2433 2078 468 1247 [1429 112] 1247 1065 [2079 113] 245 181 [252 114] 1944 2244 459 2725 [2912 115] 2725 459 3035 [1029 116] 627 [3447 117] 627 1029 1339 1185 [1335 118] 1185 1339 472 373 729 [2787 119] 729 373 [3202 120] 373 [2765 121] 1020 581 [2766 122] 581 1443 [466 123] 1443 581 1020 2765 373 [2091 124] [2053 125] 1369 2036 [1727 126] 2036 1369 1455 2041 1847 1838 1396 [666 127] [443 128] 936 1817 [1825 129] 1817 1820 2664 1518 1515 [1520 130] 1515 1516 2207 2854 [3055 131] 2854 2207 1516 1515 1245 [482 132] [1245 133] [496 134] 1245 482 2492 2267 2541 991 3383 3385 [532 135] 1917 1863 [3380 136] 2651 1697 [3603 137] 1697 2272 2883 [2216 138] 2883 2839 [3221 139] 2839 [2883 140] 2272 [2570 141] 2272 2883 3313 3270 [1670 142] 2845 664 [1750 143] [2195 144] 2687 2507 454 347 [458 145] 3603 1697 2272 2883 [2839 146] 3221 216 715 [578 147] [715 148] 2122 1657 [36 149] 3055 2854 3054 1465 986 636 2217 3211 2566 [1273 150] [2566 151] 3211 3590 3009 [2421 152] 2376 1557 [2773 153] 1695 [378 154] 2492 2267 2541 954 [1925 155] 954 3780 [3090 156] 2375 1324 1093 2049 1370 [716 157] 1370 2049 3209 [650 158] 3491 2699 [3108 159] 2699 3491 3280 [3780 160] 954 1099 2997 [1751 161] 2997 2572 1371 [1072 162] 1371 2572 2997 [2433 163] 2997 [2572 164] [1646 165] 2498 230 923 922 934 [1790 166] 934 922 923 [460 167] 923 1033 1841 2003 [3885 168] 1959 1272 [2270 169] 90 [409 170] 312 349 [2796 171] 560 3285 2674 2858 263 [1011 172] 263 2858 2674 1796 3300 391 [1847 173] 391 2026 2090 [2683 174] 2090 2827 2603 1073 665 3787 [2202 175] 3787 2606 [227 176] 1516 2209 513 1838 1841 [792 177] 1841 2864 3443 [589 178] 375 178 [816 179] 178 1241 3805 2834 1475 [486 180] 1475 2196 [2011 181] 814 [3169 182] 814 2011 2498 230 [299 183] 145 2158 [319 184] [1136 185] 3198 3322 1460 [1358 186] [3002 187] 2124 3789 3347 [2211 188] [3291 189] 2211 810 2265 364 [3605 190] 1116 [1571 191] 1608 1601 1604 1472 [591 192] 2483 810 1694 [3494 193] 1694 [2482 194] 1694 1389 3054 2854 [1209 195] 2467 2549 2607 [109 196] 2607 2855 2681 38 [3920 197] 38 2975 134 3285 [2674 198] 1796 1238 3003 2996 2276 [2675 199] [2980 200] 2831 T
1451
2329 3431 693 [1452 48] 693 3431 2068 [3106 49] 2068 3466 704 1624 [2398 50] [1624 51] 1619 1844 1212 [721 52] 3524 2211 3626 [2192 53] 3626 3234 [903 54] 2840 2304 3362 [2977 55] 2877 3766 [986 56] 1465 3054 1389 [1694 57] 1389 3054 2854 3055 3721 2112 [54 58] 2112 [3310 59] 46 1460 241 [2650 60] 241 1460 1446 1462 1845 3241 3774 [278 61] [3774 62] 3241 552 3072 [2018 63] 733 3143 2339 3216 2883 2272 [2498 64] 2272 2883 3313 3270 [3428 65] [186 66] 2691 2670 600 [1354 67] 600 3675 [1518 68] 1515 1245 482 276 1025 2483 591 [660 69] 591 1472 [1604 70] 1472 [688 71] 1472 591 660 280 3638 [504 72] 2975 2753 2196 2996 [2276 73] 2996 2196 2011 [3531 74] 2149 263 2858 [2301 75] 2858 263 2149 1983 [848 76] 3877 [1239 77] 3035 459 2244 2883 3313 3270 3428 [2131 78] 2882 1890 748 2619 2621 [3647 79] 2621 2619 2009 2598 2202 3787 665 [2511 80] [3490 81] 2550 1365 [2989 82] 1615 1830 1139 119 [789 83] 3063 [2198 84] [3063 85] 3052 2854 1965 [3423 86] 371 2337 1565 672 262 [2077 87] [262 88] 2374 1655 2850 3361 3735 [96 89] 1421 [3658 90] 1390 1388 1392 2739 1561 [3652 91] 1561 188 3423 371 2337 [1565 92] 1568 2209 1516 [1749 93] 1516 227 221 224 2745 [3018 94] [2745 95] 3571 1988 1971 1978 [55 96] 1978 1971 [1983 97] 1286 513 [3085 98] 513 2209 1516 2207 3341 724 [2942 99] [724 100] 3341 1368 [1021 101] 1994 [855 102] [2506 103] 855 1917 532 3132 [2987 104] 3132 532 3385 2163 [479 105] 1944 [2244 106] 459 [3035 107] 1029 3658 1390 [664 108] 1390 1388 1389 1694 3326 [3060 109] 858 1602 [1668 110] 2593 1703 3001 2996 [2999 111] 2996 2997 2433 2078 468 1247 [1429 112] 1247 1065 [2079 113] 245 181 [252 114] 1944 2244 459 2725 [2912 115] 2725 459 3035 [1029 116] 627 [3447 117] 627 1029 1339 1185 [1335 118] 1185 1339 472 373 729 [2787 119] 729 373 [3202 120] 373 [2765 121] 1020 581 [2766 122] 581 1443 [466 123] 1443 581 1020 2765 373 [2091 124] [2053 125] 1369 2036 [1727 126] 2036 1369 1455 2041 1847 1838 1396 [666 127] [443 128] 936 1817 [1825 129] 1817 1820 2664 1518 1515 [1520 130] 1515 1516 2207 2854 [3055 131] 2854 2207 1516 1515 1245 [482 132] [1245 133] [496 134] 1245 482 2492 2267 2541 991 3383 3385 [532 135] 1917 1863 [3380 136] 2651 1697 [3603 137] 1697 2272 2883 [2216 138] 2883 2839 [3221 139] 2839 [2883 140] 2272 [2570 141] 2272 2883 3313 3270 [1670 142] 2845 664 [1750 143] [2195 144] 2687 2507 454 347 [458 145] 3603 1697 2272 2883 [2839 146] 3221 216 715 [578 147] [715 148] 2122 1657 [36 149] 3055 2854 3054 1465 986 636 2217 3211 2566 [1273 150] [2566 151] 3211 3590 3009 [2421 152] 2376 1557 [2773 153] 1695 [378 154] 2492 2267 2541 954 [1925 155] 954 3780 [3090 156] 2375 1324 1093 2049 1370 [716 157] 1370 2049 3209 [650 158] 3491 2699 [3108 159] 2699 3491 3280 [3780 160] 954 1099 2997 [1751 161] 2997 2572 1371 [1072 162] 1371 2572 2997 [2433 163] 2997 [2572 164] [1646 165] 2498 230 923 922 934 [1790 166] 934 922 923 [460 167] 923 1033 1841 2003 [3885 168] 1959 1272 [2270 169] 90 [409 170] 312 349 [2796 171] 560 3285 2674 2858 263 [1011 172] 263 2858 2674 1796 3300 391 [1847 173] 391 2026 2090 [2683 174] 2090 2827 2603 1073 665 3787 [2202 175] 3787 2606 [227 176] 1516 2209 513 1838 1841 [792 177] 1841 2864 3443 [589 178] 375 178 [816 179] 178 1241 3805 2834 1475 [486 180] 1475 2196 [2011 181] 814 [3169 182] 814 2011 2498 230 [299 183] 145 2158 [319 184] [1136 185] 3198 3322 1460 [1358 186] [3002 187] 2124 3789 3347 [2211 188] [3291 189] 2211 810 2265 364 [3605 190] 1116 [1571 191] 1608 1601 1604 1472 [591 192] 2483 810 1694 [3494 193] 1694 [2482 194] 1694 1389 3054 2854 [1209 195] 2467 2549 2607 [109 196] 2607 2855 2681 38 [3920 197] 38 2975 134 3285 [2674 198] 1796 1238 3003 2996 2276 [2675 199] [2980 200] 2831 T
1447
2188 2499 [3437 49] 369 3531 2011 2498 2272 [2583 50] 2741 2848 2825 [503 51] 206 [721 52] 3524 2211 3626 [2192 53] 3626 3234 [903 54] 2840 2304 3362 [2977 55] 2877 3766 [986 56] 1465 3054 1389 [1694 57] 1389 3054 2854 3055 3721 2112 [54 58] 2112 [3310 59] 46 1460 241 [2650 60] 241 1460 1446 1462 1845 3241 3774 [278 61] [3774 62] 3241 552 3072 [2018 63] 733 3143 2339 3216 2883 2272 [2498 64] 2272 2883 3313 3270 [3428 65] [186 66] 2691 2670 600 [1354 67] 600 3675 [1518 68] 1515 1245 482 276 1025 2483 591 [660 69] 591 1472 [1604 70] 1472 [688 71] 1472 591 660 280 3638 [504 72] 2975 2753 2196 2996 [2276 73] 2996 2196 2011 [3531 74] 2149 263 2858 [2301 75] 2858 263 2149 1983 [848 76] 3877 [1239 77] 3035 459 2244 2883 3313 3270 3428 [2131 78] 2882 1890 748 2619 2621 [3647 79] 2621 2619 2009 2598 2202 3787 665 [2511 80] [3490 81] 2550 1365 [2989 82] 1615 1830 1139 119 [789 83] 3063 [2198 84] [3063 85] 3052 2854 1965 [3423 86] 371 2337 1565 672 262 [2077 87] [262 88] 2374 1655 2850 3361 3735 [96 89] 1421 [3658 90] 1390 1388 1392 2739 1561 [3652 91] 1561 188 3423 371 2337 [1565 92] 1568 2209 1516 [1749 93] 1516 227 221 224 2745 [3018 94] [2745 95] 3571 1988 1971 1978 [55 96] 1978 1971 [1983 97] 1286 513 [3085 98] 513 2209 1516 2207 3341 724 [2942 99] [724 100] 3341 1368 [1021 101] 1994 [855 102] [2506 103] 855 1917 532 3132 [2987 104] 3132 532 3385 2163 [479 105] 1944 [2244 106] 459 [3035 107] 1029 3658 1390 [664 108] 1390 1388 1389 1694 3326 [3060 109] 858 1602 [1668 110] 2593 1703 3001 2996 [2999 111] 2996 2997 2433 2078 468 1247 [1429 112] 1247 1065 [2079 113] 245 181 [252 114] 1944 2244 459 2725 [2912 115] 2725 459 3035 [1029 116] 627 [3447 117] 627 1029 1339 1185 [1335 118] 1185 1339 472 373 729 [2787 119] 729 373 [3202 120] 373 [2765 121] 1020 581 [2766 122] 581 1443 [466 123] 1443 581 1020 2765 373 [2091 124] [2053 125] 1369 2036 [1727 126] 2036 1369 1455 2041 1847 1838 1396 [666 127] [443 128] 936 1817 [1825 129] 1817 1820 2664 1518 1515 [1520 130] 1515 1516 2207 2854 [3055 131] 2854 2207 1516 1515 1245 [482 132] [1245 133] [496 134] 1245 482 2492 2267 2541 991 3383 3385 [532 135] 1917 1863 [3380 136] 2651 1697 [3603 137] 1697 2272 2883 [2216 138] 2883 2839 [3221 139] 2839 [2883 140] 2272 [2570 141] 2272 2883 3313 3270 [1670 142] 2845 664 [1750 143] [2195 144] 2687 2507 454 347 [458 145] 3603 1697 2272 2883 [2839 146] 3221 216 715 [578 147] [715 148] 2122 1657 [36 149] 3055 2854 3054 1465 986 636 2217 3211 2566 [1273 150] [2566 151] 3211 3590 3009 [2421 152] 2376 1557 [2773 153] 1695 [378 154] 2492 2267 2541 954 [1925 155] 954 3780 [3090 156] 2375 1324 1093 2049 1370 [716 157] 1370 2049 3209 [650 158] 3491 2699 [3108 159] 2699 3491 3280 [3780 160] 954 1099 2997 [1751 161] 2997 2572 1371 [1072 162] 1371 2572 2997 [2433 163] 2997 [2572 164] [1646 165] 2498 230 923 922 934 [1790 166] 934 922 923 [460 167] 923 1033 1841 2003 [3885 168] 1959 1272 [2270 169] 90 [409 170] 312 349 [2796 171] 560 3285 2674 2858 263 [1011 172] 263 2858 2674 1796 3300 391 [1847 173] 391 2026 2090 [2683 174] 2090 2827 2603 1073 665 3787 [2202 175] 3787 2606 [227 176] 1516 2209 513 1838 1841 [792 177] 1841 2864 3443 [589 178] 375 178 [816 179] 178 1241 3805 2834 1475 [486 180] 1475 2196 [2011 181] 814 [3169 182] 814 2011 2498 230 [299 183] 145 2158 [319 184] [1136 185] 3198 3322 1460 [1358 186] [3002 187] 2124 3789 3347 [2211 188] [3291 189] 2211 810 2265 364 [3605 190] 1116 [1571 191] 1608 1601 1604 1472 [591 192] 2483 810 1694 [3494 193] 1694 [2482 194] 1694 1389 3054 2854 [1209 195] 2467 2549 2607 [109 196] 2607 2855 2681 38 [3920 197] 38 2975 134 3285 [2674 198] 1796 1238 3003 2996 2276 [2675 199] [2980 200] 2831 T
1454
2398 1624 3776 538 1298 [2330 50] 1298 [1740 51] [3341 52] 1579 2984 1845 3241 3774 [2192 53] 3626 3234 [903 54] 2840 2304 3362 [2977 55] 2877 3766 [986 56] 1465 3054 1389 [1694 57] 1389 3054 2854 3055 3721 2112 [54 58] 2112 [3310 59] 46 1460 241 [2650 60] 241 1460 1446 1462 1845 3241 3774 [278 61] [3774 62] 3241 552 3072 [2018 63] 733 3143 2339 3216 2883 2272 [2498 64] 2272 2883 3313 3270 [3428 65] [186 66] 2691 2670 600 [1354 67] 600 3675 [1518 68] 1515 1245 482 276 1025 2483 591 [660 69] 591 1472 [1604 70] 1472 [688 71] 1472 591 660 280 3638 [504 72] 2975 2753 2196 2996 [2276 73] 2996 2196 2011 [3531 74] 2149 263 2858 [2301 75] 2858 263 2149 1983 [848 76] 3877 [1239 77] 3035 459 2244 2883 3313 3270 3428 [2131 78] 2882 1890 748 2619 2621 [3647 79] 2621 2619 2009 2598 2202 3787 665 [2511 80] [3490 81] 2550 1365 [2989 82] 1615 1830 1139 119 [789 83] 3063 [2198 84] [3063 85] 3052 2854 1965 [3423 86] 371 2337 1565 672 262 [2077 87] [262 88] 2374 1655 2850 3361 3735 [96 89] 1421 [3658 90] 1390 1388 1392 2739 1561 [3652 91] 1561 188 3423 371 2337 [1565 92] 1568 2209 1516 [1749 93] 1516 227 221 224 2745 [3018 94] [2745 95] 3571 1988 1971 1978 [55 96] 1978 1971 [1983 97] 1286 513 [3085 98] 513 2209 1516 2207 3341 724 [2942 99] [724 100] 3341 1368 [1021 101] 1994 [855 102] [2506 103] 855 1917 532 3132 [2987 104] 3132 532 3385 2163 [479 105] 1944 [2244 106] 459 [3035 107] 1029 3658 1390 [664 108] 1390 1388 1389 1694 3326 [3060 109] 858 1602 [1668 110] 2593 1703 3001 2996 [2999 111] 2996 2997 2433 2078 468 1247 [1429 112] 1247 1065 [2079 113] 245 181 [252 114] 1944 2244 459 2725 [2912 115] 2725 459 3035 [1029 116] 627 [3447 117] 627 1029 1339 1185 [1335 118] 1185 1339 472 373 729 [2787 119] 729 373 [3202 120] 373 [2765 121] 1020 581 [2766 122] 581 1443 [466 123] 1443 581 1020 2765 373 [2091 124] [2053 125] 1369 2036 [1727 126] 2036 1369 1455 2041 1847 1838 1396 [666 127] [443 128] 936 1817 [1825 129] 1817 1820 2664 1518 1515 [1520 130] 1515 1516 2207 2854 [3055 131] 2854 2207 1516 1515 1245 [482 132] [1245 133] [496 134] 1245 482 2492 2267 2541 991 3383 3385 [532 135] 1917 1863 [3380 136] 2651 1697 [3603 137] 1697 2272 2883 [2216 138] 2883 2839 [3221 139] 2839 [2883 140] 2272 [2570 141] 2272 2883 3313 3270 [1670 142] 2845 664 [1750 143] [2195 144] 2687 2507 454 347 [458 145] 3603 1697 2272 2883 [2839 146] 3221 216 715 [578 147] [715 148] 2122 1657 [36 149] 3055 2854 3054 1465 986 636 2217 3211 2566 [1273 150] [2566 151] 3211 3590 3009 [2421 152] 2376 1557 [2773 153] 1695 [378 154] 2492 2267 2541 954 [1925 155] 954 3780 [3090 156] 2375 1324 1093 2049 1370 [716 157] 1370 2049 3209 [650 158] 3491 2699 [3108 159] 2699 3491 3280 [3780 160] 954 1099 2997 [1751 161] 2997 2572 1371 [1072 162] 1371 2572 2997 [2433 163] 2997 [2572 164] [1646 165] 2498 230 923 922 934 [1790 166] 934 922 923 [460 167] 923 1033 1841 2003 [3885 168] 1959 1272 [2270 169] 90 [409 170] 312 349 [2796 171] 560 3285 2674 2858 263 [1011 172] 263 2858 2674 1796 3300 391 [1847 173] 391 2026 2090 [2683 174] 2090 2827 2603 1073 665 3787 [2202 175] 3787 2606 [227 176] 1516 2209 513 1838 1841 [792 177] 1841 2864 3443 [589 178] 375 178 [816 179] 178 1241 3805 2834 1475 [486 180] 1475 2196 [2011 181] 814 [3169 182] 814 2011 2498 230 [299 183] 145 2158 [319 184] [1136 185] 3198 3322 1460 [1358 186] [3002 187] 2124 3789 3347 [2211 188] [3291 189] 2211 810 2265 364 [3605 190] 1116 [1571 191] 1608 1601 1604 1472 [591 192] 2483 810 1694 [3494 193] 1694 [2482 194] 1694 1389 3054 2854 [1209 195] 2467 2549 2607 [109 196] 2607 2855 2681 38 [3920 197] 38 2975 134 3285 [2674 198] 1796 1238 3003 2996 2276 [2675 199] [2980 200] 2831 T
1446
1624 1619 1844 1212 721 206 [503 51] 206 [721 52] 3524 2211 3626 [2192 53] 3626 3234 [903 54] 2840 2304 3362 [2977 55] 2877 3766 [986 56] 1465 3054 1389 [1694 57] 1389 3054 2854 3055 3721 2112 [54 58] 2112 [3310 59] 46 1460 241 [2650 60] 241 1460 1446 1462 1845 3241 3774 [278 61] [3774 62] 3241 552 3072 [2018 63] 733 3143 2339 3216 2883 2272 [2498 64] 2272 2883 3313 3270 [3428 65] [186 66] 2691 2670 600 [1354 67] 600 3675 [1518 68] 1515 1245 482 276 1025 2483 591 [660 69] 591 1472 [1604 70] 1472 [688 71] 1472 591 660 280 3638 [504 72] 2975 2753 2196 2996 [2276 73] 2996 2196 2011 [3531 74] 2149 263 2858 [2301 75] 2858 263 2149 1983 [848 76] 3877 [1239 77] 3035 459 2244 2883 3313 3270 3428 [2131 78] 2882 1890 748 2619 2621 [3647 79] 2621 2619 2009 2598 2202 3787 665 [2511 80] [3490 81] 2550 1365 [2989 82] 1615 1830 1139 119 [789 83] 3063 [2198 84] [3063 85] 3052 2854 1965 [3423 86] 371 2337 1565 672 262 [2077 87] [262 88] 2374 1655 2850 3361 3735 [96 89] 1421 [3658 90] 1390 1388 1392 2739 1561 [3652 91] 1561 188 3423 371 2337 [1565 92] 1568 2209 1516 [1749 93] 1516 227 221 224 2745 [3018 94] [2745 95] 3571 1988 1971 1978 [55 96] 1978 1971 [1983 97] 1286 513 [3085 98] 513 2209 1516 2207 3341 724 [2942 99] [724 100] 3341 1368 [1021 101] 1994 [855 102] [2506 103] 855 1917 532 3132 [2987 104] 3132 532 3385 2163 [479 105] 1944 [2244 106] 459 [3035 107] 1029 3658 1390 [664 108] 1390 1388 1389 1694 3326 [3060 109] 858 1602 [1668 110] 2593 1703 3001 2996 [2999 111] 2996 2997 2433 2078 468 1247 [1429 112] 1247 1065 [2079 113] 245 181 [252 114] 1944 2244 459 2725 [2912 115] 2725 459 3035 [1029 116] 627 [3447 117] 627 1029 1339 1185 [1335 118] 1185 1339 472 373 729 [2787 119] 729 373 [3202 120] 373 [2765 121] 1020 581 [2766 122] 581 1443 [466 123] 1443 581 1020 2765 373 [2091 124] [2053 125] 1369 2036 [1727 126] 2036 1369 1455 2041 1847 1838 1396 [666 127] [443 128] 936 1817 [1825 129] 1817 1820 2664 1518 1515 [1520 130] 1515 1516 2207 2854 [3055 131] 2854 2207 1516 1515 1245 [482 132] [1245 133] [496 134] 1245 482 2492 2267 2541 991 3383 3385 [532 135] 1917 1863 [3380 136] 2651 1697 [3603 137] 1697 2272 2883 [2216 138] 2883 2839 [3221 139] 2839 [2883 140] 2272 [2570 141] 2272 2883 3313 3270 [1670 142] 2845 664 [1750 143] [2195 144] 2687 2507 454 347 [458 145] 3603 1697 2272 2883 [2839 146] 3221 216 715 [578 147] [715 148] 2122 1657 [36 149] 3055 2854 3054 1465 986 636 2217 3211 2566 [1273 150] [2566 151] 3211 3590 3009 [2421 152] 2376 1557 [2773 153] 1695 [378 154] 2492 2267 2541 954 [1925 155] 954 3780 [3090 156] 2375 1324 1093 2049 1370 [716 157] 1370 2049 3209 [650 158] 3491 2699 [3108 159] 2699 3491 3280 [3780 160] 954 1099 2997 [1751 161] 2997 2572 1371 [1072 162] 1371 2572 2997 [2433 163] 2997 [2572 164] [1646 165] 2498 230 923 922 934 [1790 166] 934 922 923 [460 167] 923 1033 1841 2003 [3885 168] 1959 1272 [2270 169] 90 [409 170] 312 349 [2796 171] 560 3285 2674 2858 263 [1011 172] 263 2858 2674 1796 3300 391 [1847 173] 391 2026 2090 [2683 174] 2090 2827 2603 1073 665 3787 [2202 175] 3787 2606 [227 176] 1516 2209 513 1838 1841 [792 177] 1841 2864 3443 [589 178] 375 178 [816 179] 178 1241 3805 2834 1475 [486 180] 1475 2196 [2011 181] 814 [3169 182] 814 2011 2498 230 [299 183] 145 2158 [319 184] [1136 185] 3198 3322 1460 [1358 186] [3002 187] 2124 3789 3347 [2211 188] [3291 189] 2211 810 2265 364 [3605 190] 1116 [1571 191] 1608 1601 1604 1472 [591 192] 2483 810 1694 [3494 193] 1694 [2482 194] 1694 1389 3054 2854 [1209 195] 2467 2549 2607 [109 196] 2607 2855 2681 38 [3920 197] 38 2975 134 3285 [2674 198] 1796 1238 3003 2996 2276 [2675 199] [2980 200] 2831 T
1446
721 3524 2211 [3347 52] 2211 3626 [2192 53] 3626 3234 [903 54] 2840 2304 3362 [2977 55] 2877 3766 [986 56] 1465 3054 1389 [1694 57] 1389 3054 2854 3055 3721 2112 [54 58] 2112 [3310 59] 46 1460 241 [2650 60] 241 1460 1446 1462 1845 3241 3774 [278 61] [3774 62] 3241 552 3072 [2018 63] 733 3143 2339 3216 2883 2272 [2498 64] 2272 2883 3313 3270 [3428 65] [186 66] 2691 2670 600 [1354 67] 600 3675 [1518 68] 1515 1245 482 276 1025 2483 591 [660 69] 591 1472 [1604 70] 1472 [688 71] 1472 591 660 280 3638 [504 72] 2975 2753 2196 2996 [2276 73] 2996 2196 2011 [3531 74] 2149 263 2858 [2301 75] 2858 263 2149 1983 [848 76] 3877 [1239 77] 3035 459 2244 2883 3313 3270 3428 [2131 78] 2882 1890 748 2619 2621 [3647 79] 2621 2619 2009 2598 2202 3787 665 [2511 80] [3490 81] 2550 1365 [2989 82] 1615 1830 1139 119 [789 83] 3063 [2198 84] [3063 85] 3052 2854 1965 [3423 86] 371 2337 1565 672 262 [2077 87] [262 88] 2374 1655 2850 3361 3735 [96 89] 1421 [3658 90] 1390 1388 1392 2739 1561 [3652 91] 1561 188 3423 371 2337 [1565 92] 1568 2209 1516 [1749 93] 1516 227 221 224 2745 [3018 94] [2745 95] 3571 1988 1971 1978 [55 96] 1978 1971 [1983 97] 1286 513 [3085 98] 513 2209 1516 2207 3341 724 [2942 99] [724 100] 3341 1368 [1021 101] 1994 [855 102] [2506 103] 855 1917 532 3132 [2987 104] 3132 532 3385 2163 [479 105] 1944 [2244 106] 459 [3035 107] 1029 3658 1390 [664 108] 1390 1388 1389 1694 3326 [3060 109] 858 1602 [1668 110] 2593 1703 3001 2996 [2999 111] 2996 2997 2433 2078 468 1247 [1429 112] 1247 1065 [2079 113] 245 181 [252 114] 1944 2244 459 2725 [2912 115] 2725 459 3035 [1029 116] 627 [3447 117] 627 1029 1339 1185 [1335 118] 1185 1339 472 373 729 [2787 119] 729 373 [3202 120] 373 [2765 121] 1020 581 [2766 122] 581 1443 [466 123] 1443 581 1020 2765 373 [2091 124] [2053 125] 1369 2036 [1727 126] 2036 1369 1455 2041 1847 1838 1396 [666 127] [443 128] 936 1817 [1825 129] 1817 1820 2664 1518 1515 [1520 130] 1515 1516 2207 2854 [3055 131] 2854 2207 1516 1515 1245 [482 132] [1245 133] [496 134] 1245 482 2492 2267 2541 991 3383 3385 [532 135] 1917 1863 [3380 136] 2651 1697 [3603 137] 1697 2272 2883 [2216 138] 2883 2839 [3221 139] 2839 [2883 140] 2272 [2570 141] 2272 2883 3313 3270 [1670 142] 2845 664 [1750 143] [2195 144] 2687 2507 454 347 [458 145] 3603 1697 2272 2883 [2839 146] 3221 216 715 [578 147] [715 148] 2122 1657 [36 149] 3055 2854 3054 1465 986 636 2217 3211 2566 [1273 150] [2566 151] 3211 3590 3009 [2421 152] 2376 1557 [2773 153] 1695 [378 154] 2492 2267 2541 954 [1925 155] 954 3780 [3090 156] 2375 1324 1093 2049 1370 [716 157] 1370 2049 3209 [650 158] 3491 2699 [3108 159] 2699 3491 3280 [3780 160] 954 1099 2997 [1751 161] 2997 2572 1371 [1072 162] 1371 2572 2997 [2433 163] 2997 [2572 164] [1646 165] 2498 230 923 922 934 [1790 166] 934 922 923 [460 167] 923 1033 1841 2003 [3885 168] 1959 1272 [2270 169] 90 [409 170] 312 349 [2796 171] 560 3285 2674 2858 263 [1011 172] 263 2858 2674 1796 3300 391 [1847 173] 391 2026 2090 [2683 174] 2090 2827 2603 1073 665 3787 [2202 175] 3787 2606 [227 176] 1516 2209 513 1838 1841 [792 177] 1841 2864 3443 [589 178] 375 178 [816 179] 178 1241 3805 2834 1475 [486 180] 1475 2196 [2011 181] 814 [3169 182] 814 2011 2498 230 [299 183] 145 2158 [319 184] [1136 185] 3198 3322 1460 [1358 186] [3002 187] 2124 3789 3347 [2211 188] [3291 189] 2211 810 2265 364 [3605 190] 1116 [1571 191] 1608 1601 1604 1472 [591 192] 2483 810 1694 [3494 193] 1694 [2482 194] 1694 1389 3054 2854 [1209 195] 2467 2549 2607 [109 196] 2607 2855 2681 38 [3920 197] 38 2975 134 3285 [2674 198] 1796 1238 3003 2996 2276 [2675 199] [2980 200] 2831 T
1459
2192 451 716 121 2198 3063 1654 [166 53] 1654 3585 712 1905 [2959 54] 1905 712 847 3350 780 2635 2220 [203 55] 1007 1678 788 47 636 [986 56] 1465 3054 1389 [1694 57] 1389 3054 2854 3055 3721 2112 [54 58] 2112 [3310 59] 46 1460 241 [2650 60] 241 1460 1446 1462 1845 3241 3774 [278 61] [3774 62] 3241 552 3072 [2018 63] 733 3143 2339 3216 2883 2272 [2498 64] 2272 2883 3313 3270 [3428 65] [186 66] 2691 2670 600 [1354 67] 600 3675 [1518 68] 1515 1245 482 276 1025 2483 591 [660 69] 591 1472 [1604 70] 1472 [688 71] 1472 591 660 280 3638 [504 72] 2975 2753 2196 2996 [2276 73] 2996 2196 2011 [3531 74] 2149 263 2858 [2301 75] 2858 263 2149 1983 [848 76] 3877 [1239 77] 3035 459 2244 2883 3313 3270 3428 [2131 78] 2882 1890 748 2619 2621 [3647 79] 2621 2619 2009 2598 2202 3787 665 [2511 80] [3490 81] 2550 1365 [2989 82] 1615 1830 1139 119 [789 83] 3063 [2198 84] [3063 85] 3052 2854 1965 [3423 86] 371 2337 1565 672 262 [2077 87] [262 88] 2374 1655 2850 3361 3735 [96 89] 1421 [3658 90] 1390 1388 1392 2739 1561 [3652 91] 1561 188 3423 371 2337 [1565 92] 1568 2209 1516 [1749 93] 1516 227 221 224 2745 [3018 94] [2745 95] 3571 1988 1971 1978 [55 96] 1978 1971 [1983 97] 1286 513 [3085 98] 513 2209 1516 2207 3341 724 [2942 99] [724 100] 3341 1368 [1021 101] 1994 [855 102] [2506 103] 855 1917 532 3132 [2987 104] 3132 532 3385 2163 [479 105] 1944 [2244 106] 459 [3035 107] 1029 3658 1390 [664 108] 1390 1388 1389 1694 3326 [3060 109] 858 1602 [1668 110] 2593 1703 3001 2996 [2999 111] 2996 2997 2433 2078 468 1247 [1429 112] 1247 1065 [2079 113] 245 181 [252 114] 1944 2244 459 2725 [2912 115] 2725 459 3035 [1029 116] 627 [3447 117] 627 1029 1339 1185 [1335 118] 1185 1339 472 373 729 [2787 119] 729 373 [3202 120] 373 [2765 121] 1020 581 [2766 122] 581 1443 [466 123] 1443 581 1020 2765 373 [2091 124] [2053 125] 1369 2036 [1727 126] 2036 1369 1455 2041 1847 1838 1396 [666 127] [443 128] 936 1817 [1825 129] 1817 1820 2664 1518 1515 [1520 130] 1515 1516 2207 2854 [3055 131] 2854 2207 1516 1515 1245 [482 132] [1245 133] [496 134] 1245 482 2492 2267 2541 991 3383 3385 [532 135] 1917 1863 [3380 136] 2651 1697 [3603 137] 1697 2272 2883 [2216 138] 2883 2839 [3221 139] 2839 [2883 140] 2272 [2570 141] 2272 2883 3313 3270 [1670 142] 2845 664 [1750 143] [2195 144] 2687 2507 454 347 [458 145] 3603 1697 2272 2883 [2839 146] 3221 216 715 [578 147] [715 148] 2122 1657 [36 149] 3055 2854 3054 1465 986 636 2217 3211 2566 [1273 150] [2566 151] 3211 3590 3009 [2421 152] 2376 1557 [2773 153] 1695 [378 154] 2492 2267 2541 954 [1925 155] 954 3780 [3090 156] 2375 1324 1093 2049 1370 [716 157] 1370 2049 3209 [650 158] 3491 2699 [3108 159] 2699 3491 3280 [3780 160] 954 1099 2997 [1751 161] 2997 2572 1371 [1072 162] 1371 2572 2997 [2433 163] 2997 [2572 164] [1646 165] 2498 230 923 922 934 [1790 166] 934 922 923 [460 167] 923 1033 1841 2003 [3885 168] 1959 1272 [2270 169] 90 [409 170] 312 349 [2796 171] 560 3285 2674 2858 263 [1011 172] 263 2858 2674 1796 3300 391 [1847 173] 391 2026 2090 [2683 174] 2090 2827 2603 1073 665 3787 [2202 175] 3787 2606 [227 176] 1516 2209 513 1838 1841 [792 177] 1841 2864 3443 [589 178] 375 178 [816 179] 178 1241 3805 2834 1475 [486 180] 1475 2196 [2011 181] 814 [3169 182] 814 2011 2498 230 [299 183] 145 2158 [319 184] [1136 185] 3198 3322 1460 [1358 186] [3002 187] 2124 3789 3347 [2211 188] [3291 189] 2211 810 2265 364 [3605 190] 1116 [1571 191] 1608 1601 1604 1472 [591 192] 2483 810 1694 [3494 193] 1694 [2482 194] 1694 1389 3054 2854 [1209 195] 2467 2549 2607 [109 196] 2607 2855 2681 38 [3920 197] 38 2975 134 3285 [2674 198] 1796 1238 3003 2996 2276 [2675 199] [2980 200] 2831 T
1456
903 2840 2304 3362 2977 3481 [474 54] 3481 [2977 55] 2877 3766 [986 56] 1465 3054 1389 [1694 57] 1389 3054 2854 3055 3721 2112 [54 58] 2112 [3310 59] 46 1460 241 [2650 60] 241 1460 1446 1462 1845 3241 3774 [278 61] [3774 62] 3241 552 3072 [2018 63] 733 3143 2339 3216 2883 2272 [2498 64] 2272 2883 3313 3270 [3428 65] [186 66] 2691 2670 600 [1354 67] 600 3675 [1518 68] 1515 1245 482 276 1025 2483 591 [660 69] 591 1472 [1604 70] 1472 [688 71] 1472 591 660 280 3638 [504 72] 2975 2753 2196 2996 [2276 73] 2996 2196 2011 [3531 74] 2149 263 2858 [2301 75] 2858 263 2149 1983 [848 76] 3877 [1239 77] 3035 459 2244 2883 3313 3270 3428 [2131 78] 2882 1890 748 2619 2621 [3647 79] 2621 2619 2009 2598 2202 3787 665 [2511 80] [3490 81] 2550 1365 [2989 82] 1615 1830 1139 119 [789 83] 3063 [2198 84] [3063 85] 3052 2854 1965 [3423 86] 371 2337 1565 672 262 [2077 87] [262 88] 2374 1655 2850 3361 3735 [96 89] 1421 [3658 90] 1390 1388 1392 2739 1561 [3652 91] 1561 188 3423 371 2337 [1565 92] 1568 2209 1516 [1749 93] 1516 227 221 224 2745 [3018 94] [2745 95] 3571 1988 1971 1978 [55 96] 1978 1971 [1983 97] 1286 513 [3085 98] 513 2209 1516 2207 3341 724 [2942 99] [724 100] 3341 1368 [1021 101] 1994 [855 102] [2506 103] 855 1917 532 3132 [2987 104] 3132 532 3385 2163 [479 105] 1944 [2244 106] 459 [3035 107] 1029 3658 1390 [664 108] 1390 1388 1389 1694 3326 [3060 109] 858 1602 [1668 110] 2593 1703 3001 2996 [2999 111] 2996 2997 2433 2078 468 1247 [1429 112] 1247 1065 [2079 113] 245 181 [252 114] 1944 2244 459 2725 [2912 115] 2725 459 3035 [1029 116] 627 [3447 117] 627 1029 1339 1185 [1335 118] 1185 1339 472 373 729 [2787 119] 729 373 [3202 120] 373 [2765 121] 1020 581 [2766 122] 581 1443 [466 123] 1443 581 1020 2765 373 [2091 124] [2053 125] 1369 2036 [1727 126] 2036 1369 1455 2041 1847 1838 1396 [666 127] [443 128] 936 1817 [1825 129] 1817 1820 2664 1518 1515 [1520 130] 1515 1516 2207 2854 [3055 131] 2854 2207 1516 1515 1245 [482 132] [1245 133] [496 134] 1245 482 2492 2267 2541 991 3383 3385 [532 135] 1917 1863 [3380 136] 2651 1697 [3603 137] 1697 2272 2883 [2216 138] 2883 2839 [3221 139] 2839 [2883 140] 2272 [2570 141] 2272 2883 3313 3270 [1670 142] 2845 664 [1750 143] [2195 144] 2687 2507 454 347 [458 145] 3603 1697 2272 2883 [2839 146] 3221 216 715 [578 147] [715 148] 2122 1657 [36 149] 3055 2854 3054 1465 986 636 2217 3211 2566 [1273 150] [2566 151] 3211 3590 3009 [2421 152] 2376 1557 [2773 153] 1695 [378 154] 2492 2267 2541 954 [1925 155] 954 3780 [3090 156] 2375 1324 1093 2049 1370 [716 157] 1370 2049 3209 [650 158] 3491 2699 [3108 159] 2699 3491 3280 [3780 160] 954 1099 2997 [1751 161] 2997 2572 1371 [1072 162] 1371 2572 2997 [2433 163] 2997 [2572 164] [1646 165] 2498 230 923 922 934 [1790 166] 934 922 923 [460 167] 923 1033 1841 2003 [3885 168] 1959 1272 [2270 169] 90 [409 170] 312 349 [2796 171] 560 3285 2674 2858 263 [1011 172] 263 2858 2674 1796 3300 391 [1847 173] 391 2026 2090 [2683 174] 2090 2827 2603 1073 665 3787 [2202 175] 3787 2606 [227 176] 1516 2209 513 1838 1841 [792 177] 1841 2864 3443 [589 178] 375 178 [816 179] 178 1241 3805 2834 1475 [486 180] 1475 2196 [2011 181] 814 [3169 182] 814 2011 2498 230 [299 183] 145 2158 [319 184] [1136 185] 3198 3322 1460 [1358 186] [3002 187] 2124 3789 3347 [2211 188] [3291 189] 2211 810 2265 364 [3605 190] 1116 [1571 191] 1608 1601 1604 1472 [591 192] 2483 810 1694 [3494 193] 1694 [2482 194] 1694 1389 3054 2854 [1209 195] 2467 2549 2607 [109 196] 2607 2855 2681 38 [3920 197] 38 2975 134 3285 [2674 198] 1796 1238 3003 2996 2276 [2675 199] [2980 200] 2831 T
1453
2977 3362 2304 1928 2302 3750 209 198 [203 55] 1007 1678 788 47 636 [986 56] 1465 3054 1389 [1694 57] 1389 3054 2854 3055 3721 2112 [54 58] 2112 [3310 59] 46 1460 241 [2650 60] 241 1460 1446 1462 1845 3241 3774 [278 61] [3774 62] 3241 552 3072 [2018 63] 733 3143 2339 3216 2883 2272 [2498 64] 2272 2883 3313 3270 [3428 65] [186 66] 2691 2670 600 [1354 67] 600 3675 [1518 68] 1515 1245 482 276 1025 2483 591 [660 69] 591 1472 [1604 70] 1472 [688 71] 1472 591 660 280 3638 [504 72] 2975 2753 2196 2996 [2276 73] 2996 2196 2011 [3531 74] 2149 263 2858 [2301 75] 2858 263 2149 1983 [848 76] 3877 [1239 77] 3035 459 2244 2883 3313 3270 3428 [2131 78] 2882 1890 748 2619 2621 [3647 79] 2621 2619 2009 2598 2202 3787 665 [2511 80] [3490 81] 2550 1365 [2989 82] 1615 1830 1139 119 [789 83] 3063 [2198 84] [3063 85] 3052 2854 1965 [3423 86] 371 2337 1565 672 262 [2077 87] [262 88] 2374 1655 2850 3361 3735 [96 89] 1421 [3658 90] 1390 1388 1392 2739 1561 [3652 91] 1561 188 3423 371 2337 [1565 92] 1568 2209 1516 [1749 93] 1516 227 221 224 2745 [3018 94] [2745 95] 3571 1988 1971 1978 [55 96] 1978 1971 [1983 97] 1286 513 [3085 98] 513 2209 1516 2207 3341 724 [2942 99] [724 100] 3341 1368 [1021 101] 1994 [855 102] [2506 103] 855 1917 532 3132 [2987 104] 3132 532 3385 2163 [479 105] 1944 [2244 106] 459 [3035 107] 1029 3658 1390 [664 108] 1390 1388 1389 1694 3326 [3060 109] 858 1602 [1668 110] 2593 1703 3001 2996 [2999 111] 2996 2997 2433 2078 468 1247 [1429 112] 1247 1065 [2079 113] 245 181 [252 114] 1944 2244 459 2725 [2912 115] 2725 459 3035 [1029 116] 627 [3447 117] 627 1029 1339 1185 [1335 118] 1185 1339 472 373 729 [2787 119] 729 373 [3202 120] 373 [2765 121] 1020 581 [2766 122] 581 1443 [466 123] 1443 581 1020 2765 373 [2091 124] [2053 125] 1369 2036 [1727 126] 2036 1369 1455 2041 1847 1838 1396 [666 127] [443 128] 936 1817 [1825 129] 1817 1820 2664 1518 1515 [1520 130] 1515 1516 2207 2854 [3055 131] 2854 2207 1516 1515 1245 [482 132] [1245 133] [496 134] 1245 482 2492 2267 2541 991 3383 3385 [532 135] 1917 1863 [3380 136] 2651 1697 [3603 137] 1697 2272 2883 [2216 138] 2883 2839 [3221 139] 2839 [2883 140] 2272 [2570 141] 2272 2883 3313 3270 [1670 142] 2845 664 [1750 143] [2195 144] 2687 2507 454 347 [458 145] 3603 1697 2272 2883 [2839 146] 3221 216 715 [578 147] [715 148] 2122 1657 [36 149] 3055 2854 3054 1465 986 636 2217 3211 2566 [1273 150] [2566 151] 3211 3590 3009 [2421 152] 2376 1557 [2773 153] 1695 [378 154] 2492 2267 2541 954 [1925 155] 954 3780 [3090 156] 2375 1324 1093 2049 1370 [716 157] 1370 2049 3209 [650 158] 3491 2699 [3108 159] 2699 3491 3280 [3780 160] 954 1099 2997 [1751 161] 2997 2572 1371 [1072 162] 1371 2572 2997 [2433 163] 2997 [2572 164] [1646 165] 2498 230 923 922 934 [1790 166] 934 922 923 [460 167] 923 1033 1841 2003 [3885 168] 1959 1272 [2270 169] 90 [409 170] 312 349 [2796 171] 560 3285 2674 2858 263 [1011 172] 263 2858 2674 1796 3300 391 [1847 173] 391 2026 2090 [2683 174] 2090 2827 2603 1073 665 3787 [2202 175] 3787 2606 [227 176] 1516 2209 513 1838 1841 [792 177] 1841 2864 3443 [589 178] 375 178 [816 179] 178 1241 3805 2834 1475 [486 180] 1475 2196 [2011 181] 814 [3169 182] 814 2011 2498 230 [299 183] 145 2158 [319 184] [1136 185] 3198 3322 1460 [1358 186] [3002 187] 2124 3789 3347 [2211 188] [3291 189] 2211 810 2265 364 [3605 190] 1116 [1571 191] 1608 1601 1604 1472 [591 192] 2483 810 1694 [3494 193] 1694 [2482 194] 1694 1389 3054 2854 [1209 195] 2467 2549 2607 [109 196] 2607 2855 2681 38 [3920 197] 38 2975 134 3285 [2674 198] 1796 1238 3003 2996 2276 [2675 199] [2980 200] 2831 T
1452
986 1465 3054 914 121 716 [1370 56] 716 121 914 3054 1389 [1694 57] 1389 3054 2854 3055 3721 2112 [54 58] 2112 [3310 59] 46 1460 241 [2650 60] 241 1460 1446 1462 1845 3241 3774 [278 61] [3774 62] 3241 552 3072 [2018 63] 733 3143 2339 3216 2883 2272 [2498 64] 2272 2883 3313 3270 [3428 65] [186 66] 2691 2670 600 [1354 67] 600 3675 [1518 68] 1515 1245 482 276 1025 2483 591 [660 69] 591 1472 [1604 70] 1472 [688 71] 1472 591 660 280 3638 [504 72] 2975 2753 2196 2996 [2276 73] 2996 2196 2011 [3531 74] 2149 263 2858 [2301 75] 2858 263 2149 1983 [848 76] 3877 [1239 77] 3035 459 2244 2883 3313 3270 3428 [2131 78] 2882 1890 748 2619 2621 [3647 79] 2621 2619 2009 2598 2202 3787 665 [2511 80] [3490 81] 2550 1365 [2989 82] 1615 1830 1139 119 [789 83] 3063 [2198 84] [3063 85] 3052 2854 1965 [3423 86] 371 2337 1565 672 262 [2077 87] [262 88] 2374 1655 2850 3361 3735 [96 89] 1421 [3658 90] 1390 1388 1392 2739 1561 [3652 91] 1561 188 3423 371 2337 [1565 92] 1568 2209 1516 [1749 93] 1516 227 221 224 2745 [3018 94] [2745 95] 3571 1988 1971 1978 [55 96] 1978 1971 [1983 97] 1286 513 [3085 98] 513 2209 1516 2207 3341 724 [2942 99] [724 100] 3341 1368 [1021 101] 1994 [855 102] [2506 103] 855 1917 532 3132 [2987 104] 3132 532 3385 2163 [479 105] 1944 [2244 106] 459 [3035 107] 1029 3658 1390 [664 108] 1390 1388 1389 1694 3326 [3060 109] 858 1602 [1668 110] 2593 1703 3001 2996 [2999 111] 2996 2997 2433 2078 468 1247 [1429 112] 1247 1065 [2079 113] 245 181 [252 114] 1944 2244 459 2725 [2912 115] 2725 459 3035 [1029 116] 627 [3447 117] 627 1029 1339 1185 [1335 118] 1185 1339 472 373 729 [2787 119] 729 373 [3202 120] 373 [2765 121] 1020 581 [2766 122] 581 1443 [466 123] 1443 581 1020 2765 373 [2091 124] [2053 125] 1369 2036 [1727 126] 2036 1369 1455 2041 1847 1838 1396 [666 127] [443 128] 936 1817 [1825 129] 1817 1820 2664 1518 1515 [1520 130] 1515 1516 2207 2854 [3055 131] 2854 2207 1516 1515 1245 [482 132] [1245 133] [496 134] 1245 482 2492 2267 2541 991 3383 3385 [532 135] 1917 1863 [3380 136] 2651 1697 [3603 137] 1697 2272 2883 [2216 138] 2883 2839 [3221 139] 2839 [2883 140] 2272 [2570 141] 2272 2883 3313 3270 [1670 142] 2845 664 [1750 143] [2195 144] 2687 2507 454 347 [458 145] 3603 1697 2272 2883 [2839 146] 3221 216 715 [578 147] [715 148] 2122 1657 [36 149] 3055 2854 3054 1465 986 636 2217 3211 2566 [1273 150] [2566 151] 3211 3590 3009 [2421 152] 2376 1557 [2773 153] 1695 [378 154] 2492 2267 2541 954 [1925 155] 954 3780 [3090 156] 2375 1324 1093 2049 1370 [716 157] 1370 2049 3209 [650 158] 3491 2699 [3108 159] 2699 3491 3280 [3780 160] 954 1099 2997 [1751 161] 2997 2572 1371 [1072 162] 1371 2572 2997 [2433 163] 2997 [2572 164] [1646 165] 2498 230 923 922 934 [1790 166] 934 922 923 [460 167] 923 1033 1841 2003 [3885 168] 1959 1272 [2270 169] 90 [409 170] 312 349 [2796 171] 560 3285 2674 2858 263 [1011 172] 263 2858 2674 1796 3300 391 [1847 173] 391 2026 2090 [2683 174] 2090 2827 2603 1073 665 3787 [2202 175] 3787 2606 [227 176] 1516 2209 513 1838 1841 [792 177] 1841 2864 3443 [589 178] 375 178 [816 179] 178 1241 3805 2834 1475 [486 180] 1475 2196 [2011 181] 814 [3169 182] 814 2011 2498 230 [299 183] 145 2158 [319 184] [1136 185] 3198 3322 1460 [1358 186] [3002 187] 2124 3789 3347 [2211 188] [3291 189] 2211 810 2265 364 [3605 190] 1116 [1571 191] 1608 1601 1604 1472 [591 192] 2483 810 1694 [3494 193] 1694 [2482 194] 1694 1389 3054 2854 [1209 195] 2467 2549 2607 [109 196] 2607 2855 2681 38 [3920 197] 38 2975 134 3285 [2674 198] 1796 1238 3003 2996 2276 [2675 199] [2980 200] 2831 T
1451
1694 2584 1457 695 [2075 57] 695 3705 309 [2227 58] 55 1404 1643 2431 [2294 59] 2431 3023 1584 [3491 60] 2699 3129 1787 3774 [278 61] [3774 62] 3241 552 3072 [2018 63] 733 3143 2339 3216 2883 2272 [2498 64] 2272 2883 3313 3270 [3428 65] [186 66] 2691 2670 600 [1354 67] 600 3675 [1518 68] 1515 1245 482 276 1025 2483 591 [660 69] 591 1472 [1604 70] 1472 [688 71] 1472 591 660 280 3638 [504 72] 2975 2753 2196 2996 [2276 73] 2996 2196 2011 [3531 74] 2149 263 2858 [2301 75] 2858 263 2149 1983 [848 76] 3877 [1239 77] 3035 459 2244 2883 3313 3270 3428 [2131 78] 2882 1890 748 2619 2621 [3647 79] 2621 2619 2009 2598 2202 3787 665 [2511 80] [3490 81] 2550 1365 [2989 82] 1615 1830 1139 119 [789 83] 3063 [2198 84] [3063 85] 3052 2854 1965 [3423 86] 371 2337 1565 672 262 [2077 87] [262 88] 2374 1655 2850 3361 3735 [96 89] 1421 [3658 90] 1390 1388 1392 2739 1561 [3652 91] 1561 188 3423 371 2337 [1565 92] 1568 2209 1516 [1749 93] 1516 227 221 224 2745 [3018 94] [2745 95] 3571 1988 1971 1978 [55 96] 1978 1971 [1983 97] 1286 513 [3085 98] 513 2209 1516 2207 3341 724 [2942 99] [724 100] 3341 1368 [1021 101] 1994 [855 102] [2506 103] 855 1917 532 3132 [2987 104] 3132 532 3385 2163 [479 105] 1944 [2244 106] 459 [3035 107] 1029 3658 1390 [664 108] 1390 1388 1389 1694 3326 [3060 109] 858 1602 [1668 110] 2593 1703 3001 2996 [2999 111] 2996 2997 2433 2078 468 1247 [1429 112] 1247 1065 [2079 113] 245 181 [252 114] 1944 2244 459 2725 [2912 115] 2725 459 3035 [1029 116] 627 [3447 117] 627 1029 1339 1185 [1335 118] 1185 1339 472 373 729 [2787 119] 729 373 [3202 120] 373 [2765 121] 1020 581 [2766 122] 581 1443 [466 123] 1443 581 1020 2765 373 [2091 124] [2053 125] 1369 2036 [1727 126] 2036 1369 1455 2041 1847 1838 1396 [666 127] [443 128] 936 1817 [1825 129] 1817 1820 2664 1518 1515 [1520 130] 1515 1516 2207 2854 [3055 131] 2854 2207 1516 1515 1245 [482 132] [1245 133] [496 134] 1245 482 2492 2267 2541 991 3383 3385 [532 135] 1917 1863 [3380 136] 2651 1697 [3603 137] 1697 2272 2883 [2216 138] 2883 2839 [3221 139] 2839 [2883 140] 2272 [2570 141] 2272 2883 3313 3270 [1670 142] 2845 664 [1750 143] [2195 144] 2687 2507 454 347 [458 145] 3603 1697 2272 2883 [2839 146] 3221 216 715 [578 147] [715 148] 2122 1657 [36 149] 3055 2854 3054 1465 986 636 2217 3211 2566 [1273 150] [2566 151] 3211 3590 3009 [2421 152] 2376 1557 [2773 153] 1695 [378 154] 2492 2267 2541 954 [1925 155] 954 3780 [3090 156] 2375 1324 1093 2049 1370 [716 157] 1370 2049 3209 [650 158] 3491 2699 [3108 159] 2699 3491 3280 [3780 160] 954 1099 2997 [1751 161] 2997 2572 1371 [1072 162] 1371 2572 2997 [2433 163] 2997 [2572 164] [1646 165] 2498 230 923 922 934 [1790 166] 934 922 923 [460 167] 923 1033 1841 2003 [3885 168] 1959 1272 [2270 169] 90 [409 170] 312 349 [2796 171] 560 3285 2674 2858 263 [1011 172] 263 2858 2674 1796 3300 391 [1847 173] 391 2026 2090 [2683 174] 2090 2827 2603 1073 665 3787 [2202 175] 3787 2606 [227 176] 1516 2209 513 1838 1841 [792 177] 1841 2864 3443 [589 178] 375 178 [816 179] 178 1241 3805 2834 1475 [486 180] 1475 2196 [2011 181] 814 [3169 182] 814 2011 2498 230 [299 183] 145 2158 [319 184] [1136 185] 3198 3322 1460 [1358 186] [3002 187] 2124 3789 3347 [2211 188] [3291 189] 2211 810 2265 364 [3605 190] 1116 [1571 191] 1608 1601 1604 1472 [591 192] 2483 810 1694 [3494 193] 1694 [2482 194] 1694 1389 3054 2854 [1209 195] 2467 2549 2607 [109 196] 2607 2855 2681 38 [3920 197] 38 2975 134 3285 [2674 198] 1796 1238 3003 2996 2276 [2675 199] [2980 200] 2831 T
1458
54 2112 3310 [1773 58] [3310 59] 46 1460 241 [2650 60] 241 1460 1446 1462 1845 3241 3774 [278 61] [3774 62] 3241 552 3072 [2018 63] 733 3143 2339 3216 2883 2272 [2498 64] 2272 2883 3313 3270 [3428 65] [186 66] 2691 2670 600 [1354 67] 600 3675 [1518 68] 1515 1245 482 276 1025 2483 591 [660 69] 591 1472 [1604 70] 1472 [688 71] 1472 591 660 280 3638 [504 72] 2975 2753 2196 2996 [2276 73] 2996 2196 2011 [3531 74] 2149 263 2858 [2301 75] 2858 263 2149 1983 [848 76] 3877 [1239 77] 3035 459 2244 2883 3313 3270 3428 [2131 78] 2882 1890 748 2619 2621 [3647 79] 2621 2619 2009 2598 2202 3787 665 [2511 80] [3490 81] 2550 1365 [2989 82] 1615 1830 1139 119 [789 83] 3063 [2198 84] [3063 85] 3052 2854 1965 [3423 86] 371 2337 1565 672 262 [2077 87] [262 88] 2374 1655 2850 3361 3735 [96 89] 1421 [3658 90] 1390 1388 1392 2739 1561 [3652 91] 1561 188 3423 371 2337 [1565 92] 1568 2209 1516 [1749 93] 1516 227 221 224 2745 [3018 94] [2745 95] 3571 1988 1971 1978 [55 96] 1978 1971 [1983 97] 1286 513 [3085 98] 513 2209 1516 2207 3341 724 [2942 99] [724 100] 3341 1368 [1021 101] 1994 [855 102] [2506 103] 855 1917 532 3132 [2987 104] 3132 532 3385 2163 [479 105] 1944 [2244 106] 459 [3035 107] 1029 3658 1390 [664 108] 1390 1388 1389 1694 3326 [3060 109] 858 1602 [1668 110] 2593 1703 3001 2996 [2999 111] 2996 2997 2433 2078 468 1247 [1429 112] 1247 1065 [2079 113] 245 181 [252 114] 1944 2244 459 2725 [2912 115] 2725 459 3035 [1029 116] 627 [3447 117] 627 1029 1339 1185 [1335 118] 1185 1339 472 373 729 [2787 119] 729 373 [3202 120] 373 [2765 121] 1020 581 [2766 122] 581 1443 [466 123] 1443 581 1020 2765 373 [2091 124] [2053 125] 1369 2036 [1727 126] 2036 1369 1455 2041 1847 1838 1396 [666 127] [443 128] 936 1817 [1825 129] 1817 1820 2664 1518 1515 [1520 130] 1515 1516 2207 2854 [3055 131] 2854 2207 1516 1515 1245 [482 132] [1245 133] [496 134] 1245 482 2492 2267 2541 991 3383 3385 [532 135] 1917 1863 [3380 136] 2651 1697 [3603 137] 1697 2272 2883 [2216 138] 2883 2839 [3221 139] 2839 [2883 140] 2272 [2570 141] 2272 2883 3313 3270 [1670 142] 2845 664 [1750 143] [2195 144] 2687 2507 454 347 [458 145] 3603 1697 2272 2883 [2839 146] 3221 216 715 [578 147] [715 148] 2122 1657 [36 149] 3055 2854 3054 1465 986 636 2217 3211 2566 [1273 150] [2566 151] 3211 3590 3009 [2421 152] 2376 1557 [2773 153] 1695 [378 154] 2492 2267 2541 954 [1925 155] 954 3780 [3090 156] 2375 1324 1093 2049 1370 [716 157] 1370 2049 3209 [650 158] 3491 2699 [3108 159] 2699 3491 3280 [3780 160] 954 1099 2997 [1751 161] 2997 2572 1371 [1072 162] 1371 2572 2997 [2433 163] 2997 [2572 164] [1646 165] 2498 230 923 922 934 [1790 166] 934 922 923 [460 167] 923 1033 1841 2003 [3885 168] 1959 1272 [2270 169] 90 [409 170] 312 349 [2796 171] 560 3285 2674 2858 263 [1011 172] 263 2858 2674 1796 3300 391 [1847 173] 391 2026 2090 [2683 174] 2090 2827 2603 1073 665 3787 [2202 175] 3787 2606 [227 176] 1516 2209 513 1838 1841 [792 177] 1841 2864 3443 [589 178] 375 178 [816 179] 178 1241 3805 2834 1475 [486 180] 1475 2196 [2011 181] 814 [3169 182] 814 2011 2498 230 [299 183] 145 2158 [319 184] [1136 185] 3198 3322 1460 [1358 186] [3002 187] 2124 3789 3347 [2211 188] [3291 189] 2211 810 2265 364 [3605 190] 1116 [1571 191] 1608 1601 1604 1472 [591 192] 2483 810 1694 [3494 193] 1694 [2482 194] 1694 1389 3054 2854 [1209 195] 2467 2549 2607 [109 196] 2607 2855 2681 38 [3920 197] 38 2975 134 3285 [2674 198] 1796 1238 3003 2996 2276 [2675 199] [2980 200] 2831 T
1453
3310 46 329 938 956 [960 59] 956 968 1988 [3571 60] 1870 2211 3626 2192 3774 [278 61] [3774 62] 3241 552 3072 [2018 63] 733 3143 2339 3216 2883 2272 [2498 64] 2272 2883 3313 3270 [3428 65] [186 66] 2691 2670 600 [1354 67] 600 3675 [1518 68] 1515 1245 482 276 1025 2483 591 [660 69] 591 1472 [1604 70] 1472 [688 71] 1472 591 660 280 3638 [504 72] 2975 2753 2196 2996 [2276 73] 2996 2196 2011 [3531 74] 2149 263 2858 [2301 75] 2858 263 2149 1983 [848 76] 3877 [1239 77] 3035 459 2244 2883 3313 3270 3428 [2131 78] 2882 1890 748 2619 2621 [3647 79] 2621 2619 2009 2598 2202 3787 665 [2511 80] [3490 81] 2550 1365 [2989 82] 1615 1830 1139 119 [789 83] 3063 [2198 84] [3063 85] 3052 2854 1965 [3423 86] 371 2337 1565 672 262 [2077 87] [262 88] 2374 1655 2850 3361 3735 [96 89] 1421 [3658 90] 1390 1388 1392 2739 1561 [3652 91] 1561 188 3423 371 2337 [1565 92] 1568 2209 1516 [1749 93] 1516 227 221 224 2745 [3018 94] [2745 95] 3571 1988 1971 1978 [55 96] 1978 1971 [1983 97] 1286 513 [3085 98] 513 2209 1516 2207 3341 724 [2942 99] [724 100] 3341 1368 [1021 101] 1994 [855 102] [2506 103] 855 1917 532 3132 [2987 104] 3132 532 3385 2163 [479 105] 1944 [2244 106] 459 [3035 107] 1029 3658 1390 [664 108] 1390 1388 1389 1694 3326 [3060 109] 858 1602 [1668 110] 2593 1703 3001 2996 [2999 111] 2996 2997 2433 2078 468 1247 [1429 112] 1247 1065 [2079 113] 245 181 [252 114] 1944 2244 459 2725 [2912 115] 2725 459 3035 [1029 116] 627 [3447 117] 627 1029 1339 1185 [1335 118] 1185 1339 472 373 729 [2787 119] 729 373 [3202 120] 373 [2765 121] 1020 581 [2766 122] 581 1443 [466 123] 1443 581 1020 2765 373 [2091 124] [2053 125] 1369 2036 [1727 126] 2036 1369 1455 2041 1847 1838 1396 [666 127] [443 128] 936 1817 [1825 129] 1817 1820 2664 1518 1515 [1520 130] 1515 1516 2207 2854 [3055 131] 2854 2207 1516 1515 1245 [482 132] [1245 133] [496 134] 1245 482 2492 2267 2541 991 3383 3385 [532 135] 1917 1863 [3380 136] 2651 1697 [3603 137] 1697 2272 2883 [2216 138] 2883 2839 [3221 139] 2839 [2883 140] 2272 [2570 141] 2272 2883 3313 3270 [1670 142] 2845 664 [1750 143] [2195 144] 2687 2507 454 347 [458 145] 3603 1697 2272 2883 [2839 146] 3221 216 715 [578 147] [715 148] 2122 1657 [36 149] 3055 2854 3054 1465 986 636 2217 3211 2566 [1273 150] [2566 151] 3211 3590 3009 [2421 152] 2376 1557 [2773 153] 1695 [378 154] 2492 2267 2541 954 [1925 155] 954 3780 [3090 156] 2375 1324 1093 2049 1370 [716 157] 1370 2049 3209 [650 158] 3491 2699 [3108 159] 2699 3491 3280 [3780 160] 954 1099 2997 [1751 161] 2997 2572 1371 [1072 162] 1371 2572 2997 [2433 163] 2997 [2572 164] [1646 165] 2498 230 923 922 934 [1790 166] 934 922 923 [460 167] 923 1033 1841 2003 [3885 168] 1959 1272 [2270 169] 90 [409 170] 312 349 [2796 171] 560 3285 2674 2858 263 [1011 172] 263 2858 2674 1796 3300 391 [1847 173] 391 2026 2090 [2683 174] 2090 2827 2603 1073 665 3787 [2202 175] 3787 2606 [227 176] 1516 2209 513 1838 1841 [792 177] 1841 2864 3443 [589 178] 375 178 [816 179] 178 1241 3805 2834 1475 [486 180] 1475 2196 [2011 181] 814 [3169 182] 814 2011 2498 230 [299 183] 145 2158 [319 184] [1136 185] 3198 3322 1460 [1358 186] [3002 187] 2124 3789 3347 [2211 188] [3291 189] 2211 810 2265 364 [3605 190] 1116 [1571 191] 1608 1601 1604 1472 [591 192] 2483 810 1694 [3494 193] 1694 [2482 194] 1694 1389 3054 2854 [1209 195] 2467 2549 2607 [109 196] 2607 2855 2681 38 [3920 197] 38 2975 134 3285 [2674 198] 1796 1238 3003 2996 2276 [2675 199] [2980 200] 2831 T
1453
2650 241 1460 46 3094 3093 [1390 60] 3093 3094 2238 3705 [3837 61] 3705 695 3424 3600 93 1439 [3536 62] 1439 [93 63] 2997 2433 [778 64] 2433 2997 2996 3001 [1703 65] 3001 3494 1694 [2584 66] 1694 3494 [149 67] 3494 1694 2482 210 [1426 68] 210 198 215 280 [660 69] 591 1472 [1604 70] 1472 [688 71] 1472 591 660 280 3638 [504 72] 2975 2753 2196 2996 [2276 73] 2996 2196 2011 [3531 74] 2149 263 2858 [2301 75] 2858 263 2149 1983 [848 76] 3877 [1239 77] 3035 459 2244 2883 3313 3270 3428 [2131 78] 2882 1890 748 2619 2621 [3647 79] 2621 2619 2009 2598 2202 3787 665 [2511 80] [3490 81] 2550 1365 [2989 82] 1615 1830 1139 119 [789 83] 3063 [2198 84] [3063 85] 3052 2854 1965 [3423 86] 371 2337 1565 672 262 [2077 87] [262 88] 2374 1655 2850 3361 3735 [96 89] 1421 [3658 90] 1390 1388 1392 2739 1561 [3652 91] 1561 188 3423 371 2337 [1565 92] 1568 2209 1516 [1749 93] 1516 227 221 224 2745 [3018 94] [2745 95] 3571 1988 1971 1978 [55 96] 1978 1971 [1983 97] 1286 513 [3085 98] 513 2209 1516 2207 3341 724 [2942 99] [724 100] 3341 1368 [1021 101] 1994 [855 102] [2506 103] 855 1917 532 3132 [2987 104] 3132 532 3385 2163 [479 105] 1944 [2244 106] 459 [3035 107] 1029 3658 1390 [664 108] 1390 1388 1389 1694 3326 [3060 109] 858 1602 [1668 110] 2593 1703 3001 2996 [2999 111] 2996 2997 2433 2078 468 1247 [1429 112] 1247 1065 [2079 113] 245 181 [252 114] 1944 2244 459 2725 [2912 115] 2725 459 3035 [1029 116] 627 [3447 117] 627 1029 1339 1185 [1335 118] 1185 1339 472 373 729 [2787 119] 729 373 [3202 120] 373 [2765 121] 1020 581 [2766 122] 581 1443 [466 123] 1443 581 1020 2765 373 [2091 124] [2053 125] 1369 2036 [1727 126] 2036 1369 1455 2041 1847 1838 1396 [666 127] [443 128] 936 1817 [1825 129] 1817 1820 2664 1518 1515 [1520 130] 1515 1516 2207 2854 [3055 131] 2854 2207 1516 1515 1245 [482 132] [1245 133] [496 134] 1245 482 2492 2267 2541 991 3383 3385 [532 135] 1917 1863 [3380 136] 2651 1697 [3603 137] 1697 2272 2883 [2216 138] 2883 2839 [3221 139] 2839 [2883 140] 2272 [2570 141] 2272 2883 3313 3270 [1670 142] 2845 664 [1750 143] [2195 144] 2687 2507 454 347 [458 145] 3603 1697 2272 2883 [2839 146] 3221 216 715 [578 147] [715 148] 2122 1657 [36 149] 3055 2854 3054 1465 986 636 2217 3211 2566 [1273 150] [2566 151] 3211 3590 3009 [2421 152] 2376 1557 [2773 153] 1695 [378 154] 2492 2267 2541 954 [1925 155] 954 3780 [3090 156] 2375 1324 1093 2049 1370 [716 157] 1370 2049 3209 [650 158] 3491 2699 [3108 159] 2699 3491 3280 [3780 160] 954 1099 2997 [1751 161] 2997 2572 1371 [1072 162] 1371 2572 2997 [2433 163] 2997 [2572 164] [1646 165] 2498 230 923 922 934 [1790 166] 934 922 923 [460 167] 923 1033 1841 2003 [3885 168] 1959 1272 [2270 169] 90 [409 170] 312 349 [2796 171] 560 3285 2674 2858 263 [1011 172] 263 2858 2674 1796 3300 391 [1847 173] 391 2026 2090 [2683 174] 2090 2827 2603 1073 665 3787 [2202 175] 3787 2606 [227 176] 1516 2209 513 1838 1841 [792 177] 1841 2864 3443 [589 178] 375 178 [816 179] 178 1241 3805 2834 1475 [486 180] 1475 2196 [2011 181] 814 [3169 182] 814 2011 2498 230 [299 183] 145 2158 [319 184] [1136 185] 3198 3322 1460 [1358 186] [3002 187] 2124 3789 3347 [2211 188] [3291 189] 2211 810 2265 364 [3605 190] 1116 [1571 191] 1608 1601 1604 1472 [591 192] 2483 810 1694 [3494 193] 1694 [2482 194] 1694 1389 3054 2854 [1209 195] 2467 2549 2607 [109 196] 2607 2855 2681 38 [3920 197] 38 2975 134 3285 [2674 198] 1796 1238 3003 2996 2276 [2675 199] [2980 200] 2831 T
1458
278 3774 2192 2970 2194 2259 [2261 61] 3472 3845 565 3070 [3536 62] 1439 [93 63] 2997 2433 [778 64] 2433 2997 2996 3001 [1703 65] 3001 3494 1694 [2584 66] 1694 3494 [149 67] 3494 1694 2482 210 [1426 68] 210 198 215 280 [660 69] 591 1472 [1604 70] 1472 [688 71] 1472 591 660 280 3638 [504 72] 2975 2753 2196 2996 [2276 73] 2996 2196 2011 [3531 74] 2149 263 2858 [2301 75] 2858 263 2149 1983 [848 76] 3877 [1239 77] 3035 459 2244 2883 3313 3270 3428 [2131 78] 2882 1890 748 2619 2621 [3647 79] 2621 2619 2009 2598 2202 3787 665 [2511 80] [3490 81] 2550 1365 [2989 82] 1615 1830 1139 119 [789 83] 3063 [2198 84] [3063 85] 3052 2854 1965 [3423 86] 371 2337 1565 672 262 [2077 87] [262 88] 2374 1655 2850 3361 3735 [96 89] 1421 [3658 90] 1390 1388 1392 2739 1561 [3652 91] 1561 188 3423 371 2337 [1565 92] 1568 2209 1516 [1749 93] 1516 227 221 224 2745 [3018 94] [2745 95] 3571 1988 1971 1978 [55 96] 1978 1971 [1983 97] 1286 513 [3085 98] 513 2209 1516 2207 3341 724 [2942 99] [724 100] 3341 1368 [1021 101] 1994 [855 102] [2506 103] 855 1917 532 3132 [2987 104] 3132 532 3385 2163 [479 105] 1944 [2244 106] 459 [3035 107] 1029 3658 1390 [664 108] 1390 1388 1389 1694 3326 [3060 109] 858 1602 [1668 110] 2593 1703 3001 2996 [2999 111] 2996 2997 2433 2078 468 1247 [1429 112] 1247 1065 [2079 113] 245 181 [252 114] 1944 2244 459 2725 [2912 115] 2725 459 3035 [1029 116] 627 [3447 117] 627 1029 1339 1185 [1335 118] 1185 1339 472 373 729 [2787 119] 729 373 [3202 120] 373 [2765 121] 1020 581 [2766 122] 581 1443 [466 123] 1443 581 1020 2765 373 [2091 124] [2053 125] 1369 2036 [1727 126] 2036 1369 1455 2041 1847 1838 1396 [666 127] [443 128] 936 1817 [1825 129] 1817 1820 2664 1518 1515 [1520 130] 1515 1516 2207 2854 [3055 131] 2854 2207 1516 1515 1245 [482 132] [1245 133] [496 134] 1245 482 2492 2267 2541 991 3383 3385 [532 135] 1917 1863 [3380 136] 2651 1697 [3603 137] 1697 2272 2883 [2216 138] 2883 2839 [3221 139] 2839 [2883 140] 2272 [2570 141] 2272 2883 3313 3270 [1670 142] 2845 664 [1750 143] [2195 144] 2687 2507 454 347 [458 145] 3603 1697 2272 2883 [2839 146] 3221 216 715 [578 147] [715 148] 2122 1657 [36 149] 3055 2854 3054 1465 986 636 2217 3211 2566 [1273 150] [2566 151] 3211 3590 3009 [2421 152] 2376 1557 [2773 153] 1695 [378 154] 2492 2267 2541 954 [1925 155] 954 3780 [3090 156] 2375 1324 1093 2049 1370 [716 157] 1370 2049 3209 [650 158] 3491 2699 [3108 159] 2699 3491 3280 [3780 160] 954 1099 2997 [1751 161] 2997 2572 1371 [1072 162] 1371 2572 2997 [2433 163] 2997 [2572 164] [1646 165] 2498 230 923 922 934 [1790 166] 934 922 923 [460 167] 923 1033 1841 2003 [3885 168] 1959 1272 [2270 169] 90 [409 170] 312 349 [2796 171] 560 3285 2674 2858 263 [1011 172] 263 2858 2674 1796 3300 391 [1847 173] 391 2026 2090 [2683 174] 2090 2827 2603 1073 665 3787 [2202 175] 3787 2606 [227 176] 1516 2209 513 1838 1841 [792 177] 1841 2864 3443 [589 178] 375 178 [816 179] 178 1241 3805 2834 1475 [486 180] 1475 2196 [2011 181] 814 [3169 182] 814 2011 2498 230 [299 183] 145 2158 [319 184] [1136 185] 3198 3322 1460 [1358 186] [3002 187] 2124 3789 3347 [2211 188] [3291 189] 2211 810 2265 364 [3605 190] 1116 [1571 191] 1608 1601 1604 1472 [591 192] 2483 810 1694 [3494 193] 1694 [2482 194] 1694 1389 3054 2854 [1209 195] 2467 2549 2607 [109 196] 2607 2855 2681 38 [3920 197] 38 2975 134 3285 [2674 198] 1796 1238 3003 2996 2276 [2675 199] [2980 200] 2831 T
1448
3774 3241 1924 [2145 62] 1862 2796 560 [3285 63] 134 2975 2753 2196 2011 [2498 64] 2272 2883 3313 3270 [3428 65] [186 66] 2691 2670 600 [1354 67] 600 3675 [1518 68] 1515 1245 482 276 1025 2483 591 [660 69] 591 1472 [1604 70] 1472 [688 71] 1472 591 660 280 3638 [504 72] 2975 2753 2196 2996 [2276 73] 2996 2196 2011 [3531 74] 2149 263 2858 [2301 75] 2858 263 2149 1983 [848 76] 3877 [1239 77] 3035 459 2244 2883 3313 3270 3428 [2131 78] 2882 1890 748 2619 2621 [3647 79] 2621 2619 2009 2598 2202 3787 665 [2511 80] [3490 81] 2550 1365 [2989 82] 1615 1830 1139 119 [789 83] 3063 [2198 84] [3063 85] 3052 2854 1965 [3423 86] 371 2337 1565 672 262 [2077 87] [262 88] 2374 1655 2850 3361 3735 [96 89] 1421 [3658 90] 1390 1388 1392 2739 1561 [3652 91] 1561 188 3423 371 2337 [1565 92] 1568 2209 1516 [1749 93] 1516 227 221 224 2745 [3018 94] [2745 95] 3571 1988 1971 1978 [55 96] 1978 1971 [1983 97] 1286 513 [3085 98] 513 2209 1516 2207 3341 724 [2942 99] [724 100] 3341 1368 [1021 101] 1994 [855 102] [2506 103] 855 1917 532 3132 [2987 104] 3132 532 3385 2163 [479 105] 1944 [2244 106] 459 [3035 107] 1029 3658 1390 [664 108] 1390 1388 1389 1694 3326 [3060 109] 858 1602 [1668 110] 2593 1703 3001 2996 [2999 111] 2996 2997 2433 2078 468 1247 [1429 112] 1247 1065 [2079 113] 245 181 [252 114] 1944 2244 459 2725 [2912 115] 2725 459 3035 [1029 116] 627 [3447 117] 627 1029 1339 1185 [1335 118] 1185 1339 472 373 729 [2787 119] 729 373 [3202 120] 373 [2765 121] 1020 581 [2766 122] 581 1443 [466 123] 1443 581 1020 2765 373 [2091 124] [2053 125] 1369 2036 [1727 126] 2036 1369 1455 2041 1847 1838 1396 [666 127] [443 128] 936 1817 [1825 129] 1817 1820 2664 1518 1515 [1520 130] 1515 1516 2207 2854 [3055 131] 2854 2207 1516 1515 1245 [482 132] [1245 133] [496 134] 1245 482 2492 2267 2541 991 3383 3385 [532 135] 1917 1863 [3380 136] 2651 1697 [3603 137] 1697 2272 2883 [2216 138] 2883 2839 [3221 139] 2839 [2883 140] 2272 [2570 141] 2272 2883 3313 3270 [1670 142] 2845 664 [1750 143] [2195 144] 2687 2507 454 347 [458 145] 3603 1697 2272 2883 [2839 146] 3221 216 715 [578 147] [715 148] 2122 1657 [36 149] 3055 2854 3054 1465 986 636 2217 3211 2566 [1273 150] [2566 151] 3211 3590 3009 [2421 152] 2376 1557 [2773 153] 1695 [378 154] 2492 2267 2541 954 [1925 155] 954 3780 [3090 156] 2375 1324 1093 2049 1370 [716 157] 1370 2049 3209 [650 158] 3491 2699 [3108 159] 2699 3491 3280 [3780 160] 954 1099 2997 [1751 161] 2997 2572 1371 [1072 162] 1371 2572 2997 [2433 163] 2997 [2572 164] [1646 165] 2498 230 923 922 934 [1790 166] 934 922 923 [460 167] 923 1033 1841 2003 [3885 168] 1959 1272 [2270 169] 90 [409 170] 312 349 [2796 171] 560 3285 2674 2858 263 [1011 172] 263 2858 2674 1796 3300 391 [1847 173] 391 2026 2090 [2683 174] 2090 2827 2603 1073 665 3787 [2202 175] 3787 2606 [227 176] 1516 2209 513 1838 1841 [792 177] 1841 2864 3443 [589 178] 375 178 [816 179] 178 1241 3805 2834 1475 [486 180] 1475 2196 [2011 181] 814 [3169 182] 814 2011 2498 230 [299 183] 145 2158 [319 184] [1136 185] 3198 3322 1460 [1358 186] [3002 187] 2124 3789 3347 [2211 188] [3291 189] 2211 810 2265 364 [3605 190] 1116 [1571 191] 1608 1601 1604 1472 [591 192] 2483 810 1694 [3494 193] 1694 [2482 194] 1694 1389 3054 2854 [1209 195] 2467 2549 2607 [109 196] 2607 2855 2681 38 [3920 197] 38 2975 134 3285 [2674 198] 1796 1238 3003 2996 2276 [2675 199] [2980 200] 2831 T
1448
2018 3673 3095 3093 [3094 63] [46 64] 1460 241 [3349 65] [187 66] 3375 1414 [1807 67] 445 [1613 68] 3775 3567 1532 3805 [2834 69] 1475 1463 1472 [1604 70] 1472 [688 71] 1472 591 660 280 3638 [504 72] 2975 2753 2196 2996 [2276 73] 2996 2196 2011 [3531 74] 2149 263 2858 [2301 75] 2858 263 2149 1983 [848 76] 3877 [1239 77] 3035 459 2244 2883 3313 3270 3428 [2131 78] 2882 1890 748 2619 2621 [3647 79] 2621 2619 2009 2598 2202 3787 665 [2511 80] [3490 81] 2550 1365 [2989 82] 1615 1830 1139 119 [789 83] 3063 [2198 84] [3063 85] 3052 2854 1965 [3423 86] 371 2337 1565 672 262 [2077 87] [262 88] 2374 1655 2850 3361 3735 [96 89] 1421 [3658 90] 1390 1388 1392 2739 1561 [3652 91] 1561 188 3423 371 2337 [1565 92] 1568 2209 1516 [1749 93] 1516 227 221 224 2745 [3018 94] [2745 95] 3571 1988 1971 1978 [55 96] 1978 1971 [1983 97] 1286 513 [3085 98] 513 2209 1516 2207 3341 724 [2942 99] [724 100] 3341 1368 [1021 101] 1994 [855 102] [2506 103] 855 1917 532 3132 [2987 104] 3132 532 3385 2163 [479 105] 1944 [2244 106] 459 [3035 107] 1029 3658 1390 [664 108] 1390 1388 1389 1694 3326 [3060 109] 858 1602 [1668 110] 2593 1703 3001 2996 [2999 111] 2996 2997 2433 2078 468 1247 [1429 112] 1247 1065 [2079 113] 245 181 [252 114] 1944 2244 459 2725 [2912 115] 2725 459 3035 [1029 116] 627 [3447 117] 627 1029 1339 1185 [1335 118] 1185 1339 472 373 729 [2787 119] 729 373 [3202 120] 373 [2765 121] 1020 581 [2766 122] 581 1443 [466 123] 1443 581 1020 2765 373 [2091 124] [2053 125] 1369 2036 [1727 126] 2036 1369 1455 2041 1847 1838 1396 [666 127] [443 128] 936 1817 [1825 129] 1817 1820 2664 1518 1515 [1520 130] 1515 1516 2207 2854 [3055 131] 2854 2207 1516 1515 1245 [482 132] [1245 133] [496 134] 1245 482 2492 2267 2541 991 3383 3385 [532 135] 1917 1863 [3380 136] 2651 1697 [3603 137] 1697 2272 2883 [2216 138] 2883 2839 [3221 139] 2839 [2883 140] 2272 [2570 141] 2272 2883 3313 3270 [1670 142] 2845 664 [1750 143] [2195 144] 2687 2507 454 347 [458 145] 3603 1697 2272 2883 [2839 146] 3221 216 715 [578 147] [715 148] 2122 1657 [36 149] 3055 2854 3054 1465 986 636 2217 3211 2566 [1273 150] [2566 151] 3211 3590 3009 [2421 152] 2376 1557 [2773 153] 1695 [378 154] 2492 2267 2541 954 [1925 155] 954 3780 [3090 156] 2375 1324 1093 2049 1370 [716 157] 1370 2049 3209 [650 158] 3491 2699 [3108 159] 2699 3491 3280 [3780 160] 954 1099 2997 [1751 161] 2997 2572 1371 [1072 162] 1371 2572 2997 [2433 163] 2997 [2572 164] [1646 165] 2498 230 923 922 934 [1790 166] 934 922 923 [460 167] 923 1033 1841 2003 [3885 168] 1959 1272 [2270 169] 90 [409 170] 312 349 [2796 171] 560 3285 2674 2858 263 [1011 172] 263 2858 2674 1796 3300 391 [1847 173] 391 2026 2090 [2683 174] 2090 2827 2603 1073 665 3787 [2202 175] 3787 2606 [227 176] 1516 2209 513 1838 1841 [792 177] 1841 2864 3443 [589 178] 375 178 [816 179] 178 1241 3805 2834 1475 [486 180] 1475 2196 [2011 181] 814 [3169 182] 814 2011 2498 230 [299 183] 145 2158 [319 184] [1136 185] 3198 3322 1460 [1358 186] [3002 187] 2124 3789 3347 [2211 188] [3291 189] 2211 810 2265 364 [3605 190] 1116 [1571 191] 1608 1601 1604 1472 [591 192] 2483 810 1694 [3494 193] 1694 [2482 194] 1694 1389 3054 2854 [1209 195] 2467 2549 2607 [109 196] 2607 2855 2681 38 [3920 197] 38 2975 134 3285 [2674 198] 1796 1238 3003 2996 2276 [2675 199] [2980 200] 2831 T
1448
3432 2861 2201 1471 1979 2011 [2498 64] 2272 2883 3313 3270 [3428 65] [186 66] 2691 2670 600 [1354 67] 600 3675 [1518 68] 1515 1245 482 276 1025 2483 591 [660 69] 591 1472 [1604 70] 1472 [688 71] 1472 591 660 280 3638 [504 72] 2975 2753 2196 2996 [2276 73] 2996 2196 2011 [3531 74] 2149 263 2858 [2301 75] 2858 263 2149 1983 [848 76] 3877 [1239 77] 3035 459 2244 2883 3313 3270 3428 [2131 78] 2882 1890 748 2619 2621 [3647 79] 2621 2619 2009 2598 2202 3787 665 [2511 80] [3490 81] 2550 1365 [2989 82] 1615 1830 1139 119 [789 83] 3063 [2198 84] [3063 85] 3052 2854 1965 [3423 86] 371 2337 1565 672 262 [2077 87] [262 88] 2374 1655 2850 3361 3735 [96 89] 1421 [3658 90] 1390 1388 1392 2739 1561 [3652 91] 1561 188 3423 371 2337 [1565 92] 1568 2209 1516 [1749 93] 1516 227 221 224 2745 [3018 94] [2745 95] 3571 1988 1971 1978 [55 96] 1978 1971 [1983 97] 1286 513 [3085 98] 513 2209 1516 2207 3341 724 [2942 99] [724 100] 3341 1368 [1021 101] 1994 [855 102] [2506 103] 855 1917 532 3132 [2987 104] 3132 532 3385 2163 [479 105] 1944 [2244 106] 459 [3035 107] 1029 3658 1390 [664 108] 1390 1388 1389 1694 3326 [3060 109] 858 1602 [1668 110] 2593 1703 3001 2996 [2999 111] 2996 2997 2433 2078 468 1247 [1429 112] 1247 1065 [2079 113] 245 181 [252 114] 1944 2244 459 2725 [2912 115] 2725 459 3035 [1029 116] 627 [3447 117] 627 1029 1339 1185 [1335 118] 1185 1339 472 373 729 [2787 119] 729 373 [3202 120] 373 [2765 121] 1020 581 [2766 122] 581 1443 [466 123] 1443 581 1020 2765 373 [2091 124] [2053 125] 1369 2036 [1727 126] 2036 1369 1455 2041 1847 1838 1396 [666 127] [443 128] 936 1817 [1825 129] 1817 1820 2664 1518 1515 [1520 130] 1515 1516 2207 2854 [3055 131] 2854 2207 1516 1515 1245 [482 132] [1245 133] [496 134] 1245 482 2492 2267 2541 991 3383 3385 [532 135] 1917 1863 [3380 136] 2651 1697 [3603 137] 1697 2272 2883 [2216 138] 2883 2839 [3221 139] 2839 [2883 140] 2272 [2570 141] 2272 2883 3313 3270 [1670 142] 2845 664 [1750 143] [2195 144] 2687 2507 454 347 [458 145] 3603 1697 2272 2883 [2839 146] 3221 216 715 [578 147] [715 148] 2122 1657 [36 149] 3055 2854 3054 1465 986 636 2217 3211 2566 [1273 150] [2566 151] 3211 3590 3009 [2421 152] 2376 1557 [2773 153] 1695 [378 154] 2492 2267 2541 954 [1925 155] 954 3780 [3090 156] 2375 1324 1093 2049 1370 [716 157] 1370 2049 3209 [650 158] 3491 2699 [3108 159] 2699 3491 3280 [3780 160] 954 1099 2997 [1751 161] 2997 2572 1371 [1072 162] 1371 2572 2997 [2433 163] 2997 [2572 164] [1646 165] 2498 230 923 922 934 [1790 166] 934 922 923 [460 167] 923 1033 1841 2003 [3885 168] 1959 1272 [2270 169] 90 [409 170] 312 349 [2796 171] 560 3285 2674 2858 263 [1011 172] 263 2858 2674 1796 3300 391 [1847 173] 391 2026 2090 [2683 174] 2090 2827 2603 1073 665 3787 [2202 175] 3787 2606 [227 176] 1516 2209 513 1838 1841 [792 177] 1841 2864 3443 [589 178] 375 178 [816 179] 178 1241 3805 2834 1475 [486 180] 1475 2196 [2011 181] 814 [3169 182] 814 2011 2498 230 [299 183] 145 2158 [319 184] [1136 185] 3198 3322 1460 [1358 186] [3002 187] 2124 3789 3347 [2211 188] [3291 189] 2211 810 2265 364 [3605 190] 1116 [1571 191] 1608 1601 1604 1472 [591 192] 2483 810 1694 [3494 193] 1694 [2482 194] 1694 1389 3054 2854 [1209 195] 2467 2549 2607 [109 196] 2607 2855 2681 38 [3920 197] 38 2975 134 3285 [2674 198] 1796 1238 3003 2996 2276 [2675 199] [2980 200] 2831 T
1455
1703 3001 2996 847 [3350 65] [1287 66] 3350 780 785 892 2260 [2768 67] 2260 3167 555 [3711 68] 555 560 2796 [660 69] 591 1472 [1604 70] 1472 [688 71] 1472 591 660 280 3638 [504 72] 2975 2753 2196 2996 [2276 73] 2996 2196 2011 [3531 74] 2149 263 2858 [2301 75] 2858 263 2149 1983 [848 76] 3877 [1239 77] 3035 459 2244 2883 3313 3270 3428 [2131 78] 2882 1890 748 2619 2621 [3647 79] 2621 2619 2009 2598 2202 3787 665 [2511 80] [3490 81] 2550 1365 [2989 82] 1615 1830 1139 119 [789 83] 3063 [2198 84] [3063 85] 3052 2854 1965 [3423 86] 371 2337 1565 672 262 [2077 87] [262 88] 2374 1655 2850 3361 3735 [96 89] 1421 [3658 90] 1390 1388 1392 2739 1561 [3652 91] 1561 188 3423 371 2337 [1565 92] 1568 2209 1516 [1749 93] 1516 227 221 224 2745 [3018 94] [2745 95] 3571 1988 1971 1978 [55 96] 1978 1971 [1983 97] 1286 513 [3085 98] 513 2209 1516 2207 3341 724 [2942 99] [724 100] 3341 1368 [1021 101] 1994 [855 102] [2506 103] 855 1917 532 3132 [2987 104] 3132 532 3385 2163 [479 105] 1944 [2244 106] 459 [3035 107] 1029 3658 1390 [664 108] 1390 1388 1389 1694 3326 [3060 109] 858 1602 [1668 110] 2593 1703 3001 2996 [2999 111] 2996 2997 2433 2078 468 1247 [1429 112] 1247 1065 [2079 113] 245 181 [252 114] 1944 2244 459 2725 [2912 115] 2725 459 3035 [1029 116] 627 [3447 117] 627 1029 1339 1185 [1335 118] 1185 1339 472 373 729 [2787 119] 729 373 [3202 120] 373 [2765 121] 1020 581 [2766 122] 581 1443 [466 123] 1443 581 1020 2765 373 [2091 124] [2053 125] 1369 2036 [1727 126] 2036 1369 1455 2041 1847 1838 1396 [666 127] [443 128] 936 1817 [1825 129] 1817 1820 2664 1518 1515 [1520 130] 1515 1516 2207 2854 [3055 131] 2854 2207 1516 1515 1245 [482 132] [1245 133] [496 134] 1245 482 2492 2267 2541 991 3383 3385 [532 135] 1917 1863 [3380 136] 2651 1697 [3603 137] 1697 2272 2883 [2216 138] 2883 2839 [3221 139] 2839 [2883 140] 2272 [2570 141] 2272 2883 3313 3270 [1670 142] 2845 664 [1750 143] [2195 144] 2687 2507 454 347 [458 145] 3603 1697 2272 2883 [2839 146] 3221 216 715 [578 147] [715 148] 2122 1657 [36 149] 3055 2854 3054 1465 986 636 2217 3211 2566 [1273 150] [2566 151] 3211 3590 3009 [2421 152] 2376 1557 [2773 153] 1695 [378 154] 2492 2267 2541 954 [1925 155] 954 3780 [3090 156] 2375 1324 1093 2049 1370 [716 157] 1370 2049 3209 [650 158] 3491 2699 [3108 159] 2699 3491 3280 [3780 160] 954 1099 2997 [1751 161] 2997 2572 1371 [1072 162] 1371 2572 2997 [2433 163] 2997 [2572 164] [1646 165] 2498 230 923 922 934 [1790 166] 934 922 923 [460 167] 923 1033 1841 2003 [3885 168] 1959 1272 [2270 169] 90 [409 170] 312 349 [2796 171] 560 3285 2674 2858 263 [1011 172] 263 2858 2674 1796 3300 391 [1847 173] 391 2026 2090 [2683 174] 2090 2827 2603 1073 665 3787 [2202 175] 3787 2606 [227 176] 1516 2209 513 1838 1841 [792 177] 1841 2864 3443 [589 178] 375 178 [816 179] 178 1241 3805 2834 1475 [486 180] 1475 2196 [2011 181] 814 [3169 182] 814 2011 2498 230 [299 183] 145 2158 [319 184] [1136 185] 3198 3322 1460 [1358 186] [3002 187] 2124 3789 3347 [2211 188] [3291 189] 2211 810 2265 364 [3605 190] 1116 [1571 191] 1608 1601 1604 1472 [591 192] 2483 810 1694 [3494 193] 1694 [2482 194] 1694 1389 3054 2854 [1209 195] 2467 2549 2607 [109 196] 2607 2855 2681 38 [3920 197] 38 2975 134 3285 [2674 198] 1796 1238 3003 2996 2276 [2675 199] [2980 200] 2831 T
1452
2584 1133 171 2437 [1320 66] 2437 2192 [2599 67] 802 [1760 68] 802 3223 3042 280 [660 69] 591 1472 [1604 70] 1472 [688 71] 1472 591 660 280 3638 [504 72] 2975 2753 2196 2996 [2276 73] 2996 2196 2011 [3531 74] 2149 263 2858 [2301 75] 2858 263 2149 1983 [848 76] 3877 [1239 77] 3035 459 2244 2883 3313 3270 3428 [2131 78] 2882 1890 748 2619 2621 [3647 79] 2621 2619 2009 2598 2202 3787 665 [2511 80] [3490 81] 2550 1365 [2989 82] 1615 1830 1139 119 [789 83] 3063 [2198 84] [3063 85] 3052 2854 1965 [3423 86] 371 2337 1565 672 262 [2077 87] [262 88] 2374 1655 2850 3361 3735 [96 89] 1421 [3658 90] 1390 1388 1392 2739 1561 [3652 91] 1561 188 3423 371 2337 [1565 92] 1568 2209 1516 [1749 93] 1516 227 221 224 2745 [3018 94] [2745 95] 3571 1988 1971 1978 [55 96] 1978 1971 [1983 97] 1286 513 [3085 98] 513 2209 1516 2207 3341 724 [2942 99] [724 100] 3341 1368 [1021 101] 1994 [855 102] [2506 103] 855 1917 532 3132 [2987 104] 3132 532 3385 2163 [479 105] 1944 [2244 106] 459 [3035 107] 1029 3658 1390 [664 108] 1390 1388 1389 1694 3326 [3060 109] 858 1602 [1668 110] 2593 1703 3001 2996 [2999 111] 2996 2997 2433 2078 468 1247 [1429 112] 1247 1065 [2079 113] 245 181 [252 114] 1944 2244 459 2725 [2912 115] 2725 459 3035 [1029 116] 627 [3447 117] 627 1029 1339 1185 [1335 118] 1185 1339 472 373 729 [2787 119] 729 373 [3202 120] 373 [2765 121] 1020 581 [2766 122] 581 1443 [466 123] 1443 581 1020 2765 373 [2091 124] [2053 125] 1369 2036 [1727 126] 2036 1369 1455 2041 1847 1838 1396 [666 127] [443 128] 936 1817 [1825 129] 1817 1820 2664 1518 1515 [1520 130] 1515 1516 2207 2854 [3055 131] 2854 2207 1516 1515 1245 [482 132] [1245 133] [496 134] 1245 482 2492 2267 2541 991 3383 3385 [532 135] 1917 1863 [3380 136] 2651 1697 [3603 137] 1697 2272 2883 [2216 138] 2883 2839 [3221 139] 2839 [2883 140] 2272 [2570 141] 2272 2883 3313 3270 [1670 142] 2845 664 [1750 143] [2195 144] 2687 2507 454 347 [458 145] 3603 1697 2272 2883 [2839 146] 3221 216 715 [578 147] [715 148] 2122 1657 [36 149] 3055 2854 3054 1465 986 636 2217 3211 2566 [1273 150] [2566 151] 3211 3590 3009 [2421 152] 2376 1557 [2773 153] 1695 [378 154] 2492 2267 2541 954 [1925 155] 954 3780 [3090 156] 2375 1324 1093 2049 1370 [716 157] 1370 2049 3209 [650 158] 3491 2699 [3108 159] 2699 3491 3280 [3780 160] 954 1099 2997 [1751 161] 2997 2572 1371 [1072 162] 1371 2572 2997 [2433 163] 2997 [2572 164] [1646 165] 2498 230 923 922 934 [1790 166] 934 922 923 [460 167] 923 1033 1841 2003 [3885 168] 1959 1272 [2270 169] 90 [409 170] 312 349 [2796 171] 560 3285 2674 2858 263 [1011 172] 263 2858 2674 1796 3300 391 [1847 173] 391 2026 2090 [2683 174] 2090 2827 2603 1073 665 3787 [2202 175] 3787 2606 [227 176] 1516 2209 513 1838 1841 [792 177] 1841 2864 3443 [589 178] 375 178 [816 179] 178 1241 3805 2834 1475 [486 180] 1475 2196 [2011 181] 814 [3169 182] 814 2011 2498 230 [299 183] 145 2158 [319 184] [1136 185] 3198 3322 1460 [1358 186] [3002 187] 2124 3789 3347 [2211 188] [3291 189] 2211 810 2265 364 [3605 190] 1116 [1571 191] 1608 1601 1604 1472 [591 192] 2483 810 1694 [3494 193] 1694 [2482 194] 1694 1389 3054 2854 [1209 195] 2467 2549 2607 [109 196] 2607 2855 2681 38 [3920 197] 38 2975 134 3285 [2674 198] 1796 1238 3003 2996 2276 [2675 199] [2980 200] 2831 T
1447
149 3494 [988 67] 1619 863 [1613 68] 3775 3567 1532 3805 [2834 69] 1475 1463 1472 [1604 70] 1472 [688 71] 1472 591 660 280 3638 [504 72] 2975 2753 2196 2996 [2276 73] 2996 2196 2011 [3531 74] 2149 263 2858 [2301 75] 2858 263 2149 1983 [848 76] 3877 [1239 77] 3035 459 2244 2883 3313 3270 3428 [2131 78] 2882 1890 748 2619 2621 [3647 79] 2621 2619 2009 2598 2202 3787 665 [2511 80] [3490 81] 2550 1365 [2989 82] 1615 1830 1139 119 [789 83] 3063 [2198 84] [3063 85] 3052 2854 1965 [3423 86] 371 2337 1565 672 262 [2077 87] [262 88] 2374 1655 2850 3361 3735 [96 89] 1421 [3658 90] 1390 1388 1392 2739 1561 [3652 91] 1561 188 3423 371 2337 [1565 92] 1568 2209 1516 [1749 93] 1516 227 221 224 2745 [3018 94] [2745 95] 3571 1988 1971 1978 [55 96] 1978 1971 [1983 97] 1286 513 [3085 98] 513 2209 1516 2207 3341 724 [2942 99] [724 100] 3341 1368 [1021 101] 1994 [855 102] [2506 103] 855 1917 532 3132 [2987 104] 3132 532 3385 2163 [479 105] 1944 [2244 106] 459 [3035 107] 1029 3658 1390 [664 108] 1390 1388 1389 1694 3326 [3060 109] 858 1602 [1668 110] 2593 1703 3001 2996 [2999 111] 2996 2997 2433 2078 468 1247 [1429 112] 1247 1065 [2079 113] 245 181 [252 114] 1944 2244 459 2725 [2912 115] 2725 459 3035 [1029 116] 627 [3447 117] 627 1029 1339 1185 [1335 118] 1185 1339 472 373 729 [2787 119] 729 373 [3202 120] 373 [2765 121] 1020 581 [2766 122] 581 1443 [466 123] 1443 581 1020 2765 373 [2091 124] [2053 125] 1369 2036 [1727 126] 2036 1369 1455 2041 1847 1838 1396 [666 127] [443 128] 936 1817 [1825 129] 1817 1820 2664 1518 1515 [1520 130] 1515 1516 2207 2854 [3055 131] 2854 2207 1516 1515 1245 [482 132] [1245 133] [496 134] 1245 482 2492 2267 2541 991 3383 3385 [532 135] 1917 1863 [3380 136] 2651 1697 [3603 137] 1697 2272 2883 [2216 138] 2883 2839 [3221 139] 2839 [2883 140] 2272 [2570 141] 2272 2883 3313 3270 [1670 142] 2845 664 [1750 143] [2195 144] 2687 2507 454 347 [458 145] 3603 1697 2272 2883 [2839 146] 3221 216 715 [578 147] [715 148] 2122 1657 [36 149] 3055 2854 3054 1465 986 636 2217 3211 2566 [1273 150] [2566 151] 3211 3590 3009 [2421 152] 2376 1557 [2773 153] 1695 [378 154] 2492 2267 2541 954 [1925 155] 954 3780 [3090 156] 2375 1324 1093 2049 1370 [716 157] 1370 2049 3209 [650 158] 3491 2699 [3108 159] 2699 3491 3280 [3780 160] 954 1099 2997 [1751 161] 2997 2572 1371 [1072 162] 1371 2572 2997 [2433 163] 2997 [2572 164] [1646 165] 2498 230 923 922 934 [1790 166] 934 922 923 [460 167] 923 1033 1841 2003 [3885 168] 1959 1272 [2270 169] 90 [409 170] 312 349 [2796 171] 560 3285 2674 2858 263 [1011 172] 263 2858 2674 1796 3300 391 [1847 173] 391 2026 2090 [2683 174] 2090 2827 2603 1073 665 3787 [2202 175] 3787 2606 [227 176] 1516 2209 513 1838 1841 [792 177] 1841 2864 3443 [589 178] 375 178 [816 179] 178 1241 3805 2834 1475 [486 180] 1475 2196 [2011 181] 814 [3169 182] 814 2011 2498 230 [299 183] 145 2158 [319 184] [1136 185] 3198 3322 1460 [1358 186] [3002 187] 2124 3789 3347 [2211 188] [3291 189] 2211 810 2265 364 [3605 190] 1116 [1571 191] 1608 1601 1604 1472 [591 192] 2483 810 1694 [3494 193] 1694 [2482 194] 1694 1389 3054 2854 [1209 195] 2467 2549 2607 [109 196] 2607 2855 2681 38 [3920 197] 38 2975 134 3285 [2674 198] 1796 1238 3003 2996 2276 [2675 199] [2980 200] 2831 T
1455
1426 210 2122 473 3223 802 [1760 68] 802 3223 3042 280 [660 69] 591 1472 [1604 70] 1472 [688 71] 1472 591 660 280 3638 [504 72] 2975 2753 2196 2996 [2276 73] 2996 2196 2011 [3531 74] 2149 263 2858 [2301 75] 2858 263 2149 1983 [848 76] 3877 [1239 77] 3035 459 2244 2883 3313 3270 3428 [2131 78] 2882 1890 748 2619 2621 [3647 79] 2621 2619 2009 2598 2202 3787 665 [2511 80] [3490 81] 2550 1365 [2989 82] 1615 1830 1139 119 [789 83] 3063 [2198 84] [3063 85] 3052 2854 1965 [3423 86] 371 2337 1565 672 262 [2077 87] [262 88] 2374 1655 2850 3361 3735 [96 89] 1421 [3658 90] 1390 1388 1392 2739 1561 [3652 91] 1561 188 3423 371 2337 [1565 92] 1568 2209 1516 [1749 93] 1516 227 221 224 2745 [3018 94] [2745 95] 3571 1988 1971 1978 [55 96] 1978 1971 [1983 97] 1286 513 [3085 98] 513 2209 1516 2207 3341 724 [2942 99] [724 100] 3341 1368 [1021 101] 1994 [855 102] [2506 103] 855 1917 532 3132 [2987 104] 3132 532 3385 2163 [479 105] 1944 [2244 106] 459 [3035 107] 1029 3658 1390 [664 108] 1390 1388 1389 1694 3326 [3060 109] 858 1602 [1668 110] 2593 1703 3001 2996 [2999 111] 2996 2997 2433 2078 468 1247 [1429 112] 1247 1065 [2079 113] 245 181 [252 114] 1944 2244 459 2725 [2912 115] 2725 459 3035 [1029 116] 627 [3447 117] 627 1029 1339 1185 [1335 118] 1185 1339 472 373 729 [2787 119] 729 373 [3202 120] 373 [2765 121] 1020 581 [2766 122] 581 1443 [466 123] 1443 581 1020 2765 373 [2091 124] [2053 125] 1369 2036 [1727 126] 2036 1369 1455 2041 1847 1838 1396 [666 127] [443 128] 936 1817 [1825 129] 1817 1820 2664 1518 1515 [1520 130] 1515 1516 2207 2854 [3055 131] 2854 2207 1516 1515 1245 [482 132] [1245 133] [496 134] 1245 482 2492 2267 2541 991 3383 3385 [532 135] 1917 1863 [3380 136] 2651 1697 [3603 137] 1697 2272 2883 [2216 138] 2883 2839 [3221 139] 2839 [2883 140] 2272 [2570 141] 2272 2883 3313 3270 [1670 142] 2845 664 [1750 143] [2195 144] 2687 2507 454 347 [458 145] 3603 1697 2272 2883 [2839 146] 3221 216 715 [578 147] [715 148] 2122 1657 [36 149] 3055 2854 3054 1465 986 636 2217 3211 2566 [1273 150] [2566 151] 3211 3590 3009 [2421 152] 2376 1557 [2773 153] 1695 [378 154] 2492 2267 2541 954 [1925 155] 954 3780 [3090 156] 2375 1324 1093 2049 1370 [716 157] 1370 2049 3209 [650 158] 3491 2699 [3108 159] 2699 3491 3280 [3780 160] 954 1099 2997 [1751 161] 2997 2572 1371 [1072 162] 1371 2572 2997 [2433 163] 2997 [2572 164] [1646 165] 2498 230 923 922 934 [1790 166] 934 922 923 [460 167] 923 1033 1841 2003 [3885 168] 1959 1272 [2270 169] 90 [409 170] 312 349 [2796 171] 560 3285 2674 2858 263 [1011 172] 263 2858 2674 1796 3300 391 [1847 173] 391 2026 2090 [2683 174] 2090 2827 2603 1073 665 3787 [2202 175] 3787 2606 [227 176] 1516 2209 513 1838 1841 [792 177] 1841 2864 3443 [589 178] 375 178 [816 179] 178 1241 3805 2834 1475 [486 180] 1475 2196 [2011 181] 814 [3169 182] 814 2011 2498 230 [299 183] 145 2158 [319 184] [1136 185] 3198 3322 1460 [1358 186] [3002 187] 2124 3789 3347 [2211 188] [3291 189] 2211 810 2265 364 [3605 190] 1116 [1571 191] 1608 1601 1604 1472 [591 192] 2483 810 1694 [3494 193] 1694 [2482 194] 1694 1389 3054 2854 [1209 195] 2467 2549 2607 [109 196] 2607 2855 2681 38 [3920 197] 38 2975 134 3285 [2674 198] 1796 1238 3003 2996 2276 [2675 199] [2980 200] 2831 T
1446
660 [3804 69] 660 591 1472 [1604 70] 1472 [688 71] 1472 591 660 280 3638 [504 72] 2975 2753 2196 2996 [2276 73] 2996 2196 2011 [3531 74] 2149 263 2858 [2301 75] 2858 263 2149 1983 [848 76] 3877 [1239 77] 3035 459 2244 2883 3313 3270 3428 [2131 78] 2882 1890 748 2619 2621 [3647 79] 2621 2619 2009 2598 2202 3787 665 [2511 80] [3490 81] 2550 1365 [2989 82] 1615 1830 1139 119 [789 83] 3063 [2198 84] [3063 85] 3052 2854 1965 [3423 86] 371 2337 1565 672 262 [2077 87] [262 88] 2374 1655 2850 3361 3735 [96 89] 1421 [3658 90] 1390 1388 1392 2739 1561 [3652 91] 1561 188 3423 371 2337 [1565 92] 1568 2209 1516 [1749 93] 1516 227 221 224 2745 [3018 94] [2745 95] 3571 1988 1971 1978 [55 96] 1978 1971 [1983 97] 1286 513 [3085 98] 513 2209 1516 2207 3341 724 [2942 99] [724 100] 3341 1368 [1021 101] 1994 [855 102] [2506 103] 855 1917 532 3132 [2987 104] 3132 532 3385 2163 [479 105] 1944 [2244 106] 459 [3035 107] 1029 3658 1390 [664 108] 1390 1388 1389 1694 3326 [3060 109] 858 1602 [1668 110] 2593 1703 3001 2996 [2999 111] 2996 2997 2433 2078 468 1247 [1429 112] 1247 1065 [2079 113] 245 181 [252 114] 1944 2244 459 2725 [2912 115] 2725 459 3035 [1029 116] 627 [3447 117] 627 1029 1339 1185 [1335 118] 1185 1339 472 373 729 [2787 119] 729 373 [3202 120] 373 [2765 121] 1020 581 [2766 122] 581 1443 [466 123] 1443 581 1020 2765 373 [2091 124] [2053 125] 1369 2036 [1727 126] 2036 1369 1455 2041 1847 1838 1396 [666 127] [443 128] 936 1817 [1825 129] 1817 1820 2664 1518 1515 [1520 130] 1515 1516 2207 2854 [3055 131] 2854 2207 1516 1515 1245 [482 132] [1245 133] [496 134] 1245 482 2492 2267 2541 991 3383 3385 [532 135] 1917 1863 [3380 136] 2651 1697 [3603 137] 1697 2272 2883 [2216 138] 2883 2839 [3221 139] 2839 [2883 140] 2272 [2570 141] 2272 2883 3313 3270 [1670 142] 2845 664 [1750 143] [2195 144] 2687 2507 454 347 [458 145] 3603 1697 2272 2883 [2839 146] 3221 216 715 [578 147] [715 148] 2122 1657 [36 149] 3055 2854 3054 1465 986 636 2217 3211 2566 [1273 150] [2566 151] 3211 3590 3009 [2421 152] 2376 1557 [2773 153] 1695 [378 154] 2492 2267 2541 954 [1925 155] 954 3780 [3090 156] 2375 1324 1093 2049 1370 [716 157] 1370 2049 3209 [650 158] 3491 2699 [3108 159] 2699 3491 3280 [3780 160] 954 1099 2997 [1751 161] 2997 2572 1371 [1072 162] 1371 2572 2997 [2433 163] 2997 [2572 164] [1646 165] 2498 230 923 922 934 [1790 166] 934 922 923 [460 167] 923 1033 1841 2003 [3885 168] 1959 1272 [2270 169] 90 [409 170] 312 349 [2796 171] 560 3285 2674 2858 263 [1011 172] 263 2858 2674 1796 3300 391 [1847 173] 391 2026 2090 [2683 174] 2090 2827 2603 1073 665 3787 [2202 175] 3787 2606 [227 176] 1516 2209 513 1838 1841 [792 177] 1841 2864 3443 [589 178] 375 178 [816 179] 178 1241 3805 2834 1475 [486 180] 1475 2196 [2011 181] 814 [3169 182] 814 2011 2498 230 [299 183] 145 2158 [319 184] [1136 185] 3198 3322 1460 [1358 186] [3002 187] 2124 3789 3347 [2211 188] [3291 189] 2211 810 2265 364 [3605 190] 1116 [1571 191] 1608 1601 1604 1472 [591 192] 2483 810 1694 [3494 193] 1694 [2482 194] 1694 1389 3054 2854 [1209 195] 2467 2549 2607 [109 196] 2607 2855 2681 38 [3920 197] 38 2975 134 3285 [2674 198] 1796 1238 3003 2996 2276 [2675 199] [2980 200] 2831 T
1459
1604 1472 591 3608 2059 1167 [151 70] 1167 2059 3525 905 2674 [1796 71] 2674 3285 134 2975 [504 72] 2975 2753 2196 2996 [2276 73] 2996 2196 2011 [3531 74] 2149 263 2858 [2301 75] 2858 263 2149 1983 [848 76] 3877 [1239 77] 3035 459 2244 2883 3313 3270 3428 [2131 78] 2882 1890 748 2619 2621 [3647 79] 2621 2619 2009 2598 2202 3787 665 [2511 80] [3490 81] 2550 1365 [2989 82] 1615 1830 1139 119 [789 83] 3063 [2198 84] [3063 85] 3052 2854 1965 [3423 86] 371 2337 1565 672 262 [2077 87] [262 88] 2374 1655 2850 3361 3735 [96 89] 1421 [3658 90] 1390 1388 1392 2739 1561 [3652 91] 1561 188 3423 371 2337 [1565 92] 1568 2209 1516 [1749 93] 1516 227 221 224 2745 [3018 94] [2745 95] 3571 1988 1971 1978 [55 96] 1978 1971 [1983 97] 1286 513 [3085 98] 513 2209 1516 2207 3341 724 [2942 99] [724 100] 3341 1368 [1021 101] 1994 [855 102] [2506 103] 855 1917 532 3132 [2987 104] 3132 532 3385 2163 [479 105] 1944 [2244 106] 459 [3035 107] 1029 3658 1390 [664 108] 1390 1388 1389 1694 3326 [3060 109] 858 1602 [1668 110] 2593 1703 3001 2996 [2999 111] 2996 2997 2433 2078 468 1247 [1429 112] 1247 1065 [2079 113] 245 181 [252 114] 1944 2244 459 2725 [2912 115] 2725 459 3035 [1029 116] 627 [3447 117] 627 1029 1339 1185 [1335 118] 1185 1339 472 373 729 [2787 119] 729 373 [3202 120] 373 [2765 121] 1020 581 [2766 122] 581 1443 [466 123] 1443 581 1020 2765 373 [2091 124] [2053 125] 1369 2036 [1727 126] 2036 1369 1455 2041 1847 1838 1396 [666 127] [443 128] 936 1817 [1825 129] 1817 1820 2664 1518 1515 [1520 130] 1515 1516 2207 2854 [3055 131] 2854 2207 1516 1515 1245 [482 132] [1245 133] [496 134] 1245 482 2492 2267 2541 991 3383 3385 [532 135] 1917 1863 [3380 136] 2651 1697 [3603 137] 1697 2272 2883 [2216 138] 2883 2839 [3221 139] 2839 [2883 140] 2272 [2570 141] 2272 2883 3313 3270 [1670 142] 2845 664 [1750 143] [2195 144] 2687 2507 454 347 [458 145] 3603 1697 2272 2883 [2839 146] 3221 216 715 [578 147] [715 148] 2122 1657 [36 149] 3055 2854 3054 1465 986 636 2217 3211 2566 [1273 150] [2566 151] 3211 3590 3009 [2421 152] 2376 1557 [2773 153] 1695 [378 154] 2492 2267 2541 954 [1925 155] 954 3780 [3090 156] 2375 1324 1093 2049 1370 [716 157] 1370 2049 3209 [650 158] 3491 2699 [3108 159] 2699 3491 3280 [3780 160] 954 1099 2997 [1751 161] 2997 2572 1371 [1072 162] 1371 2572 2997 [2433 163] 2997 [2572 164] [1646 165] 2498 230 923 922 934 [1790 166] 934 922 923 [460 167] 923 1033 1841 2003 [3885 168] 1959 1272 [2270 169] 90 [409 170] 312 349 [2796 171] 560 3285 2674 2858 263 [1011 172] 263 2858 2674 1796 3300 391 [1847 173] 391 2026 2090 [2683 174] 2090 2827 2603 1073 665 3787 [2202 175] 3787 2606 [227 176] 1516 2209 513 1838 1841 [792 177] 1841 2864 3443 [589 178] 375 178 [816 179] 178 1241 3805 2834 1475 [486 180] 1475 2196 [2011 181] 814 [3169 182] 814 2011 2498 230 [299 183] 145 2158 [319 184] [1136 185] 3198 3322 1460 [1358 186] [3002 187] 2124 3789 3347 [2211 188] [3291 189] 2211 810 2265 364 [3605 190] 1116 [1571 191] 1608 1601 1604 1472 [591 192] 2483 810 1694 [3494 193] 1694 [2482 194] 1694 1389 3054 2854 [1209 195] 2467 2549 2607 [109 196] 2607 2855 2681 38 [3920 197] 38 2975 134 3285 [2674 198] 1796 1238 3003 2996 2276 [2675 199] [2980 200] 2831 T
1449
688 1472 1463 312 349 2796 560 3285 2674 [1796 71] 2674 3285 134 2975 [504 72] 2975 2753 2196 2996 [2276 73] 2996 2196 2011 [3531 74] 2149 263 2858 [2301 75] 2858 263 2149 1983 [848 76] 3877 [1239 77] 3035 459 2244 2883 3313 3270 3428 [2131 78] 2882 1890 748 2619 2621 [3647 79] 2621 2619 2009 2598 2202 3787 665 [2511 80] [3490 81] 2550 1365 [2989 82] 1615 1830 1139 119 [789 83] 3063 [2198 84] [3063 85] 3052 2854 1965 [3423 86] 371 2337 1565 672 262 [2077 87] [262 88] 2374 1655 2850 3361 3735 [96 89] 1421 [3658 90] 1390 1388 1392 2739 1561 [3652 91] 1561 188 3423 371 2337 [1565 92] 1568 2209 1516 [1749 93] 1516 227 221 224 2745 [3018 94] [2745 95] 3571 1988 1971 1978 [55 96] 1978 1971 [1983 97] 1286 513 [3085 98] 513 2209 1516 2207 3341 724 [2942 99] [724 100] 3341 1368 [1021 101] 1994 [855 102] [2506 103] 855 1917 532 3132 [2987 104] 3132 532 3385 2163 [479 105] 1944 [2244 106] 459 [3035 107] 1029 3658 1390 [664 108] 1390 1388 1389 1694 3326 [3060 109] 858 1602 [1668 110] 2593 1703 3001 2996 [2999 111] 2996 2997 2433 2078 468 1247 [1429 112] 1247 1065 [2079 113] 245 181 [252 114] 1944 2244 459 2725 [2912 115] 2725 459 3035 [1029 116] 627 [3447 117] 627 1029 1339 1185 [1335 118] 1185 1339 472 373 729 [2787 119] 729 373 [3202 120] 373 [2765 121] 1020 581 [2766 122] 581 1443 [466 123] 1443 581 1020 2765 373 [2091 124] [2053 125] 1369 2036 [1727 126] 2036 1369 1455 2041 1847 1838 1396 [666 127] [443 128] 936 1817 [1825 129] 1817 1820 2664 1518 1515 [1520 130] 1515 1516 2207 2854 [3055 131] 2854 2207 1516 1515 1245 [482 132] [1245 133] [496 134] 1245 482 2492 2267 2541 991 3383 3385 [532 135] 1917 1863 [3380 136] 2651 1697 [3603 137] 1697 2272 2883 [2216 138] 2883 2839 [3221 139] 2839 [2883 140] 2272 [2570 141] 2272 2883 3313 3270 [1670 142] 2845 664 [1750 143] [2195 144] 2687 2507 454 347 [458 145] 3603 1697 2272 2883 [2839 146] 3221 216 715 [578 147] [715 148] 2122 1657 [36 149] 3055 2854 3054 1465 986 636 2217 3211 2566 [1273 150] [2566 151] 3211 3590 3009 [2421 152] 2376 1557 [2773 153] 1695 [378 154] 2492 2267 2541 954 [1925 155] 954 3780 [3090 156] 2375 1324 1093 2049 1370 [716 157] 1370 2049 3209 [650 158] 3491 2699 [3108 159] 2699 3491 3280 [3780 160] 954 1099 2997 [1751 161] 2997 2572 1371 [1072 162] 1371 2572 2997 [2433 163] 2997 [2572 164] [1646 165] 2498 230 923 922 934 [1790 166] 934 922 923 [460 167] 923 1033 1841 2003 [3885 168] 1959 1272 [2270 169] 90 [409 170] 312 349 [2796 171] 560 3285 2674 2858 263 [1011 172] 263 2858 2674 1796 3300 391 [1847 173] 391 2026 2090 [2683 174] 2090 2827 2603 1073 665 3787 [2202 175] 3787 2606 [227 176] 1516 2209 513 1838 1841 [792 177] 1841 2864 3443 [589 178] 375 178 [816 179] 178 1241 3805 2834 1475 [486 180] 1475 2196 [2011 181] 814 [3169 182] 814 2011 2498 230 [299 183] 145 2158 [319 184] [1136 185] 3198 3322 1460 [1358 186] [3002 187] 2124 3789 3347 [2211 188] [3291 189] 2211 810 2265 364 [3605 190] 1116 [1571 191] 1608 1601 1604 1472 [591 192] 2483 810 1694 [3494 193] 1694 [2482 194] 1694 1389 3054 2854 [1209 195] 2467 2549 2607 [109 196] 2607 2855 2681 38 [3920 197] 38 2975 134 3285 [2674 198] 1796 1238 3003 2996 2276 [2675 199] [2980 200] 2831 T
1446
504 2975 134 [3857 72] 134 2975 2753 2196 2996 [2276 73] 2996 2196 2011 [3531 74] 2149 263 2858 [2301 75] 2858 263 2149 1983 [848 76] 3877 [1239 77] 3035 459 2244 2883 3313 3270 3428 [2131 78] 2882 1890 748 2619 2621 [3647 79] 2621 2619 2009 2598 2202 3787 665 [2511 80] [3490 81] 2550 1365 [2989 82] 1615 1830 1139 119 [789 83] 3063 [2198 84] [3063 85] 3052 2854 1965 [3423 86] 371 2337 1565 672 262 [2077 87] [262 88] 2374 1655 2850 3361 3735 [96 89] 1421 [3658 90] 1390 1388 1392 2739 1561 [3652 91] 1561 188 3423 371 2337 [1565 92] 1568 2209 1516 [1749 93] 1516 227 221 224 2745 [3018 94] [2745 95] 3571 1988 1971 1978 [55 96] 1978 1971 [1983 97] 1286 513 [3085 98] 513 2209 1516 2207 3341 724 [2942 99] [724 100] 3341 1368 [1021 101] 1994 [855 102] [2506 103] 855 1917 532 3132 [2987 104] 3132 532 3385 2163 [479 105] 1944 [2244 106] 459 [3035 107] 1029 3658 1390 [664 108] 1390 1388 1389 1694 3326 [3060 109] 858 1602 [1668 110] 2593 1703 3001 2996 [2999 111] 2996 2997 2433 2078 468 1247 [1429 112] 1247 1065 [2079 113] 245 181 [252 114] 1944 2244 459 2725 [2912 115] 2725 459 3035 [1029 116] 627 [3447 117] 627 1029 1339 1185 [1335 118] 1185 1339 472 373 729 [2787 119] 729 373 [3202 120] 373 [2765 121] 1020 581 [2766 122] 581 1443 [466 123] 1443 581 1020 2765 373 [2091 124] [2053 125] 1369 2036 [1727 126] 2036 1369 1455 2041 1847 1838 1396 [666 127] [443 128] 936 1817 [1825 129] 1817 1820 2664 1518 1515 [1520 130] 1515 1516 2207 2854 [3055 131] 2854 2207 1516 1515 1245 [482 132] [1245 133] [496 134] 1245 482 2492 2267 2541 991 3383 3385 [532 135] 1917 1863 [3380 136] 2651 1697 [3603 137] 1697 2272 2883 [2216 138] 2883 2839 [3221 139] 2839 [2883 140] 2272 [2570 141] 2272 2883 3313 3270 [1670 142] 2845 664 [1750 143] [2195 144] 2687 2507 454 347 [458 145] 3603 1697 2272 2883 [2839 146] 3221 216 715 [578 147] [715 148] 2122 1657 [36 149] 3055 2854 3054 1465 986 636 2217 3211 2566 [1273 150] [2566 151] 3211 3590 3009 [2421 152] 2376 1557 [2773 153] 1695 [378 154] 2492 2267 2541 954 [1925 155] 954 3780 [3090 156] 2375 1324 1093 2049 1370 [716 157] 1370 2049 3209 [650 158] 3491 2699 [3108 159] 2699 3491 3280 [3780 160] 954 1099 2997 [1751 161] 2997 2572 1371 [1072 162] 1371 2572 2997 [2433 163] 2997 [2572 164] [1646 165] 2498 230 923 922 934 [1790 166] 934 922 923 [460 167] 923 1033 1841 2003 [3885 168] 1959 1272 [2270 169] 90 [409 170] 312 349 [2796 171] 560 3285 2674 2858 263 [1011 172] 263 2858 2674 1796 3300 391 [1847 173] 391 2026 2090 [2683 174] 2090 2827 2603 1073 665 3787 [2202 175] 3787 2606 [227 176] 1516 2209 513 1838 1841 [792 177] 1841 2864 3443 [589 178] 375 178 [816 179] 178 1241 3805 2834 1475 [486 180] 1475 2196 [2011 181] 814 [3169 182] 814 2011 2498 230 [299 183] 145 2158 [319 184] [1136 185] 3198 3322 1460 [1358 186] [3002 187] 2124 3789 3347 [2211 188] [3291 189] 2211 810 2265 364 [3605 190] 1116 [1571 191] 1608 1601 1604 1472 [591 192] 2483 810 1694 [3494 193] 1694 [2482 194] 1694 1389 3054 2854 [1209 195] 2467 2549 2607 [109 196] 2607 2855 2681 38 [3920 197] 38 2975 134 3285 [2674 198] 1796 1238 3003 2996 2276 [2675 199] [2980 200] 2831 T
1448
2276 2996 2999 [1981 73] 2999 2996 2196 2011 [3531 74] 2149 263 2858 [2301 75] 2858 263 2149 1983 [848 76] 3877 [1239 77] 3035 459 2244 2883 3313 3270 3428 [2131 78] 2882 1890 748 2619 2621 [3647 79] 2621 2619 2009 2598 2202 3787 665 [2511 80] [3490 81] 2550 1365 [2989 82] 1615 1830 1139 119 [789 83] 3063 [2198 84] [3063 85] 3052 2854 1965 [3423 86] 371 2337 1565 672 262 [2077 87] [262 88] 2374 1655 2850 3361 3735 [96 89] 1421 [3658 90] 1390 1388 1392 2739 1561 [3652 91] 1561 188 3423 371 2337 [1565 92] 1568 2209 1516 [1749 93] 1516 227 221 224 2745 [3018 94] [2745 95] 3571 1988 1971 1978 [55 96] 1978 1971 [1983 97] 1286 513 [3085 98] 513 2209 1516 2207 3341 724 [2942 99] [724 100] 3341 1368 [1021 101] 1994 [855 102] [2506 103] 855 1917 532 3132 [2987 104] 3132 532 3385 2163 [479 105] 1944 [2244 106] 459 [3035 107] 1029 3658 1390 [664 108] 1390 1388 1389 1694 3326 [3060 109] 858 1602 [1668 110] 2593 1703 3001 2996 [2999 111] 2996 2997 2433 2078 468 1247 [1429 112] 1247 1065 [2079 113] 245 181 [252 114] 1944 2244 459 2725 [2912 115] 2725 459 3035 [1029 116] 627 [3447 117] 627 1029 1339 1185 [1335 118] 1185 1339 472 373 729 [2787 119] 729 373 [3202 120] 373 [2765 121] 1020 581 [2766 122] 581 1443 [466 123] 1443 581 1020 2765 373 [2091 124] [2053 125] 1369 2036 [1727 126] 2036 1369 1455 2041 1847 1838 1396 [666 127] [443 128] 936 1817 [1825 129] 1817 1820 2664 1518 1515 [1520 130] 1515 1516 2207 2854 [3055 131] 2854 2207 1516 1515 1245 [482 132] [1245 133] [496 134] 1245 482 2492 2267 2541 991 3383 3385 [532 135] 1917 1863 [3380 136] 2651 1697 [3603 137] 1697 2272 2883 [2216 138] 2883 2839 [3221 139] 2839 [2883 140] 2272 [2570 141] 2272 2883 3313 3270 [1670 142] 2845 664 [1750 143] [2195 144] 2687 2507 454 347 [458 145] 3603 1697 2272 2883 [2839 146] 3221 216 715 [578 147] [715 148] 2122 1657 [36 149] 3055 2854 3054 1465 986 636 2217 3211 2566 [1273 150] [2566 151] 3211 3590 3009 [2421 152] 2376 1557 [2773 153] 1695 [378 154] 2492 2267 2541 954 [1925 155] 954 3780 [3090 156] 2375 1324 1093 2049 1370 [716 157] 1370 2049 3209 [650 158] 3491 2699 [3108 159] 2699 3491 3280 [3780 160] 954 1099 2997 [1751 161] 2997 2572 1371 [1072 162] 1371 2572 2997 [2433 163] 2997 [2572 164] [1646 165] 2498 230 923 922 934 [1790 166] 934 922 923 [460 167] 923 1033 1841 2003 [3885 168] 1959 1272 [2270 169] 90 [409 170] 312 349 [2796 171] 560 3285 2674 2858 263 [1011 172] 263 2858 2674 1796 3300 391 [1847 173] 391 2026 2090 [2683 174] 2090 2827 2603 1073 665 3787 [2202 175] 3787 2606 [227 176] 1516 2209 513 1838 1841 [792 177] 1841 2864 3443 [589 178] 375 178 [816 179] 178 1241 3805 2834 1475 [486 180] 1475 2196 [2011 181] 814 [3169 182] 814 2011 2498 230 [299 183] 145 2158 [319 184] [1136 185] 3198 3322 1460 [1358 186] [3002 187] 2124 3789 3347 [2211 188] [3291 189] 2211 810 2265 364 [3605 190] 1116 [1571 191] 1608 1601 1604 1472 [591 192] 2483 810 1694 [3494 193] 1694 [2482 194] 1694 1389 3054 2854 [1209 195] 2467 2549 2607 [109 196] 2607 2855 2681 38 [3920 197] 38 2975 134 3285 [2674 198] 1796 1238 3003 2996 2276 [2675 199] [2980 200] 2831 T
1453
3531 2011 2196 2753 2975 1910 2650 [241 74] 2650 331 2147 3718 [2981 75] 2102 295 [848 76] 3877 [1239 77] 3035 459 2244 2883 3313 3270 3428 [2131 78] 2882 1890 748 2619 2621 [3647 79] 2621 2619 2009 2598 2202 3787 665 [2511 80] [3490 81] 2550 1365 [2989 82] 1615 1830 1139 119 [789 83] 3063 [2198 84] [3063 85] 3052 2854 1965 [3423 86] 371 2337 1565 672 262 [2077 87] [262 88] 2374 1655 2850 3361 3735 [96 89] 1421 [3658 90] 1390 1388 1392 2739 1561 [3652 91] 1561 188 3423 371 2337 [1565 92] 1568 2209 1516 [1749 93] 1516 227 221 224 2745 [3018 94] [2745 95] 3571 1988 1971 1978 [55 96] 1978 1971 [1983 97] 1286 513 [3085 98] 513 2209 1516 2207 3341 724 [2942 99] [724 100] 3341 1368 [1021 101] 1994 [855 102] [2506 103] 855 1917 532 3132 [2987 104] 3132 532 3385 2163 [479 105] 1944 [2244 106] 459 [3035 107] 1029 3658 1390 [664 108] 1390 1388 1389 1694 3326 [3060 109] 858 1602 [1668 110] 2593 1703 3001 2996 [2999 111] 2996 2997 2433 2078 468 1247 [1429 112] 1247 1065 [2079 113] 245 181 [252 114] 1944 2244 459 2725 [2912 115] 2725 459 3035 [1029 116] 627 [3447 117] 627 1029 1339 1185 [1335 118] 1185 1339 472 373 729 [2787 119] 729 373 [3202 120] 373 [2765 121] 1020 581 [2766 122] 581 1443 [466 123] 1443 581 1020 2765 373 [2091 124] [2053 125] 1369 2036 [1727 126] 2036 1369 1455 2041 1847 1838 1396 [666 127] [443 128] 936 1817 [1825 129] 1817 1820 2664 1518 1515 [1520 130] 1515 1516 2207 2854 [3055 131] 2854 2207 1516 1515 1245 [482 132] [1245 133] [496 134] 1245 482 2492 2267 2541 991 3383 3385 [532 135] 1917 1863 [3380 136] 2651 1697 [3603 137] 1697 2272 2883 [2216 138] 2883 2839 [3221 139] 2839 [2883 140] 2272 [2570 141] 2272 2883 3313 3270 [1670 142] 2845 664 [1750 143] [2195 144] 2687 2507 454 347 [458 145] 3603 1697 2272 2883 [2839 146] 3221 216 715 [578 147] [715 148] 2122 1657 [36 149] 3055 2854 3054 1465 986 636 2217 3211 2566 [1273 150] [2566 151] 3211 3590 3009 [2421 152] 2376 1557 [2773 153] 1695 [378 154] 2492 2267 2541 954 [1925 155] 954 3780 [3090 156] 2375 1324 1093 2049 1370 [716 157] 1370 2049 3209 [650 158] 3491 2699 [3108 159] 2699 3491 3280 [3780 160] 954 1099 2997 [1751 161] 2997 2572 1371 [1072 162] 1371 2572 2997 [2433 163] 2997 [2572 164] [1646 165] 2498 230 923 922 934 [1790 166] 934 922 923 [460 167] 923 1033 1841 2003 [3885 168] 1959 1272 [2270 169] 90 [409 170] 312 349 [2796 171] 560 3285 2674 2858 263 [1011 172] 263 2858 2674 1796 3300 391 [1847 173] 391 2026 2090 [2683 174] 2090 2827 2603 1073 665 3787 [2202 175] 3787 2606 [227 176] 1516 2209 513 1838 1841 [792 177] 1841 2864 3443 [589 178] 375 178 [816 179] 178 1241 3805 2834 1475 [486 180] 1475 2196 [2011 181] 814 [3169 182] 814 2011 2498 230 [299 183] 145 2158 [319 184] [1136 185] 3198 3322 1460 [1358 186] [3002 187] 2124 3789 3347 [2211 188] [3291 189] 2211 810 2265 364 [3605 190] 1116 [1571 191] 1608 1601 1604 1472 [591 192] 2483 810 1694 [3494 193] 1694 [2482 194] 1694 1389 3054 2854 [1209 195] 2467 2549 2607 [109 196] 2607 2855 2681 38 [3920 197] 38 2975 134 3285 [2674 198] 1796 1238 3003 2996 2276 [2675 199] [2980 200] 2831 T
1449
2301 2858 2674 1796 [1238 75] 3003 2996 2196 2011 1983 [848 76] 3877 [1239 77] 3035 459 2244 2883 3313 3270 3428 [2131 78] 2882 1890 748 2619 2621 [3647 79] 2621 2619 2009 2598 2202 3787 665 [2511 80] [3490 81] 2550 1365 [2989 82] 1615 1830 1139 119 [789 83] 3063 [2198 84] [3063 85] 3052 2854 1965 [3423 86] 371 2337 1565 672 262 [2077 87] [262 88] 2374 1655 2850 3361 3735 [96 89] 1421 [3658 90] 1390 1388 1392 2739 1561 [3652 91] 1561 188 3423 371 2337 [1565 92] 1568 2209 1516 [1749 93] 1516 227 221 224 2745 [3018 94] [2745 95] 3571 1988 1971 1978 [55 96] 1978 1971 [1983 97] 1286 513 [3085 98] 513 2209 1516 2207 3341 724 [2942 99] [724 100] 3341 1368 [1021 101] 1994 [855 102] [2506 103] 855 1917 532 3132 [2987 104] 3132 532 3385 2163 [479 105] 1944 [2244 106] 459 [3035 107] 1029 3658 1390 [664 108] 1390 1388 1389 1694 3326 [3060 109] 858 1602 [1668 110] 2593 1703 3001 2996 [2999 111] 2996 2997 2433 2078 468 1247 [1429 112] 1247 1065 [2079 113] 245 181 [252 114] 1944 2244 459 2725 [2912 115] 2725 459 3035 [1029 116] 627 [3447 117] 627 1029 1339 1185 [1335 118] 1185 1339 472 373 729 [2787 119] 729 373 [3202 120] 373 [2765 121] 1020 581 [2766 122] 581 1443 [466 123] 1443 581 1020 2765 373 [2091 124] [2053 125] 1369 2036 [1727 126] 2036 1369 1455 2041 1847 1838 1396 [666 127] [443 128] 936 1817 [1825 129] 1817 1820 2664 1518 1515 [1520 130] 1515 1516 2207 2854 [3055 131] 2854 2207 1516 1515 1245 [482 132] [1245 133] [496 134] 1245 482 2492 2267 2541 991 3383 3385 [532 135] 1917 1863 [3380 136] 2651 1697 [3603 137] 1697 2272 2883 [2216 138] 2883 2839 [3221 139] 2839 [2883 140] 2272 [2570 141] 2272 2883 3313 3270 [1670 142] 2845 664 [1750 143] [2195 144] 2687 2507 454 347 [458 145] 3603 1697 2272 2883 [2839 146] 3221 216 715 [578 147] [715 148] 2122 1657 [36 149] 3055 2854 3054 1465 986 636 2217 3211 2566 [1273 150] [2566 151] 3211 3590 3009 [2421 152] 2376 1557 [2773 153] 1695 [378 154] 2492 2267 2541 954 [1925 155] 954 3780 [3090 156] 2375 1324 1093 2049 1370 [716 157] 1370 2049 3209 [650 158] 3491 2699 [3108 159] 2699 3491 3280 [3780 160] 954 1099 2997 [1751 161] 2997 2572 1371 [1072 162] 1371 2572 2997 [2433 163] 2997 [2572 164] [1646 165] 2498 230 923 922 934 [1790 166] 934 922 923 [460 167] 923 1033 1841 2003 [3885 168] 1959 1272 [2270 169] 90 [409 170] 312 349 [2796 171] 560 3285 2674 2858 263 [1011 172] 263 2858 2674 1796 3300 391 [1847 173] 391 2026 2090 [2683 174] 2090 2827 2603 1073 665 3787 [2202 175] 3787 2606 [227 176] 1516 2209 513 1838 1841 [792 177] 1841 2864 3443 [589 178] 375 178 [816 179] 178 1241 3805 2834 1475 [486 180] 1475 2196 [2011 181] 814 [3169 182] 814 2011 2498 230 [299 183] 145 2158 [319 184] [1136 185] 3198 3322 1460 [1358 186] [3002 187] 2124 3789 3347 [2211 188] [3291 189] 2211 810 2265 364 [3605 190] 1116 [1571 191] 1608 1601 1604 1472 [591 192] 2483 810 1694 [3494 193] 1694 [2482 194] 1694 1389 3054 2854 [1209 195] 2467 2549 2607 [109 196] 2607 2855 2681 38 [3920 197] 38 2975 134 3285 [2674 198] 1796 1238 3003 2996 2276 [2675 199] [2980 200] 2831 T
1455
848 295 800 8 [2342 76] 3068 3685 842 1119 1526 [1530 77] 1526 1119 842 [3685 78] 3068 393 1450 215 [280 79] 456 1070 3490 [2511 80] [3490 81] 2550 1365 [2989 82] 1615 1830 1139 119 [789 83] 3063 [2198 84] [3063 85] 3052 2854 1965 [3423 86] 371 2337 1565 672 262 [2077 87] [262 88] 2374 1655 2850 3361 3735 [96 89] 1421 [3658 90] 1390 1388 1392 2739 1561 [3652 91] 1561 188 3423 371 2337 [1565 92] 1568 2209 1516 [1749 93] 1516 227 221 224 2745 [3018 94] [2745 95] 3571 1988 1971 1978 [55 96] 1978 1971 [1983 97] 1286 513 [3085 98] 513 2209 1516 2207 3341 724 [2942 99] [724 100] 3341 1368 [1021 101] 1994 [855 102] [2506 103] 855 1917 532 3132 [2987 104] 3132 532 3385 2163 [479 105] 1944 [2244 106] 459 [3035 107] 1029 3658 1390 [664 108] 1390 1388 1389 1694 3326 [3060 109] 858 1602 [1668 110] 2593 1703 3001 2996 [2999 111] 2996 2997 2433 2078 468 1247 [1429 112] 1247 1065 [2079 113] 245 181 [252 114] 1944 2244 459 2725 [2912 115] 2725 459 3035 [1029 116] 627 [3447 117] 627 1029 1339 1185 [1335 118] 1185 1339 472 373 729 [2787 119] 729 373 [3202 120] 373 [2765 121] 1020 581 [2766 122] 581 1443 [466 123] 1443 581 1020 2765 373 [2091 124] [2053 125] 1369 2036 [1727 126] 2036 1369 1455 2041 1847 1838 1396 [666 127] [443 128] 936 1817 [1825 129] 1817 1820 2664 1518 1515 [1520 130] 1515 1516 2207 2854 [3055 131] 2854 2207 1516 1515 1245 [482 132] [1245 133] [496 134] 1245 482 2492 2267 2541 991 3383 3385 [532 135] 1917 1863 [3380 136] 2651 1697 [3603 137] 1697 2272 2883 [2216 138] 2883 2839 [3221 139] 2839 [2883 140] 2272 [2570 141] 2272 2883 3313 3270 [1670 142] 2845 664 [1750 143] [2195 144] 2687 2507 454 347 [458 145] 3603 1697 2272 2883 [2839 146] 3221 216 715 [578 147] [715 148] 2122 1657 [36 149] 3055 2854 3054 1465 986 636 2217 3211 2566 [1273 150] [2566 151] 3211 3590 3009 [2421 152] 2376 1557 [2773 153] 1695 [378 154] 2492 2267 2541 954 [1925 155] 954 3780 [3090 156] 2375 1324 1093 2049 1370 [716 157] 1370 2049 3209 [650 158] 3491 2699 [3108 159] 2699 3491 3280 [3780 160] 954 1099 2997 [1751 161] 2997 2572 1371 [1072 162] 1371 2572 2997 [2433 163] 2997 [2572 164] [1646 165] 2498 230 923 922 934 [1790 166] 934 922 923 [460 167] 923 1033 1841 2003 [3885 168] 1959 1272 [2270 169] 90 [409 170] 312 349 [2796 171] 560 3285 2674 2858 263 [1011 172] 263 2858 2674 1796 3300 391 [1847 173] 391 2026 2090 [2683 174] 2090 2827 2603 1073 665 3787 [2202 175] 3787 2606 [227 176] 1516 2209 513 1838 1841 [792 177] 1841 2864 3443 [589 178] 375 178 [816 179] 178 1241 3805 2834 1475 [486 180] 1475 2196 [2011 181] 814 [3169 182] 814 2011 2498 230 [299 183] 145 2158 [319 184] [1136 185] 3198 3322 1460 [1358 186] [3002 187] 2124 3789 3347 [2211 188] [3291 189] 2211 810 2265 364 [3605 190] 1116 [1571 191] 1608 1601 1604 1472 [591 192] 2483 810 1694 [3494 193] 1694 [2482 194] 1694 1389 3054 2854 [1209 195] 2467 2549 2607 [109 196] 2607 2855 2681 38 [3920 197] 38 2975 134 3285 [2674 198] 1796 1238 3003 2996 2276 [2675 199] [2980 200] 2831 T
1451
1239 2969 3724 152 [1418 77] 800 3131 523 2983 1882 [917 78] 1882 3383 1688 3804 660 [280 79] 456 1070 3490 [2511 80] [3490 81] 2550 1365 [2989 82] 1615 1830 1139 119 [789 83] 3063 [2198 84] [3063 85] 3052 2854 1965 [3423 86] 371 2337 1565 672 262 [2077 87] [262 88] 2374 1655 2850 3361 3735 [96 89] 1421 [3658 90] 1390 1388 1392 2739 1561 [3652 91] 1561 188 3423 371 2337 [1565 92] 1568 2209 1516 [1749 93] 1516 227 221 224 2745 [3018 94] [2745 95] 3571 1988 1971 1978 [55 96] 1978 1971 [1983 97] 1286 513 [3085 98] 513 2209 1516 2207 3341 724 [2942 99] [724 100] 3341 1368 [1021 101] 1994 [855 102] [2506 103] 855 1917 532 3132 [2987 104] 3132 532 3385 2163 [479 105] 1944 [2244 106] 459 [3035 107] 1029 3658 1390 [664 108] 1390 1388 1389 1694 3326 [3060 109] 858 1602 [1668 110] 2593 1703 3001 2996 [2999 111] 2996 2997 2433 2078 468 1247 [1429 112] 1247 1065 [2079 113] 245 181 [252 114] 1944 2244 459 2725 [2912 115] 2725 459 3035 [1029 116] 627 [3447 117] 627 1029 1339 1185 [1335 118] 1185 1339 472 373 729 [2787 119] 729 373 [3202 120] 373 [2765 121] 1020 581 [2766 122] 581 1443 [466 123] 1443 581 1020 2765 373 [2091 124] [2053 125] 1369 2036 [1727 126] 2036 1369 1455 2041 1847 1838 1396 [666 127] [443 128] 936 1817 [1825 129] 1817 1820 2664 1518 1515 [1520 130] 1515 1516 2207 2854 [3055 131] 2854 2207 1516 1515 1245 [482 132] [1245 133] [496 134] 1245 482 2492 2267 2541 991 3383 3385 [532 135] 1917 1863 [3380 136] 2651 1697 [3603 137] 1697 2272 2883 [2216 138] 2883 2839 [3221 139] 2839 [2883 140] 2272 [2570 141] 2272 2883 3313 3270 [1670 142] 2845 664 [1750 143] [2195 144] 2687 2507 454 347 [458 145] 3603 1697 2272 2883 [2839 146] 3221 216 715 [578 147] [715 148] 2122 1657 [36 149] 3055 2854 3054 1465 986 636 2217 3211 2566 [1273 150] [2566 151] 3211 3590 3009 [2421 152] 2376 1557 [2773 153] 1695 [378 154] 2492 2267 2541 954 [1925 155] 954 3780 [3090 156] 2375 1324 1093 2049 1370 [716 157] 1370 2049 3209 [650 158] 3491 2699 [3108 159] 2699 3491 3280 [3780 160] 954 1099 2997 [1751 161] 2997 2572 1371 [1072 162] 1371 2572 2997 [2433 163] 2997 [2572 164] [1646 165] 2498 230 923 922 934 [1790 166] 934 922 923 [460 167] 923 1033 1841 2003 [3885 168] 1959 1272 [2270 169] 90 [409 170] 312 349 [2796 171] 560 3285 2674 2858 263 [1011 172] 263 2858 2674 1796 3300 391 [1847 173] 391 2026 2090 [2683 174] 2090 2827 2603 1073 665 3787 [2202 175] 3787 2606 [227 176] 1516 2209 513 1838 1841 [792 177] 1841 2864 3443 [589 178] 375 178 [816 179] 178 1241 3805 2834 1475 [486 180] 1475 2196 [2011 181] 814 [3169 182] 814 2011 2498 230 [299 183] 145 2158 [319 184] [1136 185] 3198 3322 1460 [1358 186] [3002 187] 2124 3789 3347 [2211 188] [3291 189] 2211 810 2265 364 [3605 190] 1116 [1571 191] 1608 1601 1604 1472 [591 192] 2483 810 1694 [3494 193] 1694 [2482 194] 1694 1389 3054 2854 [1209 195] 2467 2549 2607 [109 196] 2607 2855 2681 38 [3920 197] 38 2975 134 3285 [2674 198] 1796 1238 3003 2996 2276 [2675 199] [2980 200] 2831 T
1452
2131 2882 1890 748 2619 274 135 [917 78] 1882 3383 1688 3804 660 [280 79] 456 1070 3490 [2511 80] [3490 81] 2550 1365 [2989 82] 1615 1830 1139 119 [789 83] 3063 [2198 84] [3063 85] 3052 2854 1965 [3423 86] 371 2337 1565 672 262 [2077 87] [262 88] 2374 1655 2850 3361 3735 [96 89] 1421 [3658 90] 1390 1388 1392 2739 1561 [3652 91] 1561 188 3423 371 2337 [1565 92] 1568 2209 1516 [1749 93] 1516 227 221 224 2745 [3018 94] [2745 95] 3571 1988 1971 1978 [55 96] 1978 1971 [1983 97] 1286 513 [3085 98] 513 2209 1516 2207 3341 724 [2942 99] [724 100] 3341 1368 [1021 101] 1994 [855 102] [2506 103] 855 1917 532 3132 [2987 104] 3132 532 3385 2163 [479 105] 1944 [2244 106] 459 [3035 107] 1029 3658 1390 [664 108] 1390 1388 1389 1694 3326 [3060 109] 858 1602 [1668 110] 2593 1703 3001 2996 [2999 111] 2996 2997 2433 2078 468 1247 [1429 112] 1247 1065 [2079 113] 245 181 [252 114] 1944 2244 459 2725 [2912 115] 2725 459 3035 [1029 116] 627 [3447 117] 627 1029 1339 1185 [1335 118] 1185 1339 472 373 729 [2787 119] 729 373 [3202 120] 373 [2765 121] 1020 581 [2766 122] 581 1443 [466 123] 1443 581 1020 2765 373 [2091 124] [2053 125] 1369 2036 [1727 126] 2036 1369 1455 2041 1847 1838 1396 [666 127] [443 128] 936 1817 [1825 129] 1817 1820 2664 1518 1515 [1520 130] 1515 1516 2207 2854 [3055 131] 2854 2207 1516 1515 1245 [482 132] [1245 133] [496 134] 1245 482 2492 2267 2541 991 3383 3385 [532 135] 1917 1863 [3380 136] 2651 1697 [3603 137] 1697 2272 2883 [2216 138] 2883 2839 [3221 139] 2839 [2883 140] 2272 [2570 141] 2272 2883 3313 3270 [1670 142] 2845 664 [1750 143] [2195 144] 2687 2507 454 347 [458 145] 3603 1697 2272 2883 [2839 146] 3221 216 715 [578 147] [715 148] 2122 1657 [36 149] 3055 2854 3054 1465 986 636 2217 3211 2566 [1273 150] [2566 151] 3211 3590 3009 [2421 152] 2376 1557 [2773 153] 1695 [378 154] 2492 2267 2541 954 [1925 155] 954 3780 [3090 156] 2375 1324 1093 2049 1370 [716 157] 1370 2049 3209 [650 158] 3491 2699 [3108 159] 2699 3491 3280 [3780 160] 954 1099 2997 [1751 161] 2997 2572 1371 [1072 162] 1371 2572 2997 [2433 163] 2997 [2572 164] [1646 165] 2498 230 923 922 934 [1790 166] 934 922 923 [460 167] 923 1033 1841 2003 [3885 168] 1959 1272 [2270 169] 90 [409 170] 312 349 [2796 171] 560 3285 2674 2858 263 [1011 172] 263 2858 2674 1796 3300 391 [1847 173] 391 2026 2090 [2683 174] 2090 2827 2603 1073 665 3787 [2202 175] 3787 2606 [227 176] 1516 2209 513 1838 1841 [792 177] 1841 2864 3443 [589 178] 375 178 [816 179] 178 1241 3805 2834 1475 [486 180] 1475 2196 [2011 181] 814 [3169 182] 814 2011 2498 230 [299 183] 145 2158 [319 184] [1136 185] 3198 3322 1460 [1358 186] [3002 187] 2124 3789 3347 [2211 188] [3291 189] 2211 810 2265 364 [3605 190] 1116 [1571 191] 1608 1601 1604 1472 [591 192] 2483 810 1694 [3494 193] 1694 [2482 194] 1694 1389 3054 2854 [1209 195] 2467 2549 2607 [109 196] 2607 2855 2681 38 [3920 197] 38 2975 134 3285 [2674 198] 1796 1238 3003 2996 2276 [2675 199] [2980 200] 2831 T
1450
3647 1003 3431 2329 2327 [1479 79] 2327 2331 815 1326 [2511 80] [3490 81] 2550 1365 [2989 82] 1615 1830 1139 119 [789 83] 3063 [2198 84] [3063 85] 3052 2854 1965 [3423 86] 371 2337 1565 672 262 [2077 87] [262 88] 2374 1655 2850 3361 3735 [96 89] 1421 [3658 90] 1390 1388 1392 2739 1561 [3652 91] 1561 188 3423 371 2337 [1565 92] 1568 2209 1516 [1749 93] 1516 227 221 224 2745 [3018 94] [2745 95] 3571 1988 1971 1978 [55 96] 1978 1971 [1983 97] 1286 513 [3085 98] 513 2209 1516 2207 3341 724 [2942 99] [724 100] 3341 1368 [1021 101] 1994 [855 102] [2506 103] 855 1917 532 3132 [2987 104] 3132 532 3385 2163 [479 105] 1944 [2244 106] 459 [3035 107] 1029 3658 1390 [664 108] 1390 1388 1389 1694 3326 [3060 109] 858 1602 [1668 110] 2593 1703 3001 2996 [2999 111] 2996 2997 2433 2078 468 1247 [1429 112] 1247 1065 [2079 113] 245 181 [252 114] 1944 2244 459 2725 [2912 115] 2725 459 3035 [1029 116] 627 [3447 117] 627 1029 1339 1185 [1335 118] 1185 1339 472 373 729 [2787 119] 729 373 [3202 120] 373 [2765 121] 1020 581 [2766 122] 581 1443 [466 123] 1443 581 1020 2765 373 [2091 124] [2053 125] 1369 2036 [1727 126] 2036 1369 1455 2041 1847 1838 1396 [666 127] [443 128] 936 1817 [1825 129] 1817 1820 2664 1518 1515 [1520 130] 1515 1516 2207 2854 [3055 131] 2854 2207 1516 1515 1245 [482 132] [1245 133] [496 134] 1245 482 2492 2267 2541 991 3383 3385 [532 135] 1917 1863 [3380 136] 2651 1697 [3603 137] 1697 2272 2883 [2216 138] 2883 2839 [3221 139] 2839 [2883 140] 2272 [2570 141] 2272 2883 3313 3270 [1670 142] 2845 664 [1750 143] [2195 144] 2687 2507 454 347 [458 145] 3603 1697 2272 2883 [2839 146] 3221 216 715 [578 147] [715 148] 2122 1657 [36 149] 3055 2854 3054 1465 986 636 2217 3211 2566 [1273 150] [2566 151] 3211 3590 3009 [2421 152] 2376 1557 [2773 153] 1695 [378 154] 2492 2267 2541 954 [1925 155] 954 3780 [3090 156] 2375 1324 1093 2049 1370 [716 157] 1370 2049 3209 [650 158] 3491 2699 [3108 159] 2699 3491 3280 [3780 160] 954 1099 2997 [1751 161] 2997 2572 1371 [1072 162] 1371 2572 2997 [2433 163] 2997 [2572 164] [1646 165] 2498 230 923 922 934 [1790 166] 934 922 923 [460 167] 923 1033 1841 2003 [3885 168] 1959 1272 [2270 169] 90 [409 170] 312 349 [2796 171] 560 3285 2674 2858 263 [1011 172] 263 2858 2674 1796 3300 391 [1847 173] 391 2026 2090 [2683 174] 2090 2827 2603 1073 665 3787 [2202 175] 3787 2606 [227 176] 1516 2209 513 1838 1841 [792 177] 1841 2864 3443 [589 178] 375 178 [816 179] 178 1241 3805 2834 1475 [486 180] 1475 2196 [2011 181] 814 [3169 182] 814 2011 2498 230 [299 183] 145 2158 [319 184] [1136 185] 3198 3322 1460 [1358 186] [3002 187] 2124 3789 3347 [2211 188] [3291 189] 2211 810 2265 364 [3605 190] 1116 [1571 191] 1608 1601 1604 1472 [591 192] 2483 810 1694 [3494 193] 1694 [2482 194] 1694 1389 3054 2854 [1209 195] 2467 2549 2607 [109 196] 2607 2855 2681 38 [3920 197] 38 2975 134 3285 [2674 198] 1796 1238 3003 2996 2276 [2675 199] [2980 200] 2831 T
1452
2511 2592 [2478 80] 2492 [2267 81] 2541 954 567 1677 759 [2989 82] 1615 1830 1139 119 [789 83] 3063 [2198 84] [3063 85] 3052 2854 1965 [3423 86] 371 2337 1565 672 262 [2077 87] [262 88] 2374 1655 2850 3361 3735 [96 89] 1421 [3658 90] 1390 1388 1392 2739 1561 [3652 91] 1561 188 3423 371 2337 [1565 92] 1568 2209 1516 [1749 93] 1516 227 221 224 2745 [3018 94] [2745 95] 3571 1988 1971 1978 [55 96] 1978 1971 [1983 97] 1286 513 [3085 98] 513 2209 1516 2207 3341 724 [2942 99] [724 100] 3341 1368 [1021 101] 1994 [855 102] [2506 103] 855 1917 532 3132 [2987 104] 3132 532 3385 2163 [479 105] 1944 [2244 106] 459 [3035 107] 1029 3658 1390 [664 108] 1390 1388 1389 1694 3326 [3060 109] 858 1602 [1668 110] 2593 1703 3001 2996 [2999 111] 2996 2997 2433 2078 468 1247 [1429 112] 1247 1065 [2079 113] 245 181 [252 114] 1944 2244 459 2725 [2912 115] 2725 459 3035 [1029 116] 627 [3447 117] 627 1029 1339 1185 [1335 118] 1185 1339 472 373 729 [2787 119] 729 373 [3202 120] 373 [2765 121] 1020 581 [2766 122] 581 1443 [466 123] 1443 581 1020 2765 373 [2091 124] [2053 125] 1369 2036 [1727 126] 2036 1369 1455 2041 1847 1838 1396 [666 127] [443 128] 936 1817 [1825 129] 1817 1820 2664 1518 1515 [1520 130] 1515 1516 2207 2854 [3055 131] 2854 2207 1516 1515 1245 [482 132] [1245 133] [496 134] 1245 482 2492 2267 2541 991 3383 3385 [532 135] 1917 1863 [3380 136] 2651 1697 [3603 137] 1697 2272 2883 [2216 138] 2883 2839 [3221 139] 2839 [2883 140] 2272 [2570 141] 2272 2883 3313 3270 [1670 142] 2845 664 [1750 143] [2195 144] 2687 2507 454 347 [458 145] 3603 1697 2272 2883 [2839 146] 3221 216 715 [578 147] [715 148] 2122 1657 [36 149] 3055 2854 3054 1465 986 636 2217 3211 2566 [1273 150] [2566 151] 3211 3590 3009 [2421 152] 2376 1557 [2773 153] 1695 [378 154] 2492 2267 2541 954 [1925 155] 954 3780 [3090 156] 2375 1324 1093 2049 1370 [716 157] 1370 2049 3209 [650 158] 3491 2699 [3108 159] 2699 3491 3280 [3780 160] 954 1099 2997 [1751 161] 2997 2572 1371 [1072 162] 1371 2572 2997 [2433 163] 2997 [2572 164] [1646 165] 2498 230 923 922 934 [1790 166] 934 922 923 [460 167] 923 1033 1841 2003 [3885 168] 1959 1272 [2270 169] 90 [409 170] 312 349 [2796 171] 560 3285 2674 2858 263 [1011 172] 263 2858 2674 1796 3300 391 [1847 173] 391 2026 2090 [2683 174] 2090 2827 2603 1073 665 3787 [2202 175] 3787 2606 [227 176] 1516 2209 513 1838 1841 [792 177] 1841 2864 3443 [589 178] 375 178 [816 179] 178 1241 3805 2834 1475 [486 180] 1475 2196 [2011 181] 814 [3169 182] 814 2011 2498 230 [299 183] 145 2158 [319 184] [1136 185] 3198 3322 1460 [1358 186] [3002 187] 2124 3789 3347 [2211 188] [3291 189] 2211 810 2265 364 [3605 190] 1116 [1571 191] 1608 1601 1604 1472 [591 192] 2483 810 1694 [3494 193] 1694 [2482 194] 1694 1389 3054 2854 [1209 195] 2467 2549 2607 [109 196] 2607 2855 2681 38 [3920 197] 38 2975 134 3285 [2674 198] 1796 1238 3003 2996 2276 [2675 199] [2980 200] 2831 T
1453
3490 2511 1326 815 [2331 81] 815 1421 137 [2560 82] 328 320 322 1203 1670 2845 3063 [789 83] 3063 [2198 84] [3063 85] 3052 2854 1965 [3423 86] 371 2337 1565 672 262 [2077 87] [262 88] 2374 1655 2850 3361 3735 [96 89] 1421 [3658 90] 1390 1388 1392 2739 1561 [3652 91] 1561 188 3423 371 2337 [1565 92] 1568 2209 1516 [1749 93] 1516 227 221 224 2745 [3018 94] [2745 95] 3571 1988 1971 1978 [55 96] 1978 1971 [1983 97] 1286 513 [3085 98] 513 2209 1516 2207 3341 724 [2942 99] [724 100] 3341 1368 [1021 101] 1994 [855 102] [2506 103] 855 1917 532 3132 [2987 104] 3132 532 3385 2163 [479 105] 1944 [2244 106] 459 [3035 107] 1029 3658 1390 [664 108] 1390 1388 1389 1694 3326 [3060 109] 858 1602 [1668 110] 2593 1703 3001 2996 [2999 111] 2996 2997 2433 2078 468 1247 [1429 112] 1247 1065 [2079 113] 245 181 [252 114] 1944 2244 459 2725 [2912 115] 2725 459 3035 [1029 116] 627 [3447 117] 627 1029 1339 1185 [1335 118] 1185 1339 472 373 729 [2787 119] 729 373 [3202 120] 373 [2765 121] 1020 581 [2766 122] 581 1443 [466 123] 1443 581 1020 2765 373 [2091 124] [2053 125] 1369 2036 [1727 126] 2036 1369 1455 2041 1847 1838 1396 [666 127] [443 128] 936 1817 [1825 129] 1817 1820 2664 1518 1515 [1520 130] 1515 1516 2207 2854 [3055 131] 2854 2207 1516 1515 1245 [482 132] [1245 133] [496 134] 1245 482 2492 2267 2541 991 3383 3385 [532 135] 1917 1863 [3380 136] 2651 1697 [3603 137] 1697 2272 2883 [2216 138] 2883 2839 [3221 139] 2839 [2883 140] 2272 [2570 141] 2272 2883 3313 3270 [1670 142] 2845 664 [1750 143] [2195 144] 2687 2507 454 347 [458 145] 3603 1697 2272 2883 [2839 146] 3221 216 715 [578 147] [715 148] 2122 1657 [36 149] 3055 2854 3054 1465 986 636 2217 3211 2566 [1273 150] [2566 151] 3211 3590 3009 [2421 152] 2376 1557 [2773 153] 1695 [378 154] 2492 2267 2541 954 [1925 155] 954 3780 [3090 156] 2375 1324 1093 2049 1370 [716 157] 1370 2049 3209 [650 158] 3491 2699 [3108 159] 2699 3491 3280 [3780 160] 954 1099 2997 [1751 161] 2997 2572 1371 [1072 162] 1371 2572 2997 [2433 163] 2997 [2572 164] [1646 165] 2498 230 923 922 934 [1790 166] 934 922 923 [460 167] 923 1033 1841 2003 [3885 168] 1959 1272 [2270 169] 90 [409 170] 312 349 [2796 171] 560 3285 2674 2858 263 [1011 172] 263 2858 2674 1796 3300 391 [1847 173] 391 2026 2090 [2683 174] 2090 2827 2603 1073 665 3787 [2202 175] 3787 2606 [227 176] 1516 2209 513 1838 1841 [792 177] 1841 2864 3443 [589 178] 375 178 [816 179] 178 1241 3805 2834 1475 [486 180] 1475 2196 [2011 181] 814 [3169 182] 814 2011 2498 230 [299 183] 145 2158 [319 184] [1136 185] 3198 3322 1460 [1358 186] [3002 187] 2124 3789 3347 [2211 188] [3291 189] 2211 810 2265 364 [3605 190] 1116 [1571 191] 1608 1601 1604 1472 [591 192] 2483 810 1694 [3494 193] 1694 [2482 194] 1694 1389 3054 2854 [1209 195] 2467 2549 2607 [109 196] 2607 2855 2681 38 [3920 197] 38 2975 134 3285 [2674 198] 1796 1238 3003 2996 2276 [2675 199] [2980 200] 2831 T
1458
2989 3333 2262 2259 764 [944 82] 764 2259 2261 1682 166 1654 3063 [789 83] 3063 [2198 84] [3063 85] 3052 2854 1965 [3423 86] 371 2337 1565 672 262 [2077 87] [262 88] 2374 1655 2850 3361 3735 [96 89] 1421 [3658 90] 1390 1388 1392 2739 1561 [3652 91] 1561 188 3423 371 2337 [1565 92] 1568 2209 1516 [1749 93] 1516 227 221 224 2745 [3018 94] [2745 95] 3571 1988 1971 1978 [55 96] 1978 1971 [1983 97] 1286 513 [3085 98] 513 2209 1516 2207 3341 724 [2942 99] [724 100] 3341 1368 [1021 101] 1994 [855 102] [2506 103] 855 1917 532 3132 [2987 104] 3132 532 3385 2163 [479 105] 1944 [2244 106] 459 [3035 107] 1029 3658 1390 [664 108] 1390 1388 1389 1694 3326 [3060 109] 858 1602 [1668 110] 2593 1703 3001 2996 [2999 111] 2996 2997 2433 2078 468 1247 [1429 112] 1247 1065 [2079 113] 245 181 [252 114] 1944 2244 459 2725 [2912 115] 2725 459 3035 [1029 116] 627 [3447 117] 627 1029 1339 1185 [1335 118] 1185 1339 472 373 729 [2787 119] 729 373 [3202 120] 373 [2765 121] 1020 581 [2766 122] 581 1443 [466 123] 1443 581 1020 2765 373 [2091 124] [2053 125] 1369 2036 [1727 126] 2036 1369 1455 2041 1847 1838 1396 [666 127] [443 128] 936 1817 [1825 129] 1817 1820 2664 1518 1515 [1520 130] 1515 1516 2207 2854 [3055 131] 2854 2207 1516 1515 1245 [482 132] [1245 133] [496 134] 1245 482 2492 2267 2541 991 3383 3385 [532 135] 1917 1863 [3380 136] 2651 1697 [3603 137] 1697 2272 2883 [2216 138] 2883 2839 [3221 139] 2839 [2883 140] 2272 [2570 141] 2272 2883 3313 3270 [1670 142] 2845 664 [1750 143] [2195 144] 2687 2507 454 347 [458 145] 3603 1697 2272 2883 [2839 146] 3221 216 715 [578 147] [715 148] 2122 1657 [36 149] 3055 2854 3054 1465 986 636 2217 3211 2566 [1273 150] [2566 151] 3211 3590 3009 [2421 152] 2376 1557 [2773 153] 1695 [378 154] 2492 2267 2541 954 [1925 155] 954 3780 [3090 156] 2375 1324 1093 2049 1370 [716 157] 1370 2049 3209 [650 158] 3491 2699 [3108 159] 2699 3491 3280 [3780 160] 954 1099 2997 [1751 161] 2997 2572 1371 [1072 162] 1371 2572 2997 [2433 163] 2997 [2572 164] [1646 165] 2498 230 923 922 934 [1790 166] 934 922 923 [460 167] 923 1033 1841 2003 [3885 168] 1959 1272 [2270 169] 90 [409 170] 312 349 [2796 171] 560 3285 2674 2858 263 [1011 172] 263 2858 2674 1796 3300 391 [1847 173] 391 2026 2090 [2683 174] 2090 2827 2603 1073 665 3787 [2202 175] 3787 2606 [227 176] 1516 2209 513 1838 1841 [792 177] 1841 2864 3443 [589 178] 375 178 [816 179] 178 1241 3805 2834 1475 [486 180] 1475 2196 [2011 181] 814 [3169 182] 814 2011 2498 230 [299 183] 145 2158 [319 184] [1136 185] 3198 3322 1460 [1358 186] [3002 187] 2124 3789 3347 [2211 188] [3291 189] 2211 810 2265 364 [3605 190] 1116 [1571 191] 1608 1601 1604 1472 [591 192] 2483 810 1694 [3494 193] 1694 [2482 194] 1694 1389 3054 2854 [1209 195] 2467 2549 2607 [109 196] 2607 2855 2681 38 [3920 197] 38 2975 134 3285 [2674 198] 1796 1238 3003 2996 2276 [2675 199] [2980 200] 2831 T
1462
789 3063 3052 1235 1352 1350 [1222 83] 1350 1352 1235 3052 3063 [2198 84] [3063 85] 3052 2854 1965 [3423 86] 371 2337 1565 672 262 [2077 87] [262 88] 2374 1655 2850 3361 3735 [96 89] 1421 [3658 90] 1390 1388 1392 2739 1561 [3652 91] 1561 188 3423 371 2337 [1565 92] 1568 2209 1516 [1749 93] 1516 227 221 224 2745 [3018 94] [2745 95] 3571 1988 1971 1978 [55 96] 1978 1971 [1983 97] 1286 513 [3085 98] 513 2209 1516 2207 3341 724 [2942 99] [724 100] 3341 1368 [1021 101] 1994 [855 102] [2506 103] 855 1917 532 3132 [2987 104] 3132 532 3385 2163 [479 105] 1944 [2244 106] 459 [3035 107] 1029 3658 1390 [664 108] 1390 1388 1389 1694 3326 [3060 109] 858 1602 [1668 110] 2593 1703 3001 2996 [2999 111] 2996 2997 2433 2078 468 1247 [1429 112] 1247 1065 [2079 113] 245 181 [252 114] 1944 2244 459 2725 [2912 115] 2725 459 3035 [1029 116] 627 [3447 117] 627 1029 1339 1185 [1335 118] 1185 1339 472 373 729 [2787 119] 729 373 [3202 120] 373 [2765 121] 1020 581 [2766 122] 581 1443 [466 123] 1443 581 1020 2765 373 [2091 124] [2053 125] 1369 2036 [1727 126] 2036 1369 1455 2041 1847 1838 1396 [666 127] [443 128] 936 1817 [1825 129] 1817 1820 2664 1518 1515 [1520 130] 1515 1516 2207 2854 [3055 131] 2854 2207 1516 1515 1245 [482 132] [1245 133] [496 134] 1245 482 2492 2267 2541 991 3383 3385 [532 135] 1917 1863 [3380 136] 2651 1697 [3603 137] 1697 2272 2883 [2216 138] 2883 2839 [3221 139] 2839 [2883 140] 2272 [2570 141] 2272 2883 3313 3270 [1670 142] 2845 664 [1750 143] [2195 144] 2687 2507 454 347 [458 145] 3603 1697 2272 2883 [2839 146] 3221 216 715 [578 147] [715 148] 2122 1657 [36 149] 3055 2854 3054 1465 986 636 2217 3211 2566 [1273 150] [2566 151] 3211 3590 3009 [2421 152] 2376 1557 [2773 153] 1695 [378 154] 2492 2267 2541 954 [1925 155] 954 3780 [3090 156] 2375 1324 1093 2049 1370 [716 157] 1370 2049 3209 [650 158] 3491 2699 [3108 159] 2699 3491 3280 [3780 160] 954 1099 2997 [1751 161] 2997 2572 1371 [1072 162] 1371 2572 2997 [2433 163] 2997 [2572 164] [1646 165] 2498 230 923 922 934 [1790 166] 934 922 923 [460 167] 923 1033 1841 2003 [3885 168] 1959 1272 [2270 169] 90 [409 170] 312 349 [2796 171] 560 3285 2674 2858 263 [1011 172] 263 2858 2674 1796 3300 391 [1847 173] 391 2026 2090 [2683 174] 2090 2827 2603 1073 665 3787 [2202 175] 3787 2606 [227 176] 1516 2209 513 1838 1841 [792 177] 1841 2864 3443 [589 178] 375 178 [816 179] 178 1241 3805 2834 1475 [486 180] 1475 2196 [2011 181] 814 [3169 182] 814 2011 2498 230 [299 183] 145 2158 [319 184] [1136 185] 3198 3322 1460 [1358 186] [3002 187] 2124 3789 3347 [2211 188] [3291 189] 2211 810 2265 364 [3605 190] 1116 [1571 191] 1608 1601 1604 1472 [591 192] 2483 810 1694 [3494 193] 1694 [2482 194] 1694 1389 3054 2854 [1209 195] 2467 2549 2607 [109 196] 2607 2855 2681 38 [3920 197] 38 2975 134 3285 [2674 198] 1796 1238 3003 2996 2276 [2675 199] [2980 200] 2831 T
1457
2198 121 131 1030 332 [2480 84] 1077 1160 1740 [2774 85] 1740 2337 371 [3423 86] 371 2337 1565 672 262 [2077 87] [262 88] 2374 1655 2850 3361 3735 [96 89] 1421 [3658 90] 1390 1388 1392 2739 1561 [3652 91] 1561 188 3423 371 2337 [1565 92] 1568 2209 1516 [1749 93] 1516 227 221 224 2745 [3018 94] [2745 95] 3571 1988 1971 1978 [55 96] 1978 1971 [1983 97] 1286 513 [3085 98] 513 2209 1516 2207 3341 724 [2942 99] [724 100] 3341 1368 [1021 101] 1994 [855 102] [2506 103] 855 1917 532 3132 [2987 104] 3132 532 3385 2163 [479 105] 1944 [2244 106] 459 [3035 107] 1029 3658 1390 [664 108] 1390 1388 1389 1694 3326 [3060 109] 858 1602 [1668 110] 2593 1703 3001 2996 [2999 111] 2996 2997 2433 2078 468 1247 [1429 112] 1247 1065 [2079 113] 245 181 [252 114] 1944 2244 459 2725 [2912 115] 2725 459 3035 [1029 116] 627 [3447 117] 627 1029 1339 1185 [1335 118] 1185 1339 472 373 729 [2787 119] 729 373 [3202 120] 373 [2765 121] 1020 581 [2766 122] 581 1443 [466 123] 1443 581 1020 2765 373 [2091 124] [2053 125] 1369 2036 [1727 126] 2036 1369 1455 2041 1847 1838 1396 [666 127] [443 128] 936 1817 [1825 129] 1817 1820 2664 1518 1515 [1520 130] 1515 1516 2207 2854 [3055 131] 2854 2207 1516 1515 1245 [482 132] [1245 133] [496 134] 1245 482 2492 2267 2541 991 3383 3385 [532 135] 1917 1863 [3380 136] 2651 1697 [3603 137] 1697 2272 2883 [2216 138] 2883 2839 [3221 139] 2839 [2883 140] 2272 [2570 141] 2272 2883 3313 3270 [1670 142] 2845 664 [1750 143] [2195 144] 2687 2507 454 347 [458 145] 3603 1697 2272 2883 [2839 146] 3221 216 715 [578 147] [715 148] 2122 1657 [36 149] 3055 2854 3054 1465 986 636 2217 3211 2566 [1273 150] [2566 151] 3211 3590 3009 [2421 152] 2376 1557 [2773 153] 1695 [378 154] 2492 2267 2541 954 [1925 155] 954 3780 [3090 156] 2375 1324 1093 2049 1370 [716 157] 1370 2049 3209 [650 158] 3491 2699 [3108 159] 2699 3491 3280 [3780 160] 954 1099 2997 [1751 161] 2997 2572 1371 [1072 162] 1371 2572 2997 [2433 163] 2997 [2572 164] [1646 165] 2498 230 923 922 934 [1790 166] 934 922 923 [460 167] 923 1033 1841 2003 [3885 168] 1959 1272 [2270 169] 90 [409 170] 312 349 [2796 171] 560 3285 2674 2858 263 [1011 172] 263 2858 2674 1796 3300 391 [1847 173] 391 2026 2090 [2683 174] 2090 2827 2603 1073 665 3787 [2202 175] 3787 2606 [227 176] 1516 2209 513 1838 1841 [792 177] 1841 2864 3443 [589 178] 375 178 [816 179] 178 1241 3805 2834 1475 [486 180] 1475 2196 [2011 181] 814 [3169 182] 814 2011 2498 230 [299 183] 145 2158 [319 184] [1136 185] 3198 3322 1460 [1358 186] [3002 187] 2124 3789 3347 [2211 188] [3291 189] 2211 810 2265 364 [3605 190] 1116 [1571 191] 1608 1601 1604 1472 [591 192] 2483 810 1694 [3494 193] 1694 [2482 194] 1694 1389 3054 2854 [1209 195] 2467 2549 2607 [109 196] 2607 2855 2681 38 [3920 197] 38 2975 134 3285 [2674 198] 1796 1238 3003 2996 2276 [2675 199] [2980 200] 2831 T
1452
3063 789 [2774 85] 1740 2337 371 [3423 86] 371 2337 1565 672 262 [2077 87] [262 88] 2374 1655 2850 3361 3735 [96 89] 1421 [3658 90] 1390 1388 1392 2739 1561 [3652 91] 1561 188 3423 371 2337 [1565 92] 1568 2209 1516 [1749 93] 1516 227 221 224 2745 [3018 94] [2745 95] 3571 1988 1971 1978 [55 96] 1978 1971 [1983 97] 1286 513 [3085 98] 513 2209 1516 2207 3341 724 [2942 99] [724 100] 3341 1368 [1021 101] 1994 [855 102] [2506 103] 855 1917 532 3132 [2987 104] 3132 532 3385 2163 [479 105] 1944 [2244 106] 459 [3035 107] 1029 3658 1390 [664 108] 1390 1388 1389 1694 3326 [3060 109] 858 1602 [1668 110] 2593 1703 3001 2996 [2999 111] 2996 2997 2433 2078 468 1247 [1429 112] 1247 1065 [2079 113] 245 181 [252 114] 1944 2244 459 2725 [2912 115] 2725 459 3035 [1029 116] 627 [3447 117] 627 1029 1339 1185 [1335 118] 1185 1339 472 373 729 [2787 119] 729 373 [3202 120] 373 [2765 121] 1020 581 [2766 122] 581 1443 [466 123] 1443 581 1020 2765 373 [2091 124] [2053 125] 1369 2036 [1727 126] 2036 1369 1455 2041 1847 1838 1396 [666 127] [443 128] 936 1817 [1825 129] 1817 1820 2664 1518 1515 [1520 130] 1515 1516 2207 2854 [3055 131] 2854 2207 1516 1515 1245 [482 132] [1245 133] [496 134] 1245 482 2492 2267 2541 991 3383 3385 [532 135] 1917 1863 [3380 136] 2651 1697 [3603 137] 1697 2272 2883 [2216 138] 2883 2839 [3221 139] 2839 [2883 140] 2272 [2570 141] 2272 2883 3313 3270 [1670 142] 2845 664 [1750 143] [2195 144] 2687 2507 454 347 [458 145] 3603 1697 2272 2883 [2839 146] 3221 216 715 [578 147] [715 148] 2122 1657 [36 149] 3055 2854 3054 1465 986 636 2217 3211 2566 [1273 150] [2566 151] 3211 3590 3009 [2421 152] 2376 1557 [2773 153] 1695 [378 154] 2492 2267 2541 954 [1925 155] 954 3780 [3090 156] 2375 1324 1093 2049 1370 [716 157] 1370 2049 3209 [650 158] 3491 2699 [3108 159] 2699 3491 3280 [3780 160] 954 1099 2997 [1751 161] 2997 2572 1371 [1072 162] 1371 2572 2997 [2433 163] 2997 [2572 164] [1646 165] 2498 230 923 922 934 [1790 166] 934 922 923 [460 167] 923 1033 1841 2003 [3885 168] 1959 1272 [2270 169] 90 [409 170] 312 349 [2796 171] 560 3285 2674 2858 263 [1011 172] 263 2858 2674 1796 3300 391 [1847 173] 391 2026 2090 [2683 174] 2090 2827 2603 1073 665 3787 [2202 175] 3787 2606 [227 176] 1516 2209 513 1838 1841 [792 177] 1841 2864 3443 [589 178] 375 178 [816 179] 178 1241 3805 2834 1475 [486 180] 1475 2196 [2011 181] 814 [3169 182] 814 2011 2498 230 [299 183] 145 2158 [319 184] [1136 185] 3198 3322 1460 [1358 186] [3002 187] 2124 3789 3347 [2211 188] [3291 189] 2211 810 2265 364 [3605 190] 1116 [1571 191] 1608 1601 1604 1472 [591 192] 2483 810 1694 [3494 193] 1694 [2482 194] 1694 1389 3054 2854 [1209 195] 2467 2549 2607 [109 196] 2607 2855 2681 38 [3920 197] 38 2975 134 3285 [2674 198] 1796 1238 3003 2996 2276 [2675 199] [2980 200] 2831 T
1456
3423 371 2337 1565 1215 846 1211 2793 705 [3175 86] 705 [1606 87] 2620 661 1697 1033 923 [230 88] 2498 1646 [96 89] 1421 [3658 90] 1390 1388 1392 2739 1561 [3652 91] 1561 188 3423 371 2337 [1565 92] 1568 2209 1516 [1749 93] 1516 227 221 224 2745 [3018 94] [2745 95] 3571 1988 1971 1978 [55 96] 1978 1971 [1983 97] 1286 513 [3085 98] 513 2209 1516 2207 3341 724 [2942 99] [724 100] 3341 1368 [1021 101] 1994 [855 102] [2506 103] 855 1917 532 3132 [2987 104] 3132 532 3385 2163 [479 105] 1944 [2244 106] 459 [3035 107] 1029 3658 1390 [664 108] 1390 1388 1389 1694 3326 [3060 109] 858 1602 [1668 110] 2593 1703 3001 2996 [2999 111] 2996 2997 2433 2078 468 1247 [1429 112] 1247 1065 [2079 113] 245 181 [252 114] 1944 2244 459 2725 [2912 115] 2725 459 3035 [1029 116] 627 [3447 117] 627 1029 1339 1185 [1335 118] 1185 1339 472 373 729 [2787 119] 729 373 [3202 120] 373 [2765 121] 1020 581 [2766 122] 581 1443 [466 123] 1443 581 1020 2765 373 [2091 124] [2053 125] 1369 2036 [1727 126] 2036 1369 1455 2041 1847 1838 1396 [666 127] [443 128] 936 1817 [1825 129] 1817 1820 2664 1518 1515 [1520 130] 1515 1516 2207 2854 [3055 131] 2854 2207 1516 1515 1245 [482 132] [1245 133] [496 134] 1245 482 2492 2267 2541 991 3383 3385 [532 135] 1917 1863 [3380 136] 2651 1697 [3603 137] 1697 2272 2883 [2216 138] 2883 2839 [3221 139] 2839 [2883 140] 2272 [2570 141] 2272 2883 3313 3270 [1670 142] 2845 664 [1750 143] [2195 144] 2687 2507 454 347 [458 145] 3603 1697 2272 2883 [2839 146] 3221 216 715 [578 147] [715 148] 2122 1657 [36 149] 3055 2854 3054 1465 986 636 2217 3211 2566 [1273 150] [2566 151] 3211 3590 3009 [2421 152] 2376 1557 [2773 153] 1695 [378 154] 2492 2267 2541 954 [1925 155] 954 3780 [3090 156] 2375 1324 1093 2049 1370 [716 157] 1370 2049 3209 [650 158] 3491 2699 [3108 159] 2699 3491 3280 [3780 160] 954 1099 2997 [1751 161] 2997 2572 1371 [1072 162] 1371 2572 2997 [2433 163] 2997 [2572 164] [1646 165] 2498 230 923 922 934 [1790 166] 934 922 923 [460 167] 923 1033 1841 2003 [3885 168] 1959 1272 [2270 169] 90 [409 170] 312 349 [2796 171] 560 3285 2674 2858 263 [1011 172] 263 2858 2674 1796 3300 391 [1847 173] 391 2026 2090 [2683 174] 2090 2827 2603 1073 665 3787 [2202 175] 3787 2606 [227 176] 1516 2209 513 1838 1841 [792 177] 1841 2864 3443 [589 178] 375 178 [816 179] 178 1241 3805 2834 1475 [486 180] 1475 2196 [2011 181] 814 [3169 182] 814 2011 2498 230 [299 183] 145 2158 [319 184] [1136 185] 3198 3322 1460 [1358 186] [3002 187] 2124 3789 3347 [2211 188] [3291 189] 2211 810 2265 364 [3605 190] 1116 [1571 191] 1608 1601 1604 1472 [591 192] 2483 810 1694 [3494 193] 1694 [2482 194] 1694 1389 3054 2854 [1209 195] 2467 2549 2607 [109 196] 2607 2855 2681 38 [3920 197] 38 2975 134 3285 [2674 198] 1796 1238 3003 2996 2276 [2675 199] [2980 200] 2831 T
1454
2077 [585 87] 2077 [262 88] 2374 1655 2850 3361 3735 [96 89] 1421 [3658 90] 1390 1388 1392 2739 1561 [3652 91] 1561 188 3423 371 2337 [1565 92] 1568 2209 1516 [1749 93] 1516 227 221 224 2745 [3018 94] [2745 95] 3571 1988 1971 1978 [55 96] 1978 1971 [1983 97] 1286 513 [3085 98] 513 2209 1516 2207 3341 724 [2942 99] [724 100] 3341 1368 [1021 101] 1994 [855 102] [2506 103] 855 1917 532 3132 [2987 104] 3132 532 3385 2163 [479 105] 1944 [2244 106] 459 [3035 107] 1029 3658 1390 [664 108] 1390 1388 1389 1694 3326 [3060 109] 858 1602 [1668 110] 2593 1703 3001 2996 [2999 111] 2996 2997 2433 2078 468 1247 [1429 112] 1247 1065 [2079 113] 245 181 [252 114] 1944 2244 459 2725 [2912 115] 2725 459 3035 [1029 116] 627 [3447 117] 627 1029 1339 1185 [1335 118] 1185 1339 472 373 729 [2787 119] 729 373 [3202 120] 373 [2765 121] 1020 581 [2766 122] 581 1443 [466 123] 1443 581 1020 2765 373 [2091 124] [2053 125] 1369 2036 [1727 126] 2036 1369 1455 2041 1847 1838 1396 [666 127] [443 128] 936 1817 [1825 129] 1817 1820 2664 1518 1515 [1520 130] 1515 1516 2207 2854 [3055 131] 2854 2207 1516 1515 1245 [482 132] [1245 133] [496 134] 1245 482 2492 2267 2541 991 3383 3385 [532 135] 1917 1863 [3380 136] 2651 1697 [3603 137] 1697 2272 2883 [2216 138] 2883 2839 [3221 139] 2839 [2883 140] 2272 [2570 141] 2272 2883 3313 3270 [1670 142] 2845 664 [1750 143] [2195 144] 2687 2507 454 347 [458 145] 3603 1697 2272 2883 [2839 146] 3221 216 715 [578 147] [715 148] 2122 1657 [36 149] 3055 2854 3054 1465 986 636 2217 3211 2566 [1273 150] [2566 151] 3211 3590 3009 [2421 152] 2376 1557 [2773 153] 1695 [378 154] 2492 2267 2541 954 [1925 155] 954 3780 [3090 156] 2375 1324 1093 2049 1370 [716 157] 1370 2049 3209 [650 158] 3491 2699 [3108 159] 2699 3491 3280 [3780 160] 954 1099 2997 [1751 161] 2997 2572 1371 [1072 162] 1371 2572 2997 [2433 163] 2997 [2572 164] [1646 165] 2498 230 923 922 934 [1790 166] 934 922 923 [460 167] 923 1033 1841 2003 [3885 168] 1959 1272 [2270 169] 90 [409 170] 312 349 [2796 171] 560 3285 2674 2858 263 [1011 172] 263 2858 2674 1796 3300 391 [1847 173] 391 2026 2090 [2683 174] 2090 2827 2603 1073 665 3787 [2202 175] 3787 2606 [227 176] 1516 2209 513 1838 1841 [792 177] 1841 2864 3443 [589 178] 375 178 [816 179] 178 1241 3805 2834 1475 [486 180] 1475 2196 [2011 181] 814 [3169 182] 814 2011 2498 230 [299 183] 145 2158 [319 184] [1136 185] 3198 3322 1460 [1358 186] [3002 187] 2124 3789 3347 [2211 188] [3291 189] 2211 810 2265 364 [3605 190] 1116 [1571 191] 1608 1601 1604 1472 [591 192] 2483 810 1694 [3494 193] 1694 [2482 194] 1694 1389 3054 2854 [1209 195] 2467 2549 2607 [109 196] 2607 2855 2681 38 [3920 197] 38 2975 134 3285 [2674 198] 1796 1238 3003 2996 2276 [2675 199] [2980 200] 2831 T
1444
1308 2077 [262 88] 2374 1655 2850 3361 3735 [96 89] 1421 [3658 90] 1390 1388 1392 2739 1561 [3652 91] 1561 188 3423 371 2337 [1565 92] 1568 2209 1516 [1749 93] 1516 227 221 224 2745 [3018 94] [2745 95] 3571 1988 1971 1978 [55 96] 1978 1971 [1983 97] 1286 513 [3085 98] 513 2209 1516 2207 3341 724 [2942 99] [724 100] 3341 1368 [1021 101] 1994 [855 102] [2506 103] 855 1917 532 3132 [2987 104] 3132 532 3385 2163 [479 105] 1944 [2244 106] 459 [3035 107] 1029 3658 1390 [664 108] 1390 1388 1389 1694 3326 [3060 109] 858 1602 [1668 110] 2593 1703 3001 2996 [2999 111] 2996 2997 2433 2078 468 1247 [1429 112] 1247 1065 [2079 113] 245 181 [252 114] 1944 2244 459 2725 [2912 115] 2725 459 3035 [1029 116] 627 [3447 117] 627 1029 1339 1185 [1335 118] 1185 1339 472 373 729 [2787 119] 729 373 [3202 120] 373 [2765 121] 1020 581 [2766 122] 581 1443 [466 123] 1443 581 1020 2765 373 [2091 124] [2053 125] 1369 2036 [1727 126] 2036 1369 1455 2041 1847 1838 1396 [666 127] [443 128] 936 1817 [1825 129] 1817 1820 2664 1518 1515 [1520 130] 1515 1516 2207 2854 [3055 131] 2854 2207 1516 1515 1245 [482 132] [1245 133] [496 134] 1245 482 2492 2267 2541 991 3383 3385 [532 135] 1917 1863 [3380 136] 2651 1697 [3603 137] 1697 2272 2883 [2216 138] 2883 2839 [3221 139] 2839 [2883 140] 2272 [2570 141] 2272 2883 3313 3270 [1670 142] 2845 664 [1750 143] [2195 144] 2687 2507 454 347 [458 145] 3603 1697 2272 2883 [2839 146] 3221 216 715 [578 147] [715 148] 2122 1657 [36 149] 3055 2854 3054 1465 986 636 2217 3211 2566 [1273 150] [2566 151] 3211 3590 3009 [2421 152] 2376 1557 [2773 153] 1695 [378 154] 2492 2267 2541 954 [1925 155] 954 3780 [3090 156] 2375 1324 1093 2049 1370 [716 157] 1370 2049 3209 [650 158] 3491 2699 [3108 159] 2699 3491 3280 [3780 160] 954 1099 2997 [1751 161] 2997 2572 1371 [1072 162] 1371 2572 2997 [2433 163] 2997 [2572 164] [1646 165] 2498 230 923 922 934 [1790 166] 934 922 923 [460 167] 923 1033 1841 2003 [3885 168] 1959 1272 [2270 169] 90 [409 170] 312 349 [2796 171] 560 3285 2674 2858 263 [1011 172] 263 2858 2674 1796 3300 391 [1847 173] 391 2026 2090 [2683 174] 2090 2827 2603 1073 665 3787 [2202 175] 3787 2606 [227 176] 1516 2209 513 1838 1841 [792 177] 1841 2864 3443 [589 178] 375 178 [816 179] 178 1241 3805 2834 1475 [486 180] 1475 2196 [2011 181] 814 [3169 182] 814 2011 2498 230 [299 183] 145 2158 [319 184] [1136 185] 3198 3322 1460 [1358 186] [3002 187] 2124 3789 3347 [2211 188] [3291 189] 2211 810 2265 364 [3605 190] 1116 [1571 191] 1608 1601 1604 1472 [591 192] 2483 810 1694 [3494 193] 1694 [2482 194] 1694 1389 3054 2854 [1209 195] 2467 2549 2607 [109 196] 2607 2855 2681 38 [3920 197] 38 2975 134 3285 [2674 198] 1796 1238 3003 2996 2276 [2675 199] [2980 200] 2831 T
1452
338 2596 3143 2339 [1468 89] 3421 542 1284 1901 [97 90] 1901 509 294 2742 [3652 91] 1561 188 3423 371 2337 [1565 92] 1568 2209 1516 [1749 93] 1516 227 221 224 2745 [3018 94] [2745 95] 3571 1988 1971 1978 [55 96] 1978 1971 [1983 97] 1286 513 [3085 98] 513 2209 1516 2207 3341 724 [2942 99] [724 100] 3341 1368 [1021 101] 1994 [855 102] [2506 103] 855 1917 532 3132 [2987 104] 3132 532 3385 2163 [479 105] 1944 [2244 106] 459 [3035 107] 1029 3658 1390 [664 108] 1390 1388 1389 1694 3326 [3060 109] 858 1602 [1668 110] 2593 1703 3001 2996 [2999 111] 2996 2997 2433 2078 468 1247 [1429 112] 1247 1065 [2079 113] 245 181 [252 114] 1944 2244 459 2725 [2912 115] 2725 459 3035 [1029 116] 627 [3447 117] 627 1029 1339 1185 [1335 118] 1185 1339 472 373 729 [2787 119] 729 373 [3202 120] 373 [2765 121] 1020 581 [2766 122] 581 1443 [466 123] 1443 581 1020 2765 373 [2091 124] [2053 125] 1369 2036 [1727 126] 2036 1369 1455 2041 1847 1838 1396 [666 127] [443 128] 936 1817 [1825 129] 1817 1820 2664 1518 1515 [1520 130] 1515 1516 2207 2854 [3055 131] 2854 2207 1516 1515 1245 [482 132] [1245 133] [496 134] 1245 482 2492 2267 2541 991 3383 3385 [532 135] 1917 1863 [3380 136] 2651 1697 [3603 137] 1697 2272 2883 [2216 138] 2883 2839 [3221 139] 2839 [2883 140] 2272 [2570 141] 2272 2883 3313 3270 [1670 142] 2845 664 [1750 143] [2195 144] 2687 2507 454 347 [458 145] 3603 1697 2272 2883 [2839 146] 3221 216 715 [578 147] [715 148] 2122 1657 [36 149] 3055 2854 3054 1465 986 636 2217 3211 2566 [1273 150] [2566 151] 3211 3590 3009 [2421 152] 2376 1557 [2773 153] 1695 [378 154] 2492 2267 2541 954 [1925 155] 954 3780 [3090 156] 2375 1324 1093 2049 1370 [716 157] 1370 2049 3209 [650 158] 3491 2699 [3108 159] 2699 3491 3280 [3780 160] 954 1099 2997 [1751 161] 2997 2572 1371 [1072 162] 1371 2572 2997 [2433 163] 2997 [2572 164] [1646 165] 2498 230 923 922 934 [1790 166] 934 922 923 [460 167] 923 1033 1841 2003 [3885 168] 1959 1272 [2270 169] 90 [409 170] 312 349 [2796 171] 560 3285 2674 2858 263 [1011 172] 263 2858 2674 1796 3300 391 [1847 173] 391 2026 2090 [2683 174] 2090 2827 2603 1073 665 3787 [2202 175] 3787 2606 [227 176] 1516 2209 513 1838 1841 [792 177] 1841 2864 3443 [589 178] 375 178 [816 179] 178 1241 3805 2834 1475 [486 180] 1475 2196 [2011 181] 814 [3169 182] 814 2011 2498 230 [299 183] 145 2158 [319 184] [1136 185] 3198 3322 1460 [1358 186] [3002 187] 2124 3789 3347 [2211 188] [3291 189] 2211 810 2265 364 [3605 190] 1116 [1571 191] 1608 1601 1604 1472 [591 192] 2483 810 1694 [3494 193] 1694 [2482 194] 1694 1389 3054 2854 [1209 195] 2467 2549 2607 [109 196] 2607 2855 2681 38 [3920 197] 38 2975 134 3285 [2674 198] 1796 1238 3003 2996 2276 [2675 199] [2980 200] 2831 T
1451
781 1568 2209 1516 2207 2854 3055 [3721 90] 3055 2854 2207 1516 2211 3347 [3652 91] 1561 188 3423 371 2337 [1565 92] 1568 2209 1516 [1749 93] 1516 227 221 224 2745 [3018 94] [2745 95] 3571 1988 1971 1978 [55 96] 1978 1971 [1983 97] 1286 513 [3085 98] 513 2209 1516 2207 3341 724 [2942 99] [724 100] 3341 1368 [1021 101] 1994 [855 102] [2506 103] 855 1917 532 3132 [2987 104] 3132 532 3385 2163 [479 105] 1944 [2244 106] 459 [3035 107] 1029 3658 1390 [664 108] 1390 1388 1389 1694 3326 [3060 109] 858 1602 [1668 110] 2593 1703 3001 2996 [2999 111] 2996 2997 2433 2078 468 1247 [1429 112] 1247 1065 [2079 113] 245 181 [252 114] 1944 2244 459 2725 [2912 115] 2725 459 3035 [1029 116] 627 [3447 117] 627 1029 1339 1185 [1335 118] 1185 1339 472 373 729 [2787 119] 729 373 [3202 120] 373 [2765 121] 1020 581 [2766 122] 581 1443 [466 123] 1443 581 1020 2765 373 [2091 124] [2053 125] 1369 2036 [1727 126] 2036 1369 1455 2041 1847 1838 1396 [666 127] [443 128] 936 1817 [1825 129] 1817 1820 2664 1518 1515 [1520 130] 1515 1516 2207 2854 [3055 131] 2854 2207 1516 1515 1245 [482 132] [1245 133] [496 134] 1245 482 2492 2267 2541 991 3383 3385 [532 135] 1917 1863 [3380 136] 2651 1697 [3603 137] 1697 2272 2883 [2216 138] 2883 2839 [3221 139] 2839 [2883 140] 2272 [2570 141] 2272 2883 3313 3270 [1670 142] 2845 664 [1750 143] [2195 144] 2687 2507 454 347 [458 145] 3603 1697 2272 2883 [2839 146] 3221 216 715 [578 147] [715 148] 2122 1657 [36 149] 3055 2854 3054 1465 986 636 2217 3211 2566 [1273 150] [2566 151] 3211 3590 3009 [2421 152] 2376 1557 [2773 153] 1695 [378 154] 2492 2267 2541 954 [1925 155] 954 3780 [3090 156] 2375 1324 1093 2049 1370 [716 157] 1370 2049 3209 [650 158] 3491 2699 [3108 159] 2699 3491 3280 [3780 160] 954 1099 2997 [1751 161] 2997 2572 1371 [1072 162] 1371 2572 2997 [2433 163] 2997 [2572 164] [1646 165] 2498 230 923 922 934 [1790 166] 934 922 923 [460 167] 923 1033 1841 2003 [3885 168] 1959 1272 [2270 169] 90 [409 170] 312 349 [2796 171] 560 3285 2674 2858 263 [1011 172] 263 2858 2674 1796 3300 391 [1847 173] 391 2026 2090 [2683 174] 2090 2827 2603 1073 665 3787 [2202 175] 3787 2606 [227 176] 1516 2209 513 1838 1841 [792 177] 1841 2864 3443 [589 178] 375 178 [816 179] 178 1241 3805 2834 1475 [486 180] 1475 2196 [2011 181] 814 [3169 182] 814 2011 2498 230 [299 183] 145 2158 [319 184] [1136 185] 3198 3322 1460 [1358 186] [3002 187] 2124 3789 3347 [2211 188] [3291 189] 2211 810 2265 364 [3605 190] 1116 [1571 191] 1608 1601 1604 1472 [591 192] 2483 810 1694 [3494 193] 1694 [2482 194] 1694 1389 3054 2854 [1209 195] 2467 2549 2607 [109 196] 2607 2855 2681 38 [3920 197] 38 2975 134 3285 [2674 198] 1796 1238 3003 2996 2276 [2675 199] [2980 200] 2831 T
1456
3652 1561 188 3423 371 3151 [1125 91] 3151 371 2337 [1565 92] 1568 2209 1516 [1749 93] 1516 227 221 224 2745 [3018 94] [2745 95] 3571 1988 1971 1978 [55 96] 1978 1971 [1983 97] 1286 513 [3085 98] 513 2209 1516 2207 3341 724 [2942 99] [724 100] 3341 1368 [1021 101] 1994 [855 102] [2506 103] 855 1917 532 3132 [2987 104] 3132 532 3385 2163 [479 105] 1944 [2244 106] 459 [3035 107] 1029 3658 1390 [664 108] 1390 1388 1389 1694 3326 [3060 109] 858 1602 [1668 110] 2593 1703 3001 2996 [2999 111] 2996 2997 2433 2078 468 1247 [1429 112] 1247 1065 [2079 113] 245 181 [252 114] 1944 2244 459 2725 [2912 115] 2725 459 3035 [1029 116] 627 [3447 117] 627 1029 1339 1185 [1335 118] 1185 1339 472 373 729 [2787 119] 729 373 [3202 120] 373 [2765 121] 1020 581 [2766 122] 581 1443 [466 123] 1443 581 1020 2765 373 [2091 124] [2053 125] 1369 2036 [1727 126] 2036 1369 1455 2041 1847 1838 1396 [666 127] [443 128] 936 1817 [1825 129] 1817 1820 2664 1518 1515 [1520 130] 1515 1516 2207 2854 [3055 131] 2854 2207 1516 1515 1245 [482 132] [1245 133] [496 134] 1245 482 2492 2267 2541 991 3383 3385 [532 135] 1917 1863 [3380 136] 2651 1697 [3603 137] 1697 2272 2883 [2216 138] 2883 2839 [3221 139] 2839 [2883 140] 2272 [2570 141] 2272 2883 3313 3270 [1670 142] 2845 664 [1750 143] [2195 144] 2687 2507 454 347 [458 145] 3603 1697 2272 2883 [2839 146] 3221 216 715 [578 147] [715 148] 2122 1657 [36 149] 3055 2854 3054 1465 986 636 2217 3211 2566 [1273 150] [2566 151] 3211 3590 3009 [2421 152] 2376 1557 [2773 153] 1695 [378 154] 2492 2267 2541 954 [1925 155] 954 3780 [3090 156] 2375 1324 1093 2049 1370 [716 157] 1370 2049 3209 [650 158] 3491 2699 [3108 159] 2699 3491 3280 [3780 160] 954 1099 2997 [1751 161] 2997 2572 1371 [1072 162] 1371 2572 2997 [2433 163] 2997 [2572 164] [1646 165] 2498 230 923 922 934 [1790 166] 934 922 923 [460 167] 923 1033 1841 2003 [3885 168] 1959 1272 [2270 169] 90 [409 170] 312 349 [2796 171] 560 3285 2674 2858 263 [1011 172] 263 2858 2674 1796 3300 391 [1847 173] 391 2026 2090 [2683 174] 2090 2827 2603 1073 665 3787 [2202 175] 3787 2606 [227 176] 1516 2209 513 1838 1841 [792 177] 1841 2864 3443 [589 178] 375 178 [816 179] 178 1241 3805 2834 1475 [486 180] 1475 2196 [2011 181] 814 [3169 182] 814 2011 2498 230 [299 183] 145 2158 [319 184] [1136 185] 3198 3322 1460 [1358 186] [3002 187] 2124 3789 3347 [2211 188] [3291 189] 2211 810 2265 364 [3605 190] 1116 [1571 191] 1608 1601 1604 1472 [591 192] 2483 810 1694 [3494 193] 1694 [2482 194] 1694 1389 3054 2854 [1209 195] 2467 2549 2607 [109 196] 2607 2855 2681 38 [3920 197] 38 2975 134 3285 [2674 198] 1796 1238 3003 2996 2276 [2675 199] [2980 200] 2831 T
1452
1565 1568 2209 513 1838 [1841 92] 1838 513 2209 1516 [1749 93] 1516 227 221 224 2745 [3018 94] [2745 95] 3571 1988 1971 1978 [55 96] 1978 1971 [1983 97] 1286 513 [3085 98] 513 2209 1516 2207 3341 724 [2942 99] [724 100] 3341 1368 [1021 101] 1994 [855 102] [2506 103] 855 1917 532 3132 [2987 104] 3132 532 3385 2163 [479 105] 1944 [2244 106] 459 [3035 107] 1029 3658 1390 [664 108] 1390 1388 1389 1694 3326 [3060 109] 858 1602 [1668 110] 2593 1703 3001 2996 [2999 111] 2996 2997 2433 2078 468 1247 [1429 112] 1247 1065 [2079 113] 245 181 [252 114] 1944 2244 459 2725 [2912 115] 2725 459 3035 [1029 116] 627 [3447 117] 627 1029 1339 1185 [1335 118] 1185 1339 472 373 729 [2787 119] 729 373 [3202 120] 373 [2765 121] 1020 581 [2766 122] 581 1443 [466 123] 1443 581 1020 2765 373 [2091 124] [2053 125] 1369 2036 [1727 126] 2036 1369 1455 2041 1847 1838 1396 [666 127] [443 128] 936 1817 [1825 129] 1817 1820 2664 1518 1515 [1520 130] 1515 1516 2207 2854 [3055 131] 2854 2207 1516 1515 1245 [482 132] [1245 133] [496 134] 1245 482 2492 2267 2541 991 3383 3385 [532 135] 1917 1863 [3380 136] 2651 1697 [3603 137] 1697 2272 2883 [2216 138] 2883 2839 [3221 139] 2839 [2883 140] 2272 [2570 141] 2272 2883 3313 3270 [1670 142] 2845 664 [1750 143] [2195 144] 2687 2507 454 347 [458 145] 3603 1697 2272 2883 [2839 146] 3221 216 715 [578 147] [715 148] 2122 1657 [36 149] 3055 2854 3054 1465 986 636 2217 3211 2566 [1273 150] [2566 151] 3211 3590 3009 [2421 152] 2376 1557 [2773 153] 1695 [378 154] 2492 2267 2541 954 [1925 155] 954 3780 [3090 156] 2375 1324 1093 2049 1370 [716 157] 1370 2049 3209 [650 158] 3491 2699 [3108 159] 2699 3491 3280 [3780 160] 954 1099 2997 [1751 161] 2997 2572 1371 [1072 162] 1371 2572 2997 [2433 163] 2997 [2572 164] [1646 165] 2498 230 923 922 934 [1790 166] 934 922 923 [460 167] 923 1033 1841 2003 [3885 168] 1959 1272 [2270 169] 90 [409 170] 312 349 [2796 171] 560 3285 2674 2858 263 [1011 172] 263 2858 2674 1796 3300 391 [1847 173] 391 2026 2090 [2683 174] 2090 2827 2603 1073 665 3787 [2202 175] 3787 2606 [227 176] 1516 2209 513 1838 1841 [792 177] 1841 2864 3443 [589 178] 375 178 [816 179] 178 1241 3805 2834 1475 [486 180] 1475 2196 [2011 181] 814 [3169 182] 814 2011 2498 230 [299 183] 145 2158 [319 184] [1136 185] 3198 3322 1460 [1358 186] [3002 187] 2124 3789 3347 [2211 188] [3291 189] 2211 810 2265 364 [3605 190] 1116 [1571 191] 1608 1601 1604 1472 [591 192] 2483 810 1694 [3494 193] 1694 [2482 194] 1694 1389 3054 2854 [1209 195] 2467 2549 2607 [109 196] 2607 2855 2681 38 [3920 197] 38 2975 134 3285 [2674 198] 1796 1238 3003 2996 2276 [2675 199] [2980 200] 2831 T
1456
1749 1516 1515 1245 482 797 [952 93] 797 3583 2840 2636 [3018 94] [2745 95] 3571 1988 1971 1978 [55 96] 1978 1971 [1983 97] 1286 513 [3085 98] 513 2209 1516 2207 3341 724 [2942 99] [724 100] 3341 1368 [1021 101] 1994 [855 102] [2506 103] 855 1917 532 3132 [2987 104] 3132 532 3385 2163 [479 105] 1944 [2244 106] 459 [3035 107] 1029 3658 1390 [664 108] 1390 1388 1389 1694 3326 [3060 109] 858 1602 [1668 110] 2593 1703 3001 2996 [2999 111] 2996 2997 2433 2078 468 1247 [1429 112] 1247 1065 [2079 113] 245 181 [252 114] 1944 2244 459 2725 [2912 115] 2725 459 3035 [1029 116] 627 [3447 117] 627 1029 1339 1185 [1335 118] 1185 1339 472 373 729 [2787 119] 729 373 [3202 120] 373 [2765 121] 1020 581 [2766 122] 581 1443 [466 123] 1443 581 1020 2765 373 [2091 124] [2053 125] 1369 2036 [1727 126] 2036 1369 1455 2041 1847 1838 1396 [666 127] [443 128] 936 1817 [1825 129] 1817 1820 2664 1518 1515 [1520 130] 1515 1516 2207 2854 [3055 131] 2854 2207 1516 1515 1245 [482 132] [1245 133] [496 134] 1245 482 2492 2267 2541 991 3383 3385 [532 135] 1917 1863 [3380 136] 2651 1697 [3603 137] 1697 2272 2883 [2216 138] 2883 2839 [3221 139] 2839 [2883 140] 2272 [2570 141] 2272 2883 3313 3270 [1670 142] 2845 664 [1750 143] [2195 144] 2687 2507 454 347 [458 145] 3603 1697 2272 2883 [2839 146] 3221 216 715 [578 147] [715 148] 2122 1657 [36 149] 3055 2854 3054 1465 986 636 2217 3211 2566 [1273 150] [2566 151] 3211 3590 3009 [2421 152] 2376 1557 [2773 153] 1695 [378 154] 2492 2267 2541 954 [1925 155] 954 3780 [3090 156] 2375 1324 1093 2049 1370 [716 157] 1370 2049 3209 [650 158] 3491 2699 [3108 159] 2699 3491 3280 [3780 160] 954 1099 2997 [1751 161] 2997 2572 1371 [1072 162] 1371 2572 2997 [2433 163] 2997 [2572 164] [1646 165] 2498 230 923 922 934 [1790 166] 934 922 923 [460 167] 923 1033 1841 2003 [3885 168] 1959 1272 [2270 169] 90 [409 170] 312 349 [2796 171] 560 3285 2674 2858 263 [1011 172] 263 2858 2674 1796 3300 391 [1847 173] 391 2026 2090 [2683 174] 2090 2827 2603 1073 665 3787 [2202 175] 3787 2606 [227 176] 1516 2209 513 1838 1841 [792 177] 1841 2864 3443 [589 178] 375 178 [816 179] 178 1241 3805 2834 1475 [486 180] 1475 2196 [2011 181] 814 [3169 182] 814 2011 2498 230 [299 183] 145 2158 [319 184] [1136 185] 3198 3322 1460 [1358 186] [3002 187] 2124 3789 3347 [2211 188] [3291 189] 2211 810 2265 364 [3605 190] 1116 [1571 191] 1608 1601 1604 1472 [591 192] 2483 810 1694 [3494 193] 1694 [2482 194] 1694 1389 3054 2854 [1209 195] 2467 2549 2607 [109 196] 2607 2855 2681 38 [3920 197] 38 2975 134 3285 [2674 198] 1796 1238 3003 2996 2276 [2675 199] [2980 200] 2831 T
1452
3018 672 1565 2337 371 3423 188 1561 [2739 94] [1392 95] 796 [1820 96] 2664 1979 2011 [1983 97] 1286 513 [3085 98] 513 2209 1516 2207 3341 724 [2942 99] [724 100] 3341 1368 [1021 101] 1994 [855 102] [2506 103] 855 1917 532 3132 [2987 104] 3132 532 3385 2163 [479 105] 1944 [2244 106] 459 [3035 107] 1029 3658 1390 [664 108] 1390 1388 1389 1694 3326 [3060 109] 858 1602 [1668 110] 2593 1703 3001 2996 [2999 111] 2996 2997 2433 2078 468 1247 [1429 112] 1247 1065 [2079 113] 245 181 [252 114] 1944 2244 459 2725 [2912 115] 2725 459 3035 [1029 116] 627 [3447 117] 627 1029 1339 1185 [1335 118] 1185 1339 472 373 729 [2787 119] 729 373 [3202 120] 373 [2765 121] 1020 581 [2766 122] 581 1443 [466 123] 1443 581 1020 2765 373 [2091 124] [2053 125] 1369 2036 [1727 126] 2036 1369 1455 2041 1847 1838 1396 [666 127] [443 128] 936 1817 [1825 129] 1817 1820 2664 1518 1515 [1520 130] 1515 1516 2207 2854 [3055 131] 2854 2207 1516 1515 1245 [482 132] [1245 133] [496 134] 1245 482 2492 2267 2541 991 3383 3385 [532 135] 1917 1863 [3380 136] 2651 1697 [3603 137] 1697 2272 2883 [2216 138] 2883 2839 [3221 139] 2839 [2883 140] 2272 [2570 141] 2272 2883 3313 3270 [1670 142] 2845 664 [1750 143] [2195 144] 2687 2507 454 347 [458 145] 3603 1697 2272 2883 [2839 146] 3221 216 715 [578 147] [715 148] 2122 1657 [36 149] 3055 2854 3054 1465 986 636 2217 3211 2566 [1273 150] [2566 151] 3211 3590 3009 [2421 152] 2376 1557 [2773 153] 1695 [378 154] 2492 2267 2541 954 [1925 155] 954 3780 [3090 156] 2375 1324 1093 2049 1370 [716 157] 1370 2049 3209 [650 158] 3491 2699 [3108 159] 2699 3491 3280 [3780 160] 954 1099 2997 [1751 161] 2997 2572 1371 [1072 162] 1371 2572 2997 [2433 163] 2997 [2572 164] [1646 165] 2498 230 923 922 934 [1790 166] 934 922 923 [460 167] 923 1033 1841 2003 [3885 168] 1959 1272 [2270 169] 90 [409 170] 312 349 [2796 171] 560 3285 2674 2858 263 [1011 172] 263 2858 2674 1796 3300 391 [1847 173] 391 2026 2090 [2683 174] 2090 2827 2603 1073 665 3787 [2202 175] 3787 2606 [227 176] 1516 2209 513 1838 1841 [792 177] 1841 2864 3443 [589 178] 375 178 [816 179] 178 1241 3805 2834 1475 [486 180] 1475 2196 [2011 181] 814 [3169 182] 814 2011 2498 230 [299 183] 145 2158 [319 184] [1136 185] 3198 3322 1460 [1358 186] [3002 187] 2124 3789 3347 [2211 188] [3291 189] 2211 810 2265 364 [3605 190] 1116 [1571 191] 1608 1601 1604 1472 [591 192] 2483 810 1694 [3494 193] 1694 [2482 194] 1694 1389 3054 2854 [1209 195] 2467 2549 2607 [109 196] 2607 2855 2681 38 [3920 197] 38 2975 134 3285 [2674 198] 1796 1238 3003 2996 2276 [2675 199] [2980 200] 2831 T
1450
2745 120 [1392 95] 796 [1820 96] 2664 1979 2011 [1983 97] 1286 513 [3085 98] 513 2209 1516 2207 3341 724 [2942 99] [724 100] 3341 1368 [1021 101] 1994 [855 102] [2506 103] 855 1917 532 3132 [2987 104] 3132 532 3385 2163 [479 105] 1944 [2244 106] 459 [3035 107] 1029 3658 1390 [664 108] 1390 1388 1389 1694 3326 [3060 109] 858 1602 [1668 110] 2593 1703 3001 2996 [2999 111] 2996 2997 2433 2078 468 1247 [1429 112] 1247 1065 [2079 113] 245 181 [252 114] 1944 2244 459 2725 [2912 115] 2725 459 3035 [1029 116] 627 [3447 117] 627 1029 1339 1185 [1335 118] 1185 1339 472 373 729 [2787 119] 729 373 [3202 120] 373 [2765 121] 1020 581 [2766 122] 581 1443 [466 123] 1443 581 1020 2765 373 [2091 124] [2053 125] 1369 2036 [1727 126] 2036 1369 1455 2041 1847 1838 1396 [666 127] [443 128] 936 1817 [1825 129] 1817 1820 2664 1518 1515 [1520 130] 1515 1516 2207 2854 [3055 131] 2854 2207 1516 1515 1245 [482 132] [1245 133] [496 134] 1245 482 2492 2267 2541 991 3383 3385 [532 135] 1917 1863 [3380 136] 2651 1697 [3603 137] 1697 2272 2883 [2216 138] 2883 2839 [3221 139] 2839 [2883 140] 2272 [2570 141] 2272 2883 3313 3270 [1670 142] 2845 664 [1750 143] [2195 144] 2687 2507 454 347 [458 145] 3603 1697 2272 2883 [2839 146] 3221 216 715 [578 147] [715 148] 2122 1657 [36 149] 3055 2854 3054 1465 986 636 2217 3211 2566 [1273 150] [2566 151] 3211 3590 3009 [2421 152] 2376 1557 [2773 153] 1695 [378 154] 2492 2267 2541 954 [1925 155] 954 3780 [3090 156] 2375 1324 1093 2049 1370 [716 157] 1370 2049 3209 [650 158] 3491 2699 [3108 159] 2699 3491 3280 [3780 160] 954 1099 2997 [1751 161] 2997 2572 1371 [1072 162] 1371 2572 2997 [2433 163] 2997 [2572 164] [1646 165] 2498 230 923 922 934 [1790 166] 934 922 923 [460 167] 923 1033 1841 2003 [3885 168] 1959 1272 [2270 169] 90 [409 170] 312 349 [2796 171] 560 3285 2674 2858 263 [1011 172] 263 2858 2674 1796 3300 391 [1847 173] 391 2026 2090 [2683 174] 2090 2827 2603 1073 665 3787 [2202 175] 3787 2606 [227 176] 1516 2209 513 1838 1841 [792 177] 1841 2864 3443 [589 178] 375 178 [816 179] 178 1241 3805 2834 1475 [486 180] 1475 2196 [2011 181] 814 [3169 182] 814 2011 2498 230 [299 183] 145 2158 [319 184] [1136 185] 3198 3322 1460 [1358 186] [3002 187] 2124 3789 3347 [2211 188] [3291 189] 2211 810 2265 364 [3605 190] 1116 [1571 191] 1608 1601 1604 1472 [591 192] 2483 810 1694 [3494 193] 1694 [2482 194] 1694 1389 3054 2854 [1209 195] 2467 2549 2607 [109 196] 2607 2855 2681 38 [3920 197] 38 2975 134 3285 [2674 198] 1796 1238 3003 2996 2276 [2675 199] [2980 200] 2831 T
1458
55 [1190 96] 55 1978 1971 [1983 97] 1286 513 [3085 98] 513 2209 1516 2207 3341 724 [2942 99] [724 100] 3341 1368 [1021 101] 1994 [855 102] [2506 103] 855 1917 532 3132 [2987 104] 3132 532 3385 2163 [479 105] 1944 [2244 106] 459 [3035 107] 1029 3658 1390 [664 108] 1390 1388 1389 1694 3326 [3060 109] 858 1602 [1668 110] 2593 1703 3001 2996 [2999 111] 2996 2997 2433 2078 468 1247 [1429 112] 1247 1065 [2079 113] 245 181 [252 114] 1944 2244 459 2725 [2912 115] 2725 459 3035 [1029 116] 627 [3447 117] 627 1029 1339 1185 [1335 118] 1185 1339 472 373 729 [2787 119] 729 373 [3202 120] 373 [2765 121] 1020 581 [2766 122] 581 1443 [466 123] 1443 581 1020 2765 373 [2091 124] [2053 125] 1369 2036 [1727 126] 2036 1369 1455 2041 1847 1838 1396 [666 127] [443 128] 936 1817 [1825 129] 1817 1820 2664 1518 1515 [1520 130] 1515 1516 2207 2854 [3055 131] 2854 2207 1516 1515 1245 [482 132] [1245 133] [496 134] 1245 482 2492 2267 2541 991 3383 3385 [532 135] 1917 1863 [3380 136] 2651 1697 [3603 137] 1697 2272 2883 [2216 138] 2883 2839 [3221 139] 2839 [2883 140] 2272 [2570 141] 2272 2883 3313 3270 [1670 142] 2845 664 [1750 143] [2195 144] 2687 2507 454 347 [458 145] 3603 1697 2272 2883 [2839 146] 3221 216 715 [578 147] [715 148] 2122 1657 [36 149] 3055 2854 3054 1465 986 636 2217 3211 2566 [1273 150] [2566 151] 3211 3590 3009 [2421 152] 2376 1557 [2773 153] 1695 [378 154] 2492 2267 2541 954 [1925 155] 954 3780 [3090 156] 2375 1324 1093 2049 1370 [716 157] 1370 2049 3209 [650 158] 3491 2699 [3108 159] 2699 3491 3280 [3780 160] 954 1099 2997 [1751 161] 2997 2572 1371 [1072 162] 1371 2572 2997 [2433 163] 2997 [2572 164] [1646 165] 2498 230 923 922 934 [1790 166] 934 922 923 [460 167] 923 1033 1841 2003 [3885 168] 1959 1272 [2270 169] 90 [409 170] 312 349 [2796 171] 560 3285 2674 2858 263 [1011 172] 263 2858 2674 1796 3300 391 [1847 173] 391 2026 2090 [2683 174] 2090 2827 2603 1073 665 3787 [2202 175] 3787 2606 [227 176] 1516 2209 513 1838 1841 [792 177] 1841 2864 3443 [589 178] 375 178 [816 179] 178 1241 3805 2834 1475 [486 180] 1475 2196 [2011 181] 814 [3169 182] 814 2011 2498 230 [299 183] 145 2158 [319 184] [1136 185] 3198 3322 1460 [1358 186] [3002 187] 2124 3789 3347 [2211 188] [3291 189] 2211 810 2265 364 [3605 190] 1116 [1571 191] 1608 1601 1604 1472 [591 192] 2483 810 1694 [3494 193] 1694 [2482 194] 1694 1389 3054 2854 [1209 195] 2467 2549 2607 [109 196] 2607 2855 2681 38 [3920 197] 38 2975 134 3285 [2674 198] 1796 1238 3003 2996 2276 [2675 199] [2980 200] 2831 T
1448
1983 2011 814 3169 1795 [2781 97] 1795 2209 513 [3085 98] 513 2209 1516 2207 3341 724 [2942 99] [724 100] 3341 1368 [1021 101] 1994 [855 102] [2506 103] 855 1917 532 3132 [2987 104] 3132 532 3385 2163 [479 105] 1944 [2244 106] 459 [3035 107] 1029 3658 1390 [664 108] 1390 1388 1389 1694 3326 [3060 109] 858 1602 [1668 110] 2593 1703 3001 2996 [2999 111] 2996 2997 2433 2078 468 1247 [1429 112] 1247 1065 [2079 113] 245 181 [252 114] 1944 2244 459 2725 [2912 115] 2725 459 3035 [1029 116] 627 [3447 117] 627 1029 1339 1185 [1335 118] 1185 1339 472 373 729 [2787 119] 729 373 [3202 120] 373 [2765 121] 1020 581 [2766 122] 581 1443 [466 123] 1443 581 1020 2765 373 [2091 124] [2053 125] 1369 2036 [1727 126] 2036 1369 1455 2041 1847 1838 1396 [666 127] [443 128] 936 1817 [1825 129] 1817 1820 2664 1518 1515 [1520 130] 1515 1516 2207 2854 [3055 131] 2854 2207 1516 1515 1245 [482 132] [1245 133] [496 134] 1245 482 2492 2267 2541 991 3383 3385 [532 135] 1917 1863 [3380 136] 2651 1697 [3603 137] 1697 2272 2883 [2216 138] 2883 2839 [3221 139] 2839 [2883 140] 2272 [2570 141] 2272 2883 3313 3270 [1670 142] 2845 664 [1750 143] [2195 144] 2687 2507 454 347 [458 145] 3603 1697 2272 2883 [2839 146] 3221 216 715 [578 147] [715 148] 2122 1657 [36 149] 3055 2854 3054 1465 986 636 2217 3211 2566 [1273 150] [2566 151] 3211 3590 3009 [2421 152] 2376 1557 [2773 153] 1695 [378 154] 2492 2267 2541 954 [1925 155] 954 3780 [3090 156] 2375 1324 1093 2049 1370 [716 157] 1370 2049 3209 [650 158] 3491 2699 [3108 159] 2699 3491 3280 [3780 160] 954 1099 2997 [1751 161] 2997 2572 1371 [1072 162] 1371 2572 2997 [2433 163] 2997 [2572 164] [1646 165] 2498 230 923 922 934 [1790 166] 934 922 923 [460 167] 923 1033 1841 2003 [3885 168] 1959 1272 [2270 169] 90 [409 170] 312 349 [2796 171] 560 3285 2674 2858 263 [1011 172] 263 2858 2674 1796 3300 391 [1847 173] 391 2026 2090 [2683 174] 2090 2827 2603 1073 665 3787 [2202 175] 3787 2606 [227 176] 1516 2209 513 1838 1841 [792 177] 1841 2864 3443 [589 178] 375 178 [816 179] 178 1241 3805 2834 1475 [486 180] 1475 2196 [2011 181] 814 [3169 182] 814 2011 2498 230 [299 183] 145 2158 [319 184] [1136 185] 3198 3322 1460 [1358 186] [3002 187] 2124 3789 3347 [2211 188] [3291 189] 2211 810 2265 364 [3605 190] 1116 [1571 191] 1608 1601 1604 1472 [591 192] 2483 810 1694 [3494 193] 1694 [2482 194] 1694 1389 3054 2854 [1209 195] 2467 2549 2607 [109 196] 2607 2855 2681 38 [3920 197] 38 2975 134 3285 [2674 198] 1796 1238 3003 2996 2276 [2675 199] [2980 200] 2831 T
1450
3085 513 1838 1847 [3158 98] 1933 1923 3774 2192 3626 1489 [189 99] 1489 [2940 100] 1489 3626 2192 1164 [2764 101] 1164 2002 1991 1994 [855 102] [2506 103] 855 1917 532 3132 [2987 104] 3132 532 3385 2163 [479 105] 1944 [2244 106] 459 [3035 107] 1029 3658 1390 [664 108] 1390 1388 1389 1694 3326 [3060 109] 858 1602 [1668 110] 2593 1703 3001 2996 [2999 111] 2996 2997 2433 2078 468 1247 [1429 112] 1247 1065 [2079 113] 245 181 [252 114] 1944 2244 459 2725 [2912 115] 2725 459 3035 [1029 116] 627 [3447 117] 627 1029 1339 1185 [1335 118] 1185 1339 472 373 729 [2787 119] 729 373 [3202 120] 373 [2765 121] 1020 581 [2766 122] 581 1443 [466 123] 1443 581 1020 2765 373 [2091 124] [2053 125] 1369 2036 [1727 126] 2036 1369 1455 2041 1847 1838 1396 [666 127] [443 128] 936 1817 [1825 129] 1817 1820 2664 1518 1515 [1520 130] 1515 1516 2207 2854 [3055 131] 2854 2207 1516 1515 1245 [482 132] [1245 133] [496 134] 1245 482 2492 2267 2541 991 3383 3385 [532 135] 1917 1863 [3380 136] 2651 1697 [3603 137] 1697 2272 2883 [2216 138] 2883 2839 [3221 139] 2839 [2883 140] 2272 [2570 141] 2272 2883 3313 3270 [1670 142] 2845 664 [1750 143] [2195 144] 2687 2507 454 347 [458 145] 3603 1697 2272 2883 [2839 146] 3221 216 715 [578 147] [715 148] 2122 1657 [36 149] 3055 2854 3054 1465 986 636 2217 3211 2566 [1273 150] [2566 151] 3211 3590 3009 [2421 152] 2376 1557 [2773 153] 1695 [378 154] 2492 2267 2541 954 [1925 155] 954 3780 [3090 156] 2375 1324 1093 2049 1370 [716 157] 1370 2049 3209 [650 158] 3491 2699 [3108 159] 2699 3491 3280 [3780 160] 954 1099 2997 [1751 161] 2997 2572 1371 [1072 162] 1371 2572 2997 [2433 163] 2997 [2572 164] [1646 165] 2498 230 923 922 934 [1790 166] 934 922 923 [460 167] 923 1033 1841 2003 [3885 168] 1959 1272 [2270 169] 90 [409 170] 312 349 [2796 171] 560 3285 2674 2858 263 [1011 172] 263 2858 2674 1796 3300 391 [1847 173] 391 2026 2090 [2683 174] 2090 2827 2603 1073 665 3787 [2202 175] 3787 2606 [227 176] 1516 2209 513 1838 1841 [792 177] 1841 2864 3443 [589 178] 375 178 [816 179] 178 1241 3805 2834 1475 [486 180] 1475 2196 [2011 181] 814 [3169 182] 814 2011 2498 230 [299 183] 145 2158 [319 184] [1136 185] 3198 3322 1460 [1358 186] [3002 187] 2124 3789 3347 [2211 188] [3291 189] 2211 810 2265 364 [3605 190] 1116 [1571 191] 1608 1601 1604 1472 [591 192] 2483 810 1694 [3494 193] 1694 [2482 194] 1694 1389 3054 2854 [1209 195] 2467 2549 2607 [109 196] 2607 2855 2681 38 [3920 197] 38 2975 134 3285 [2674 198] 1796 1238 3003 2996 2276 [2675 199] [2980 200] 2831 T
1460
2942 724 3341 1579 2984 1845 3241 3774 2192 3626 1489 [189 99] 1489 [2940 100] 1489 3626 2192 1164 [2764 101] 1164 2002 1991 1994 [855 102] [2506 103] 855 1917 532 3132 [2987 104] 3132 532 3385 2163 [479 105] 1944 [2244 106] 459 [3035 107] 1029 3658 1390 [664 108] 1390 1388 1389 1694 3326 [3060 109] 858 1602 [1668 110] 2593 1703 3001 2996 [2999 111] 2996 2997 2433 2078 468 1247 [1429 112] 1247 1065 [2079 113] 245 181 [252 114] 1944 2244 459 2725 [2912 115] 2725 459 3035 [1029 116] 627 [3447 117] 627 1029 1339 1185 [1335 118] 1185 1339 472 373 729 [2787 119] 729 373 [3202 120] 373 [2765 121] 1020 581 [2766 122] 581 1443 [466 123] 1443 581 1020 2765 373 [2091 124] [2053 125] 1369 2036 [1727 126] 2036 1369 1455 2041 1847 1838 1396 [666 127] [443 128] 936 1817 [1825 129] 1817 1820 2664 1518 1515 [1520 130] 1515 1516 2207 2854 [3055 131] 2854 2207 1516 1515 1245 [482 132] [1245 133] [496 134] 1245 482 2492 2267 2541 991 3383 3385 [532 135] 1917 1863 [3380 136] 2651 1697 [3603 137] 1697 2272 2883 [2216 138] 2883 2839 [3221 139] 2839 [2883 140] 2272 [2570 141] 2272 2883 3313 3270 [1670 142] 2845 664 [1750 143] [2195 144] 2687 2507 454 347 [458 145] 3603 1697 2272 2883 [2839 146] 3221 216 715 [578 147] [715 148] 2122 1657 [36 149] 3055 2854 3054 1465 986 636 2217 3211 2566 [1273 150] [2566 151] 3211 3590 3009 [2421 152] 2376 1557 [2773 153] 1695 [378 154] 2492 2267 2541 954 [1925 155] 954 3780 [3090 156] 2375 1324 1093 2049 1370 [716 157] 1370 2049 3209 [650 158] 3491 2699 [3108 159] 2699 3491 3280 [3780 160] 954 1099 2997 [1751 161] 2997 2572 1371 [1072 162] 1371 2572 2997 [2433 163] 2997 [2572 164] [1646 165] 2498 230 923 922 934 [1790 166] 934 922 923 [460 167] 923 1033 1841 2003 [3885 168] 1959 1272 [2270 169] 90 [409 170] 312 349 [2796 171] 560 3285 2674 2858 263 [1011 172] 263 2858 2674 1796 3300 391 [1847 173] 391 2026 2090 [2683 174] 2090 2827 2603 1073 665 3787 [2202 175] 3787 2606 [227 176] 1516 2209 513 1838 1841 [792 177] 1841 2864 3443 [589 178] 375 178 [816 179] 178 1241 3805 2834 1475 [486 180] 1475 2196 [2011 181] 814 [3169 182] 814 2011 2498 230 [299 183] 145 2158 [319 184] [1136 185] 3198 3322 1460 [1358 186] [3002 187] 2124 3789 3347 [2211 188] [3291 189] 2211 810 2265 364 [3605 190] 1116 [1571 191] 1608 1601 1604 1472 [591 192] 2483 810 1694 [3494 193] 1694 [2482 194] 1694 1389 3054 2854 [1209 195] 2467 2549 2607 [109 196] 2607 2855 2681 38 [3920 197] 38 2975 134 3285 [2674 198] 1796 1238 3003 2996 2276 [2675 199] [2980 200] 2831 T
1450
724 3341 374 219 [999 100] 1454 1007 [1678 101] 788 1994 [855 102] [2506 103] 855 1917 532 3132 [2987 104] 3132 532 3385 2163 [479 105] 1944 [2244 106] 459 [3035 107] 1029 3658 1390 [664 108] 1390 1388 1389 1694 3326 [3060 109] 858 1602 [1668 110] 2593 1703 3001 2996 [2999 111] 2996 2997 2433 2078 468 1247 [1429 112] 1247 1065 [2079 113] 245 181 [252 114] 1944 2244 459 2725 [2912 115] 2725 459 3035 [1029 116] 627 [3447 117] 627 1029 1339 1185 [1335 118] 1185 1339 472 373 729 [2787 119] 729 373 [3202 120] 373 [2765 121] 1020 581 [2766 122] 581 1443 [466 123] 1443 581 1020 2765 373 [2091 124] [2053 125] 1369 2036 [1727 126] 2036 1369 1455 2041 1847 1838 1396 [666 127] [443 128] 936 1817 [1825 129] 1817 1820 2664 1518 1515 [1520 130] 1515 1516 2207 2854 [3055 131] 2854 2207 1516 1515 1245 [482 132] [1245 133] [496 134] 1245 482 2492 2267 2541 991 3383 3385 [532 135] 1917 1863 [3380 136] 2651 1697 [3603 137] 1697 2272 2883 [2216 138] 2883 2839 [3221 139] 2839 [2883 140] 2272 [2570 141] 2272 2883 3313 3270 [1670 142] 2845 664 [1750 143] [2195 144] 2687 2507 454 347 [458 145] 3603 1697 2272 2883 [2839 146] 3221 216 715 [578 147] [715 148] 2122 1657 [36 149] 3055 2854 3054 1465 986 636 2217 3211 2566 [1273 150] [2566 151] 3211 3590 3009 [2421 152] 2376 1557 [2773 153] 1695 [378 154] 2492 2267 2541 954 [1925 155] 954 3780 [3090 156] 2375 1324 1093 2049 1370 [716 157] 1370 2049 3209 [650 158] 3491 2699 [3108 159] 2699 3491 3280 [3780 160] 954 1099 2997 [1751 161] 2997 2572 1371 [1072 162] 1371 2572 2997 [2433 163] 2997 [2572 164] [1646 165] 2498 230 923 922 934 [1790 166] 934 922 923 [460 167] 923 1033 1841 2003 [3885 168] 1959 1272 [2270 169] 90 [409 170] 312 349 [2796 171] 560 3285 2674 2858 263 [1011 172] 263 2858 2674 1796 3300 391 [1847 173] 391 2026 2090 [2683 174] 2090 2827 2603 1073 665 3787 [2202 175] 3787 2606 [227 176] 1516 2209 513 1838 1841 [792 177] 1841 2864 3443 [589 178] 375 178 [816 179] 178 1241 3805 2834 1475 [486 180] 1475 2196 [2011 181] 814 [3169 182] 814 2011 2498 230 [299 183] 145 2158 [319 184] [1136 185] 3198 3322 1460 [1358 186] [3002 187] 2124 3789 3347 [2211 188] [3291 189] 2211 810 2265 364 [3605 190] 1116 [1571 191] 1608 1601 1604 1472 [591 192] 2483 810 1694 [3494 193] 1694 [2482 194] 1694 1389 3054 2854 [1209 195] 2467 2549 2607 [109 196] 2607 2855 2681 38 [3920 197] 38 2975 134 3285 [2674 198] 1796 1238 3003 2996 2276 [2675 199] [2980 200] 2831 T
1450
1021 1994 788 [1678 101] 788 1994 [855 102] [2506 103] 855 1917 532 3132 [2987 104] 3132 532 3385 2163 [479 105] 1944 [2244 106] 459 [3035 107] 1029 3658 1390 [664 108] 1390 1388 1389 1694 3326 [3060 109] 858 1602 [1668 110] 2593 1703 3001 2996 [2999 111] 2996 2997 2433 2078 468 1247 [1429 112] 1247 1065 [2079 113] 245 181 [252 114] 1944 2244 459 2725 [2912 115] 2725 459 3035 [1029 116] 627 [3447 117] 627 1029 1339 1185 [1335 118] 1185 1339 472 373 729 [2787 119] 729 373 [3202 120] 373 [2765 121] 1020 581 [2766 122] 581 1443 [466 123] 1443 581 1020 2765 373 [2091 124] [2053 125] 1369 2036 [1727 126] 2036 1369 1455 2041 1847 1838 1396 [666 127] [443 128] 936 1817 [1825 129] 1817 1820 2664 1518 1515 [1520 130] 1515 1516 2207 2854 [3055 131] 2854 2207 1516 1515 1245 [482 132] [1245 133] [496 134] 1245 482 2492 2267 2541 991 3383 3385 [532 135] 1917 1863 [3380 136] 2651 1697 [3603 137] 1697 2272 2883 [2216 138] 2883 2839 [3221 139] 2839 [2883 140] 2272 [2570 141] 2272 2883 3313 3270 [1670 142] 2845 664 [1750 143] [2195 144] 2687 2507 454 347 [458 145] 3603 1697 2272 2883 [2839 146] 3221 216 715 [578 147] [715 148] 2122 1657 [36 149] 3055 2854 3054 1465 986 636 2217 3211 2566 [1273 150] [2566 151] 3211 3590 3009 [2421 152] 2376 1557 [2773 153] 1695 [378 154] 2492 2267 2541 954 [1925 155] 954 3780 [3090 156] 2375 1324 1093 2049 1370 [716 157] 1370 2049 3209 [650 158] 3491 2699 [3108 159] 2699 3491 3280 [3780 160] 954 1099 2997 [1751 161] 2997 2572 1371 [1072 162] 1371 2572 2997 [2433 163] 2997 [2572 164] [1646 165] 2498 230 923 922 934 [1790 166] 934 922 923 [460 167] 923 1033 1841 2003 [3885 168] 1959 1272 [2270 169] 90 [409 170] 312 349 [2796 171] 560 3285 2674 2858 263 [1011 172] 263 2858 2674 1796 3300 391 [1847 173] 391 2026 2090 [2683 174] 2090 2827 2603 1073 665 3787 [2202 175] 3787 2606 [227 176] 1516 2209 513 1838 1841 [792 177] 1841 2864 3443 [589 178] 375 178 [816 179] 178 1241 3805 2834 1475 [486 180] 1475 2196 [2011 181] 814 [3169 182] 814 2011 2498 230 [299 183] 145 2158 [319 184] [1136 185] 3198 3322 1460 [1358 186] [3002 187] 2124 3789 3347 [2211 188] [3291 189] 2211 810 2265 364 [3605 190] 1116 [1571 191] 1608 1601 1604 1472 [591 192] 2483 810 1694 [3494 193] 1694 [2482 194] 1694 1389 3054 2854 [1209 195] 2467 2549 2607 [109 196] 2607 2855 2681 38 [3920 197] 38 2975 134 3285 [2674 198] 1796 1238 3003 2996 2276 [2675 199] [2980 200] 2831 T
1455
855 1994 1991 2002 1909 555 [3167 102] 555 3711 356 404 2783 [2194 103] 1740 [2337 104] 1565 672 3018 467 2244 1944 [479 105] 1944 [2244 106] 459 [3035 107] 1029 3658 1390 [664 108] 1390 1388 1389 1694 3326 [3060 109] 858 1602 [1668 110] 2593 1703 3001 2996 [2999 111] 2996 2997 2433 2078 468 1247 [1429 112] 1247 1065 [2079 113] 245 181 [252 114] 1944 2244 459 2725 [2912 115] 2725 459 3035 [1029 116] 627 [3447 117] 627 1029 1339 1185 [1335 118] 1185 1339 472 373 729 [2787 119] 729 373 [3202 120] 373 [2765 121] 1020 581 [2766 122] 581 1443 [466 123] 1443 581 1020 2765 373 [2091 124] [2053 125] 1369 2036 [1727 126] 2036 1369 1455 2041 1847 1838 1396 [666 127] [443 128] 936 1817 [1825 129] 1817 1820 2664 1518 1515 [1520 130] 1515 1516 2207 2854 [3055 131] 2854 2207 1516 1515 1245 [482 132] [1245 133] [496 134] 1245 482 2492 2267 2541 991 3383 3385 [532 135] 1917 1863 [3380 136] 2651 1697 [3603 137] 1697 2272 2883 [2216 138] 2883 2839 [3221 139] 2839 [2883 140] 2272 [2570 141] 2272 2883 3313 3270 [1670 142] 2845 664 [1750 143] [2195 144] 2687 2507 454 347 [458 145] 3603 1697 2272 2883 [2839 146] 3221 216 715 [578 147] [715 148] 2122 1657 [36 149] 3055 2854 3054 1465 986 636 2217 3211 2566 [1273 150] [2566 151] 3211 3590 3009 [2421 152] 2376 1557 [2773 153] 1695 [378 154] 2492 2267 2541 954 [1925 155] 954 3780 [3090 156] 2375 1324 1093 2049 1370 [716 157] 1370 2049 3209 [650 158] 3491 2699 [3108 159] 2699 3491 3280 [3780 160] 954 1099 2997 [1751 161] 2997 2572 1371 [1072 162] 1371 2572 2997 [2433 163] 2997 [2572 164] [1646 165] 2498 230 923 922 934 [1790 166] 934 922 923 [460 167] 923 1033 1841 2003 [3885 168] 1959 1272 [2270 169] 90 [409 170] 312 349 [2796 171] 560 3285 2674 2858 263 [1011 172] 263 2858 2674 1796 3300 391 [1847 173] 391 2026 2090 [2683 174] 2090 2827 2603 1073 665 3787 [2202 175] 3787 2606 [227 176] 1516 2209 513 1838 1841 [792 177] 1841 2864 3443 [589 178] 375 178 [816 179] 178 1241 3805 2834 1475 [486 180] 1475 2196 [2011 181] 814 [3169 182] 814 2011 2498 230 [299 183] 145 2158 [319 184] [1136 185] 3198 3322 1460 [1358 186] [3002 187] 2124 3789 3347 [2211 188] [3291 189] 2211 810 2265 364 [3605 190] 1116 [1571 191] 1608 1601 1604 1472 [591 192] 2483 810 1694 [3494 193] 1694 [2482 194] 1694 1389 3054 2854 [1209 195] 2467 2549 2607 [109 196] 2607 2855 2681 38 [3920 197] 38 2975 134 3285 [2674 198] 1796 1238 3003 2996 2276 [2675 199] [2980 200] 2831 T
1452
2506 855 1994 1991 2002 1164 2192 2970 [2194 103] 1740 [2337 104] 1565 672 3018 467 2244 1944 [479 105] 1944 [2244 106] 459 [3035 107] 1029 3658 1390 [664 108] 1390 1388 1389 1694 3326 [3060 109] 858 1602 [1668 110] 2593 1703 3001 2996 [2999 111] 2996 2997 2433 2078 468 1247 [1429 112] 1247 1065 [2079 113] 245 181 [252 114] 1944 2244 459 2725 [2912 115] 2725 459 3035 [1029 116] 627 [3447 117] 627 1029 1339 1185 [1335 118] 1185 1339 472 373 729 [2787 119] 729 373 [3202 120] 373 [2765 121] 1020 581 [2766 122] 581 1443 [466 123] 1443 581 1020 2765 373 [2091 124] [2053 125] 1369 2036 [1727 126] 2036 1369 1455 2041 1847 1838 1396 [666 127] [443 128] 936 1817 [1825 129] 1817 1820 2664 1518 1515 [1520 130] 1515 1516 2207 2854 [3055 131] 2854 2207 1516 1515 1245 [482 132] [1245 133] [496 134] 1245 482 2492 2267 2541 991 3383 3385 [532 135] 1917 1863 [3380 136] 2651 1697 [3603 137] 1697 2272 2883 [2216 138] 2883 2839 [3221 139] 2839 [2883 140] 2272 [2570 141] 2272 2883 3313 3270 [1670 142] 2845 664 [1750 143] [2195 144] 2687 2507 454 347 [458 145] 3603 1697 2272 2883 [2839 146] 3221 216 715 [578 147] [715 148] 2122 1657 [36 149] 3055 2854 3054 1465 986 636 2217 3211 2566 [1273 150] [2566 151] 3211 3590 3009 [2421 152] 2376 1557 [2773 153] 1695 [378 154] 2492 2267 2541 954 [1925 155] 954 3780 [3090 156] 2375 1324 1093 2049 1370 [716 157] 1370 2049 3209 [650 158] 3491 2699 [3108 159] 2699 3491 3280 [3780 160] 954 1099 2997 [1751 161] 2997 2572 1371 [1072 162] 1371 2572 2997 [2433 163] 2997 [2572 164] [1646 165] 2498 230 923 922 934 [1790 166] 934 922 923 [460 167] 923 1033 1841 2003 [3885 168] 1959 1272 [2270 169] 90 [409 170] 312 349 [2796 171] 560 3285 2674 2858 263 [1011 172] 263 2858 2674 1796 3300 391 [1847 173] 391 2026 2090 [2683 174] 2090 2827 2603 1073 665 3787 [2202 175] 3787 2606 [227 176] 1516 2209 513 1838 1841 [792 177] 1841 2864 3443 [589 178] 375 178 [816 179] 178 1241 3805 2834 1475 [486 180] 1475 2196 [2011 181] 814 [3169 182] 814 2011 2498 230 [299 183] 145 2158 [319 184] [1136 185] 3198 3322 1460 [1358 186] [3002 187] 2124 3789 3347 [2211 188] [3291 189] 2211 810 2265 364 [3605 190] 1116 [1571 191] 1608 1601 1604 1472 [591 192] 2483 810 1694 [3494 193] 1694 [2482 194] 1694 1389 3054 2854 [1209 195] 2467 2549 2607 [109 196] 2607 2855 2681 38 [3920 197] 38 2975 134 3285 [2674 198] 1796 1238 3003 2996 2276 [2675 199] [2980 200] 2831 T
1453
2987 3132 532 3385 3383 991 2541 954 [567 104] 954 3780 3280 3491 2699 3108 [479 105] 1944 [2244 106] 459 [3035 107] 1029 3658 1390 [664 108] 1390 1388 1389 1694 3326 [3060 109] 858 1602 [1668 110] 2593 1703 3001 2996 [2999 111] 2996 2997 2433 2078 468 1247 [1429 112] 1247 1065 [2079 113] 245 181 [252 114] 1944 2244 459 2725 [2912 115] 2725 459 3035 [1029 116] 627 [3447 117] 627 1029 1339 1185 [1335 118] 1185 1339 472 373 729 [2787 119] 729 373 [3202 120] 373 [2765 121] 1020 581 [2766 122] 581 1443 [466 123] 1443 581 1020 2765 373 [2091 124] [2053 125] 1369 2036 [1727 126] 2036 1369 1455 2041 1847 1838 1396 [666 127] [443 128] 936 1817 [1825 129] 1817 1820 2664 1518 1515 [1520 130] 1515 1516 2207 2854 [3055 131] 2854 2207 1516 1515 1245 [482 132] [1245 133] [496 134] 1245 482 2492 2267 2541 991 3383 3385 [532 135] 1917 1863 [3380 136] 2651 1697 [3603 137] 1697 2272 2883 [2216 138] 2883 2839 [3221 139] 2839 [2883 140] 2272 [2570 141] 2272 2883 3313 3270 [1670 142] 2845 664 [1750 143] [2195 144] 2687 2507 454 347 [458 145] 3603 1697 2272 2883 [2839 146] 3221 216 715 [578 147] [715 148] 2122 1657 [36 149] 3055 2854 3054 1465 986 636 2217 3211 2566 [1273 150] [2566 151] 3211 3590 3009 [2421 152] 2376 1557 [2773 153] 1695 [378 154] 2492 2267 2541 954 [1925 155] 954 3780 [3090 156] 2375 1324 1093 2049 1370 [716 157] 1370 2049 3209 [650 158] 3491 2699 [3108 159] 2699 3491 3280 [3780 160] 954 1099 2997 [1751 161] 2997 2572 1371 [1072 162] 1371 2572 2997 [2433 163] 2997 [2572 164] [1646 165] 2498 230 923 922 934 [1790 166] 934 922 923 [460 167] 923 1033 1841 2003 [3885 168] 1959 1272 [2270 169] 90 [409 170] 312 349 [2796 171] 560 3285 2674 2858 263 [1011 172] 263 2858 2674 1796 3300 391 [1847 173] 391 2026 2090 [2683 174] 2090 2827 2603 1073 665 3787 [2202 175] 3787 2606 [227 176] 1516 2209 513 1838 1841 [792 177] 1841 2864 3443 [589 178] 375 178 [816 179] 178 1241 3805 2834 1475 [486 180] 1475 2196 [2011 181] 814 [3169 182] 814 2011 2498 230 [299 183] 145 2158 [319 184] [1136 185] 3198 3322 1460 [1358 186] [3002 187] 2124 3789 3347 [2211 188] [3291 189] 2211 810 2265 364 [3605 190] 1116 [1571 191] 1608 1601 1604 1472 [591 192] 2483 810 1694 [3494 193] 1694 [2482 194] 1694 1389 3054 2854 [1209 195] 2467 2549 2607 [109 196] 2607 2855 2681 38 [3920 197] 38 2975 134 3285 [2674 198] 1796 1238 3003 2996 2276 [2675 199] [2980 200] 2831 T
1456
479 1944 1368 3341 374 [358 105] 374 3341 1368 1944 [2244 106] 459 [3035 107] 1029 3658 1390 [664 108] 1390 1388 1389 1694 3326 [3060 109] 858 1602 [1668 110] 2593 1703 3001 2996 [2999 111] 2996 2997 2433 2078 468 1247 [1429 112] 1247 1065 [2079 113] 245 181 [252 114] 1944 2244 459 2725 [2912 115] 2725 459 3035 [1029 116] 627 [3447 117] 627 1029 1339 1185 [1335 118] 1185 1339 472 373 729 [2787 119] 729 373 [3202 120] 373 [2765 121] 1020 581 [2766 122] 581 1443 [466 123] 1443 581 1020 2765 373 [2091 124] [2053 125] 1369 2036 [1727 126] 2036 1369 1455 2041 1847 1838 1396 [666 127] [443 128] 936 1817 [1825 129] 1817 1820 2664 1518 1515 [1520 130] 1515 1516 2207 2854 [3055 131] 2854 2207 1516 1515 1245 [482 132] [1245 133] [496 134] 1245 482 2492 2267 2541 991 3383 3385 [532 135] 1917 1863 [3380 136] 2651 1697 [3603 137] 1697 2272 2883 [2216 138] 2883 2839 [3221 139] 2839 [2883 140] 2272 [2570 141] 2272 2883 3313 3270 [1670 142] 2845 664 [1750 143] [2195 144] 2687 2507 454 347 [458 145] 3603 1697 2272 2883 [2839 146] 3221 216 715 [578 147] [715 148] 2122 1657 [36 149] 3055 2854 3054 1465 986 636 2217 3211 2566 [1273 150] [2566 151] 3211 3590 3009 [2421 152] 2376 1557 [2773 153] 1695 [378 154] 2492 2267 2541 954 [1925 155] 954 3780 [3090 156] 2375 1324 1093 2049 1370 [716 157] 1370 2049 3209 [650 158] 3491 2699 [3108 159] 2699 3491 3280 [3780 160] 954 1099 2997 [1751 161] 2997 2572 1371 [1072 162] 1371 2572 2997 [2433 163] 2997 [2572 164] [1646 165] 2498 230 923 922 934 [1790 166] 934 922 923 [460 167] 923 1033 1841 2003 [3885 168] 1959 1272 [2270 169] 90 [409 170] 312 349 [2796 171] 560 3285 2674 2858 263 [1011 172] 263 2858 2674 1796 3300 391 [1847 173] 391 2026 2090 [2683 174] 2090 2827 2603 1073 665 3787 [2202 175] 3787 2606 [227 176] 1516 2209 513 1838 1841 [792 177] 1841 2864 3443 [589 178] 375 178 [816 179] 178 1241 3805 2834 1475 [486 180] 1475 2196 [2011 181] 814 [3169 182] 814 2011 2498 230 [299 183] 145 2158 [319 184] [1136 185] 3198 3322 1460 [1358 186] [3002 187] 2124 3789 3347 [2211 188] [3291 189] 2211 810 2265 364 [3605 190] 1116 [1571 191] 1608 1601 1604 1472 [591 192] 2483 810 1694 [3494 193] 1694 [2482 194] 1694 1389 3054 2854 [1209 195] 2467 2549 2607 [109 196] 2607 2855 2681 38 [3920 197] 38 2975 134 3285 [2674 198] 1796 1238 3003 2996 2276 [2675 199] [2980 200] 2831 T
1457
2244 2883 3313 3270 [3516 106] 3249 459 [3035 107] 1029 3658 1390 [664 108] 1390 1388 1389 1694 3326 [3060 109] 858 1602 [1668 110] 2593 1703 3001 2996 [2999 111] 2996 2997 2433 2078 468 1247 [1429 112] 1247 1065 [2079 113] 245 181 [252 114] 1944 2244 459 2725 [2912 115] 2725 459 3035 [1029 116] 627 [3447 117] 627 1029 1339 1185 [1335 118] 1185 1339 472 373 729 [2787 119] 729 373 [3202 120] 373 [2765 121] 1020 581 [2766 122] 581 1443 [466 123] 1443 581 1020 2765 373 [2091 124] [2053 125] 1369 2036 [1727 126] 2036 1369 1455 2041 1847 1838 1396 [666 127] [443 128] 936 1817 [1825 129] 1817 1820 2664 1518 1515 [1520 130] 1515 1516 2207 2854 [3055 131] 2854 2207 1516 1515 1245 [482 132] [1245 133] [496 134] 1245 482 2492 2267 2541 991 3383 3385 [532 135] 1917 1863 [3380 136] 2651 1697 [3603 137] 1697 2272 2883 [2216 138] 2883 2839 [3221 139] 2839 [2883 140] 2272 [2570 141] 2272 2883 3313 3270 [1670 142] 2845 664 [1750 143] [2195 144] 2687 2507 454 347 [458 145] 3603 1697 2272 2883 [2839 146] 3221 216 715 [578 147] [715 148] 2122 1657 [36 149] 3055 2854 3054 1465 986 636 2217 3211 2566 [1273 150] [2566 151] 3211 3590 3009 [2421 152] 2376 1557 [2773 153] 1695 [378 154] 2492 2267 2541 954 [1925 155] 954 3780 [3090 156] 2375 1324 1093 2049 1370 [716 157] 1370 2049 3209 [650 158] 3491 2699 [3108 159] 2699 3491 3280 [3780 160] 954 1099 2997 [1751 161] 2997 2572 1371 [1072 162] 1371 2572 2997 [2433 163] 2997 [2572 164] [1646 165] 2498 230 923 922 934 [1790 166] 934 922 923 [460 167] 923 1033 1841 2003 [3885 168] 1959 1272 [2270 169] 90 [409 170] 312 349 [2796 171] 560 3285 2674 2858 263 [1011 172] 263 2858 2674 1796 3300 391 [1847 173] 391 2026 2090 [2683 174] 2090 2827 2603 1073 665 3787 [2202 175] 3787 2606 [227 176] 1516 2209 513 1838 1841 [792 177] 1841 2864 3443 [589 178] 375 178 [816 179] 178 1241 3805 2834 1475 [486 180] 1475 2196 [2011 181] 814 [3169 182] 814 2011 2498 230 [299 183] 145 2158 [319 184] [1136 185] 3198 3322 1460 [1358 186] [3002 187] 2124 3789 3347 [2211 188] [3291 189] 2211 810 2265 364 [3605 190] 1116 [1571 191] 1608 1601 1604 1472 [591 192] 2483 810 1694 [3494 193] 1694 [2482 194] 1694 1389 3054 2854 [1209 195] 2467 2549 2607 [109 196] 2607 2855 2681 38 [3920 197] 38 2975 134 3285 [2674 198] 1796 1238 3003 2996 2276 [2675 199] [2980 200] 2831 T
1455
3035 1239 2969 2968 604 2805 [291 107] 1619 905 3525 3742 2329 [838 108] 2329 2996 2999 3700 212 [2990 109] 378 3178 2710 3580 436 [1822 110] 507 2188 3642 2329 2996 [2999 111] 2996 2997 2433 2078 468 1247 [1429 112] 1247 1065 [2079 113] 245 181 [252 114] 1944 2244 459 2725 [2912 115] 2725 459 3035 [1029 116] 627 [3447 117] 627 1029 1339 1185 [1335 118] 1185 1339 472 373 729 [2787 119] 729 373 [3202 120] 373 [2765 121] 1020 581 [2766 122] 581 1443 [466 123] 1443 581 1020 2765 373 [2091 124] [2053 125] 1369 2036 [1727 126] 2036 1369 1455 2041 1847 1838 1396 [666 127] [443 128] 936 1817 [1825 129] 1817 1820 2664 1518 1515 [1520 130] 1515 1516 2207 2854 [3055 131] 2854 2207 1516 1515 1245 [482 132] [1245 133] [496 134] 1245 482 2492 2267 2541 991 3383 3385 [532 135] 1917 1863 [3380 136] 2651 1697 [3603 137] 1697 2272 2883 [2216 138] 2883 2839 [3221 139] 2839 [2883 140] 2272 [2570 141] 2272 2883 3313 3270 [1670 142] 2845 664 [1750 143] [2195 144] 2687 2507 454 347 [458 145] 3603 1697 2272 2883 [2839 146] 3221 216 715 [578 147] [715 148] 2122 1657 [36 149] 3055 2854 3054 1465 986 636 2217 3211 2566 [1273 150] [2566 151] 3211 3590 3009 [2421 152] 2376 1557 [2773 153] 1695 [378 154] 2492 2267 2541 954 [1925 155] 954 3780 [3090 156] 2375 1324 1093 2049 1370 [716 157] 1370 2049 3209 [650 158] 3491 2699 [3108 159] 2699 3491 3280 [3780 160] 954 1099 2997 [1751 161] 2997 2572 1371 [1072 162] 1371 2572 2997 [2433 163] 2997 [2572 164] [1646 165] 2498 230 923 922 934 [1790 166] 934 922 923 [460 167] 923 1033 1841 2003 [3885 168] 1959 1272 [2270 169] 90 [409 170] 312 349 [2796 171] 560 3285 2674 2858 263 [1011 172] 263 2858 2674 1796 3300 391 [1847 173] 391 2026 2090 [2683 174] 2090 2827 2603 1073 665 3787 [2202 175] 3787 2606 [227 176] 1516 2209 513 1838 1841 [792 177] 1841 2864 3443 [589 178] 375 178 [816 179] 178 1241 3805 2834 1475 [486 180] 1475 2196 [2011 181] 814 [3169 182] 814 2011 2498 230 [299 183] 145 2158 [319 184] [1136 185] 3198 3322 1460 [1358 186] [3002 187] 2124 3789 3347 [2211 188] [3291 189] 2211 810 2265 364 [3605 190] 1116 [1571 191] 1608 1601 1604 1472 [591 192] 2483 810 1694 [3494 193] 1694 [2482 194] 1694 1389 3054 2854 [1209 195] 2467 2549 2607 [109 196] 2607 2855 2681 38 [3920 197] 38 2975 134 3285 [2674 198] 1796 1238 3003 2996 2276 [2675 199] [2980 200] 2831 T
1452
664 1390 3093 3094 2238 3705 309 129 [1234 108] 1228 616 586 3426 2375 [3060 109] 858 1602 [1668 110] 2593 1703 3001 2996 [2999 111] 2996 2997 2433 2078 468 1247 [1429 112] 1247 1065 [2079 113] 245 181 [252 114] 1944 2244 459 2725 [2912 115] 2725 459 3035 [1029 116] 627 [3447 117] 627 1029 1339 1185 [1335 118] 1185 1339 472 373 729 [2787 119] 729 373 [3202 120] 373 [2765 121] 1020 581 [2766 122] 581 1443 [466 123] 1443 581 1020 2765 373 [2091 124] [2053 125] 1369 2036 [1727 126] 2036 1369 1455 2041 1847 1838 1396 [666 127] [443 128] 936 1817 [1825 129] 1817 1820 2664 1518 1515 [1520 130] 1515 1516 2207 2854 [3055 131] 2854 2207 1516 1515 1245 [482 132] [1245 133] [496 134] 1245 482 2492 2267 2541 991 3383 3385 [532 135] 1917 1863 [3380 136] 2651 1697 [3603 137] 1697 2272 2883 [2216 138] 2883 2839 [3221 139] 2839 [2883 140] 2272 [2570 141] 2272 2883 3313 3270 [1670 142] 2845 664 [1750 143] [2195 144] 2687 2507 454 347 [458 145] 3603 1697 2272 2883 [2839 146] 3221 216 715 [578 147] [715 148] 2122 1657 [36 149] 3055 2854 3054 1465 986 636 2217 3211 2566 [1273 150] [2566 151] 3211 3590 3009 [2421 152] 2376 1557 [2773 153] 1695 [378 154] 2492 2267 2541 954 [1925 155] 954 3780 [3090 156] 2375 1324 1093 2049 1370 [716 157] 1370 2049 3209 [650 158] 3491 2699 [3108 159] 2699 3491 3280 [3780 160] 954 1099 2997 [1751 161] 2997 2572 1371 [1072 162] 1371 2572 2997 [2433 163] 2997 [2572 164] [1646 165] 2498 230 923 922 934 [1790 166] 934 922 923 [460 167] 923 1033 1841 2003 [3885 168] 1959 1272 [2270 169] 90 [409 170] 312 349 [2796 171] 560 3285 2674 2858 263 [1011 172] 263 2858 2674 1796 3300 391 [1847 173] 391 2026 2090 [2683 174] 2090 2827 2603 1073 665 3787 [2202 175] 3787 2606 [227 176] 1516 2209 513 1838 1841 [792 177] 1841 2864 3443 [589 178] 375 178 [816 179] 178 1241 3805 2834 1475 [486 180] 1475 2196 [2011 181] 814 [3169 182] 814 2011 2498 230 [299 183] 145 2158 [319 184] [1136 185] 3198 3322 1460 [1358 186] [3002 187] 2124 3789 3347 [2211 188] [3291 189] 2211 810 2265 364 [3605 190] 1116 [1571 191] 1608 1601 1604 1472 [591 192] 2483 810 1694 [3494 193] 1694 [2482 194] 1694 1389 3054 2854 [1209 195] 2467 2549 2607 [109 196] 2607 2855 2681 38 [3920 197] 38 2975 134 3285 [2674 198] 1796 1238 3003 2996 2276 [2675 199] [2980 200] 2831 T
1452
3060 3326 1694 1389 [3054 109] 1389 2173 [1383 110] 2173 674 171 [2437 111] 1394 595 3153 [1000 112] 3153 [595 113] 1394 377 1139 1368 1944 [252 114] 1944 2244 459 2725 [2912 115] 2725 459 3035 [1029 116] 627 [3447 117] 627 1029 1339 1185 [1335 118] 1185 1339 472 373 729 [2787 119] 729 373 [3202 120] 373 [2765 121] 1020 581 [2766 122] 581 1443 [466 123] 1443 581 1020 2765 373 [2091 124] [2053 125] 1369 2036 [1727 126] 2036 1369 1455 2041 1847 1838 1396 [666 127] [443 128] 936 1817 [1825 129] 1817 1820 2664 1518 1515 [1520 130] 1515 1516 2207 2854 [3055 131] 2854 2207 1516 1515 1245 [482 132] [1245 133] [496 134] 1245 482 2492 2267 2541 991 3383 3385 [532 135] 1917 1863 [3380 136] 2651 1697 [3603 137] 1697 2272 2883 [2216 138] 2883 2839 [3221 139] 2839 [2883 140] 2272 [2570 141] 2272 2883 3313 3270 [1670 142] 2845 664 [1750 143] [2195 144] 2687 2507 454 347 [458 145] 3603 1697 2272 2883 [2839 146] 3221 216 715 [578 147] [715 148] 2122 1657 [36 149] 3055 2854 3054 1465 986 636 2217 3211 2566 [1273 150] [2566 151] 3211 3590 3009 [2421 152] 2376 1557 [2773 153] 1695 [378 154] 2492 2267 2541 954 [1925 155] 954 3780 [3090 156] 2375 1324 1093 2049 1370 [716 157] 1370 2049 3209 [650 158] 3491 2699 [3108 159] 2699 3491 3280 [3780 160] 954 1099 2997 [1751 161] 2997 2572 1371 [1072 162] 1371 2572 2997 [2433 163] 2997 [2572 164] [1646 165] 2498 230 923 922 934 [1790 166] 934 922 923 [460 167] 923 1033 1841 2003 [3885 168] 1959 1272 [2270 169] 90 [409 170] 312 349 [2796 171] 560 3285 2674 2858 263 [1011 172] 263 2858 2674 1796 3300 391 [1847 173] 391 2026 2090 [2683 174] 2090 2827 2603 1073 665 3787 [2202 175] 3787 2606 [227 176] 1516 2209 513 1838 1841 [792 177] 1841 2864 3443 [589 178] 375 178 [816 179] 178 1241 3805 2834 1475 [486 180] 1475 2196 [2011 181] 814 [3169 182] 814 2011 2498 230 [299 183] 145 2158 [319 184] [1136 185] 3198 3322 1460 [1358 186] [3002 187] 2124 3789 3347 [2211 188] [3291 189] 2211 810 2265 364 [3605 190] 1116 [1571 191] 1608 1601 1604 1472 [591 192] 2483 810 1694 [3494 193] 1694 [2482 194] 1694 1389 3054 2854 [1209 195] 2467 2549 2607 [109 196] 2607 2855 2681 38 [3920 197] 38 2975 134 3285 [2674 198] 1796 1238 3003 2996 2276 [2675 199] [2980 200] 2831 T
1451
1668 1474 3152 596 [412 110] 596 1240 3742 2329 2996 [2999 111] 2996 2997 2433 2078 468 1247 [1429 112] 1247 1065 [2079 113] 245 181 [252 114] 1944 2244 459 2725 [2912 115] 2725 459 3035 [1029 116] 627 [3447 117] 627 1029 1339 1185 [1335 118] 1185 1339 472 373 729 [2787 119] 729 373 [3202 120] 373 [2765 121] 1020 581 [2766 122] 581 1443 [466 123] 1443 581 1020 2765 373 [2091 124] [2053 125] 1369 2036 [1727 126] 2036 1369 1455 2041 1847 1838 1396 [666 127] [443 128] 936 1817 [1825 129] 1817 1820 2664 1518 1515 [1520 130] 1515 1516 2207 2854 [3055 131] 2854 2207 1516 1515 1245 [482 132] [1245 133] [496 134] 1245 482 2492 2267 2541 991 3383 3385 [532 135] 1917 1863 [3380 136] 2651 1697 [3603 137] 1697 2272 2883 [2216 138] 2883 2839 [3221 139] 2839 [2883 140] 2272 [2570 141] 2272 2883 3313 3270 [1670 142] 2845 664 [1750 143] [2195 144] 2687 2507 454 347 [458 145] 3603 1697 2272 2883 [2839 146] 3221 216 715 [578 147] [715 148] 2122 1657 [36 149] 3055 2854 3054 1465 986 636 2217 3211 2566 [1273 150] [2566 151] 3211 3590 3009 [2421 152] 2376 1557 [2773 153] 1695 [378 154] 2492 2267 2541 954 [1925 155] 954 3780 [3090 156] 2375 1324 1093 2049 1370 [716 157] 1370 2049 3209 [650 158] 3491 2699 [3108 159] 2699 3491 3280 [3780 160] 954 1099 2997 [1751 161] 2997 2572 1371 [1072 162] 1371 2572 2997 [2433 163] 2997 [2572 164] [1646 165] 2498 230 923 922 934 [1790 166] 934 922 923 [460 167] 923 1033 1841 2003 [3885 168] 1959 1272 [2270 169] 90 [409 170] 312 349 [2796 171] 560 3285 2674 2858 263 [1011 172] 263 2858 2674 1796 3300 391 [1847 173] 391 2026 2090 [2683 174] 2090 2827 2603 1073 665 3787 [2202 175] 3787 2606 [227 176] 1516 2209 513 1838 1841 [792 177] 1841 2864 3443 [589 178] 375 178 [816 179] 178 1241 3805 2834 1475 [486 180] 1475 2196 [2011 181] 814 [3169 182] 814 2011 2498 230 [299 183] 145 2158 [319 184] [1136 185] 3198 3322 1460 [1358 186] [3002 187] 2124 3789 3347 [2211 188] [3291 189] 2211 810 2265 364 [3605 190] 1116 [1571 191] 1608 1601 1604 1472 [591 192] 2483 810 1694 [3494 193] 1694 [2482 194] 1694 1389 3054 2854 [1209 195] 2467 2549 2607 [109 196] 2607 2855 2681 38 [3920 197] 38 2975 134 3285 [2674 198] 1796 1238 3003 2996 2276 [2675 199] [2980 200] 2831 T
1454
2999 2996 2196 2753 2975 [134 111] 2975 2753 2196 2996 2997 2433 2078 468 1247 [1429 112] 1247 1065 [2079 113] 245 181 [252 114] 1944 2244 459 2725 [2912 115] 2725 459 3035 [1029 116] 627 [3447 117] 627 1029 1339 1185 [1335 118] 1185 1339 472 373 729 [2787 119] 729 373 [3202 120] 373 [2765 121] 1020 581 [2766 122] 581 1443 [466 123] 1443 581 1020 2765 373 [2091 124] [2053 125] 1369 2036 [1727 126] 2036 1369 1455 2041 1847 1838 1396 [666 127] [443 128] 936 1817 [1825 129] 1817 1820 2664 1518 1515 [1520 130] 1515 1516 2207 2854 [3055 131] 2854 2207 1516 1515 1245 [482 132] [1245 133] [496 134] 1245 482 2492 2267 2541 991 3383 3385 [532 135] 1917 1863 [3380 136] 2651 1697 [3603 137] 1697 2272 2883 [2216 138] 2883 2839 [3221 139] 2839 [2883 140] 2272 [2570 141] 2272 2883 3313 3270 [1670 142] 2845 664 [1750 143] [2195 144] 2687 2507 454 347 [458 145] 3603 1697 2272 2883 [2839 146] 3221 216 715 [578 147] [715 148] 2122 1657 [36 149] 3055 2854 3054 1465 986 636 2217 3211 2566 [1273 150] [2566 151] 3211 3590 3009 [2421 152] 2376 1557 [2773 153] 1695 [378 154] 2492 2267 2541 954 [1925 155] 954 3780 [3090 156] 2375 1324 1093 2049 1370 [716 157] 1370 2049 3209 [650 158] 3491 2699 [3108 159] 2699 3491 3280 [3780 160] 954 1099 2997 [1751 161] 2997 2572 1371 [1072 162] 1371 2572 2997 [2433 163] 2997 [2572 164] [1646 165] 2498 230 923 922 934 [1790 166] 934 922 923 [460 167] 923 1033 1841 2003 [3885 168] 1959 1272 [2270 169] 90 [409 170] 312 349 [2796 171] 560 3285 2674 2858 263 [1011 172] 263 2858 2674 1796 3300 391 [1847 173] 391 2026 2090 [2683 174] 2090 2827 2603 1073 665 3787 [2202 175] 3787 2606 [227 176] 1516 2209 513 1838 1841 [792 177] 1841 2864 3443 [589 178] 375 178 [816 179] 178 1241 3805 2834 1475 [486 180] 1475 2196 [2011 181] 814 [3169 182] 814 2011 2498 230 [299 183] 145 2158 [319 184] [1136 185] 3198 3322 1460 [1358 186] [3002 187] 2124 3789 3347 [2211 188] [3291 189] 2211 810 2265 364 [3605 190] 1116 [1571 191] 1608 1601 1604 1472 [591 192] 2483 810 1694 [3494 193] 1694 [2482 194] 1694 1389 3054 2854 [1209 195] 2467 2549 2607 [109 196] 2607 2855 2681 38 [3920 197] 38 2975 134 3285 [2674 198] 1796 1238 3003 2996 2276 [2675 199] [2980 200] 2831 T
1456
1429 1247 1065 2079 245 528 20 2835 [2460 112] 2835 20 528 245 [2079 113] 245 181 [252 114] 1944 2244 459 2725 [2912 115] 2725 459 3035 [1029 116] 627 [3447 117] 627 1029 1339 1185 [1335 118] 1185 1339 472 373 729 [2787 119] 729 373 [3202 120] 373 [2765 121] 1020 581 [2766 122] 581 1443 [466 123] 1443 581 1020 2765 373 [2091 124] [2053 125] 1369 2036 [1727 126] 2036 1369 1455 2041 1847 1838 1396 [666 127] [443 128] 936 1817 [1825 129] 1817 1820 2664 1518 1515 [1520 130] 1515 1516 2207 2854 [3055 131] 2854 2207 1516 1515 1245 [482 132] [1245 133] [496 134] 1245 482 2492 2267 2541 991 3383 3385 [532 135] 1917 1863 [3380 136] 2651 1697 [3603 137] 1697 2272 2883 [2216 138] 2883 2839 [3221 139] 2839 [2883 140] 2272 [2570 141] 2272 2883 3313 3270 [1670 142] 2845 664 [1750 143] [2195 144] 2687 2507 454 347 [458 145] 3603 1697 2272 2883 [2839 146] 3221 216 715 [578 147] [715 148] 2122 1657 [36 149] 3055 2854 3054 1465 986 636 2217 3211 2566 [1273 150] [2566 151] 3211 3590 3009 [2421 152] 2376 1557 [2773 153] 1695 [378 154] 2492 2267 2541 954 [1925 155] 954 3780 [3090 156] 2375 1324 1093 2049 1370 [716 157] 1370 2049 3209 [650 158] 3491 2699 [3108 159] 2699 3491 3280 [3780 160] 954 1099 2997 [1751 161] 2997 2572 1371 [1072 162] 1371 2572 2997 [2433 163] 2997 [2572 164] [1646 165] 2498 230 923 922 934 [1790 166] 934 922 923 [460 167] 923 1033 1841 2003 [3885 168] 1959 1272 [2270 169] 90 [409 170] 312 349 [2796 171] 560 3285 2674 2858 263 [1011 172] 263 2858 2674 1796 3300 391 [1847 173] 391 2026 2090 [2683 174] 2090 2827 2603 1073 665 3787 [2202 175] 3787 2606 [227 176] 1516 2209 513 1838 1841 [792 177] 1841 2864 3443 [589 178] 375 178 [816 179] 178 1241 3805 2834 1475 [486 180] 1475 2196 [2011 181] 814 [3169 182] 814 2011 2498 230 [299 183] 145 2158 [319 184] [1136 185] 3198 3322 1460 [1358 186] [3002 187] 2124 3789 3347 [2211 188] [3291 189] 2211 810 2265 364 [3605 190] 1116 [1571 191] 1608 1601 1604 1472 [591 192] 2483 810 1694 [3494 193] 1694 [2482 194] 1694 1389 3054 2854 [1209 195] 2467 2549 2607 [109 196] 2607 2855 2681 38 [3920 197] 38 2975 134 3285 [2674 198] 1796 1238 3003 2996 2276 [2675 199] [2980 200] 2831 T
1454
2079 245 2077 3127 [2399 113] 3127 1673 104 2810 [252 114] 1944 2244 459 2725 [2912 115] 2725 459 3035 [1029 116] 627 [3447 117] 627 1029 1339 1185 [1335 118] 1185 1339 472 373 729 [2787 119] 729 373 [3202 120] 373 [2765 121] 1020 581 [2766 122] 581 1443 [466 123] 1443 581 1020 2765 373 [2091 124] [2053 125] 1369 2036 [1727 126] 2036 1369 1455 2041 1847 1838 1396 [666 127] [443 128] 936 1817 [1825 129] 1817 1820 2664 1518 1515 [1520 130] 1515 1516 2207 2854 [3055 131] 2854 2207 1516 1515 1245 [482 132] [1245 133] [496 134] 1245 482 2492 2267 2541 991 3383 3385 [532 135] 1917 1863 [3380 136] 2651 1697 [3603 137] 1697 2272 2883 [2216 138] 2883 2839 [3221 139] 2839 [2883 140] 2272 [2570 141] 2272 2883 3313 3270 [1670 142] 2845 664 [1750 143] [2195 144] 2687 2507 454 347 [458 145] 3603 1697 2272 2883 [2839 146] 3221 216 715 [578 147] [715 148] 2122 1657 [36 149] 3055 2854 3054 1465 986 636 2217 3211 2566 [1273 150] [2566 151] 3211 3590 3009 [2421 152] 2376 1557 [2773 153] 1695 [378 154] 2492 2267 2541 954 [1925 155] 954 3780 [3090 156] 2375 1324 1093 2049 1370 [716 157] 1370 2049 3209 [650 158] 3491 2699 [3108 159] 2699 3491 3280 [3780 160] 954 1099 2997 [1751 161] 2997 2572 1371 [1072 162] 1371 2572 2997 [2433 163] 2997 [2572 164] [1646 165] 2498 230 923 922 934 [1790 166] 934 922 923 [460 167] 923 1033 1841 2003 [3885 168] 1959 1272 [2270 169] 90 [409 170] 312 349 [2796 171] 560 3285 2674 2858 263 [1011 172] 263 2858 2674 1796 3300 391 [1847 173] 391 2026 2090 [2683 174] 2090 2827 2603 1073 665 3787 [2202 175] 3787 2606 [227 176] 1516 2209 513 1838 1841 [792 177] 1841 2864 3443 [589 178] 375 178 [816 179] 178 1241 3805 2834 1475 [486 180] 1475 2196 [2011 181] 814 [3169 182] 814 2011 2498 230 [299 183] 145 2158 [319 184] [1136 185] 3198 3322 1460 [1358 186] [3002 187] 2124 3789 3347 [2211 188] [3291 189] 2211 810 2265 364 [3605 190] 1116 [1571 191] 1608 1601 1604 1472 [591 192] 2483 810 1694 [3494 193] 1694 [2482 194] 1694 1389 3054 2854 [1209 195] 2467 2549 2607 [109 196] 2607 2855 2681 38 [3920 197] 38 2975 134 3285 [2674 198] 1796 1238 3003 2996 2276 [2675 199] [2980 200] 2831 T
1450
252 1944 854 1011 [2269 114] 1011 854 1944 2244 459 2725 [2912 115] 2725 459 3035 [1029 116] 627 [3447 117] 627 1029 1339 1185 [1335 118] 1185 1339 472 373 729 [2787 119] 729 373 [3202 120] 373 [2765 121] 1020 581 [2766 122] 581 1443 [466 123] 1443 581 1020 2765 373 [2091 124] [2053 125] 1369 2036 [1727 126] 2036 1369 1455 2041 1847 1838 1396 [666 127] [443 128] 936 1817 [1825 129] 1817 1820 2664 1518 1515 [1520 130] 1515 1516 2207 2854 [3055 131] 2854 2207 1516 1515 1245 [482 132] [1245 133] [496 134] 1245 482 2492 2267 2541 991 3383 3385 [532 135] 1917 1863 [3380 136] 2651 1697 [3603 137] 1697 2272 2883 [2216 138] 2883 2839 [3221 139] 2839 [2883 140] 2272 [2570 141] 2272 2883 3313 3270 [1670 142] 2845 664 [1750 143] [2195 144] 2687 2507 454 347 [458 145] 3603 1697 2272 2883 [2839 146] 3221 216 715 [578 147] [715 148] 2122 1657 [36 149] 3055 2854 3054 1465 986 636 2217 3211 2566 [1273 150] [2566 151] 3211 3590 3009 [2421 152] 2376 1557 [2773 153] 1695 [378 154] 2492 2267 2541 954 [1925 155] 954 3780 [3090 156] 2375 1324 1093 2049 1370 [716 157] 1370 2049 3209 [650 158] 3491 2699 [3108 159] 2699 3491 3280 [3780 160] 954 1099 2997 [1751 161] 2997 2572 1371 [1072 162] 1371 2572 2997 [2433 163] 2997 [2572 164] [1646 165] 2498 230 923 922 934 [1790 166] 934 922 923 [460 167] 923 1033 1841 2003 [3885 168] 1959 1272 [2270 169] 90 [409 170] 312 349 [2796 171] 560 3285 2674 2858 263 [1011 172] 263 2858 2674 1796 3300 391 [1847 173] 391 2026 2090 [2683 174] 2090 2827 2603 1073 665 3787 [2202 175] 3787 2606 [227 176] 1516 2209 513 1838 1841 [792 177] 1841 2864 3443 [589 178] 375 178 [816 179] 178 1241 3805 2834 1475 [486 180] 1475 2196 [2011 181] 814 [3169 182] 814 2011 2498 230 [299 183] 145 2158 [319 184] [1136 185] 3198 3322 1460 [1358 186] [3002 187] 2124 3789 3347 [2211 188] [3291 189] 2211 810 2265 364 [3605 190] 1116 [1571 191] 1608 1601 1604 1472 [591 192] 2483 810 1694 [3494 193] 1694 [2482 194] 1694 1389 3054 2854 [1209 195] 2467 2549 2607 [109 196] 2607 2855 2681 38 [3920 197] 38 2975 134 3285 [2674 198] 1796 1238 3003 2996 2276 [2675 199] [2980 200] 2831 T
1452
2912 2725 459 2244 2883 [3313 115] 2883 2244 459 3035 [1029 116] 627 [3447 117] 627 1029 1339 1185 [1335 118] 1185 1339 472 373 729 [2787 119] 729 373 [3202 120] 373 [2765 121] 1020 581 [2766 122] 581 1443 [466 123] 1443 581 1020 2765 373 [2091 124] [2053 125] 1369 2036 [1727 126] 2036 1369 1455 2041 1847 1838 1396 [666 127] [443 128] 936 1817 [1825 129] 1817 1820 2664 1518 1515 [1520 130] 1515 1516 2207 2854 [3055 131] 2854 2207 1516 1515 1245 [482 132] [1245 133] [496 134] 1245 482 2492 2267 2541 991 3383 3385 [532 135] 1917 1863 [3380 136] 2651 1697 [3603 137] 1697 2272 2883 [2216 138] 2883 2839 [3221 139] 2839 [2883 140] 2272 [2570 141] 2272 2883 3313 3270 [1670 142] 2845 664 [1750 143] [2195 144] 2687 2507 454 347 [458 145] 3603 1697 2272 2883 [2839 146] 3221 216 715 [578 147] [715 148] 2122 1657 [36 149] 3055 2854 3054 1465 986 636 2217 3211 2566 [1273 150] [2566 151] 3211 3590 3009 [2421 152] 2376 1557 [2773 153] 1695 [378 154] 2492 2267 2541 954 [1925 155] 954 3780 [3090 156] 2375 1324 1093 2049 1370 [716 157] 1370 2049 3209 [650 158] 3491 2699 [3108 159] 2699 3491 3280 [3780 160] 954 1099 2997 [1751 161] 2997 2572 1371 [1072 162] 1371 2572 2997 [2433 163] 2997 [2572 164] [1646 165] 2498 230 923 922 934 [1790 166] 934 922 923 [460 167] 923 1033 1841 2003 [3885 168] 1959 1272 [2270 169] 90 [409 170] 312 349 [2796 171] 560 3285 2674 2858 263 [1011 172] 263 2858 2674 1796 3300 391 [1847 173] 391 2026 2090 [2683 174] 2090 2827 2603 1073 665 3787 [2202 175] 3787 2606 [227 176] 1516 2209 513 1838 1841 [792 177] 1841 2864 3443 [589 178] 375 178 [816 179] 178 1241 3805 2834 1475 [486 180] 1475 2196 [2011 181] 814 [3169 182] 814 2011 2498 230 [299 183] 145 2158 [319 184] [1136 185] 3198 3322 1460 [1358 186] [3002 187] 2124 3789 3347 [2211 188] [3291 189] 2211 810 2265 364 [3605 190] 1116 [1571 191] 1608 1601 1604 1472 [591 192] 2483 810 1694 [3494 193] 1694 [2482 194] 1694 1389 3054 2854 [1209 195] 2467 2549 2607 [109 196] 2607 2855 2681 38 [3920 197] 38 2975 134 3285 [2674 198] 1796 1238 3003 2996 2276 [2675 199] [2980 200] 2831 T
1454
1029 627 3131 523 [292 116] 523 3131 627 [3447 117] 627 1029 1339 1185 [1335 118] 1185 1339 472 373 729 [2787 119] 729 373 [3202 120] 373 [2765 121] 1020 581 [2766 122] 581 1443 [466 123] 1443 581 1020 2765 373 [2091 124] [2053 125] 1369 2036 [1727 126] 2036 1369 1455 2041 1847 1838 1396 [666 127] [443 128] 936 1817 [1825 129] 1817 1820 2664 1518 1515 [1520 130] 1515 1516 2207 2854 [3055 131] 2854 2207 1516 1515 1245 [482 132] [1245 133] [496 134] 1245 482 2492 2267 2541 991 3383 3385 [532 135] 1917 1863 [3380 136] 2651 1697 [3603 137] 1697 2272 2883 [2216 138] 2883 2839 [3221 139] 2839 [2883 140] 2272 [2570 141] 2272 2883 3313 3270 [1670 142] 2845 664 [1750 143] [2195 144] 2687 2507 454 347 [458 145] 3603 1697 2272 2883 [2839 146] 3221 216 715 [578 147] [715 148] 2122 1657 [36 149] 3055 2854 3054 1465 986 636 2217 3211 2566 [1273 150] [2566 151] 3211 3590 3009 [2421 152] 2376 1557 [2773 153] 1695 [378 154] 2492 2267 2541 954 [1925 155] 954 3780 [3090 156] 2375 1324 1093 2049 1370 [716 157] 1370 2049 3209 [650 158] 3491 2699 [3108 159] 2699 3491 3280 [3780 160] 954 1099 2997 [1751 161] 2997 2572 1371 [1072 162] 1371 2572 2997 [2433 163] 2997 [2572 164] [1646 165] 2498 230 923 922 934 [1790 166] 934 922 923 [460 167] 923 1033 1841 2003 [3885 168] 1959 1272 [2270 169] 90 [409 170] 312 349 [2796 171] 560 3285 2674 2858 263 [1011 172] 263 2858 2674 1796 3300 391 [1847 173] 391 2026 2090 [2683 174] 2090 2827 2603 1073 665 3787 [2202 175] 3787 2606 [227 176] 1516 2209 513 1838 1841 [792 177] 1841 2864 3443 [589 178] 375 178 [816 179] 178 1241 3805 2834 1475 [486 180] 1475 2196 [2011 181] 814 [3169 182] 814 2011 2498 230 [299 183] 145 2158 [319 184] [1136 185] 3198 3322 1460 [1358 186] [3002 187] 2124 3789 3347 [2211 188] [3291 189] 2211 810 2265 364 [3605 190] 1116 [1571 191] 1608 1601 1604 1472 [591 192] 2483 810 1694 [3494 193] 1694 [2482 194] 1694 1389 3054 2854 [1209 195] 2467 2549 2607 [109 196] 2607 2855 2681 38 [3920 197] 38 2975 134 3285 [2674 198] 1796 1238 3003 2996 2276 [2675 199] [2980 200] 2831 T
1454
3447 [2681 117] 38 2975 1910 [1823 118] 1817 1826 2327 1819 1072 [1371 119] 2572 2997 1751 373 [3202 120] 373 [2765 121] 1020 581 [2766 122] 581 1443 [466 123] 1443 581 1020 2765 373 [2091 124] [2053 125] 1369 2036 [1727 126] 2036 1369 1455 2041 1847 1838 1396 [666 127] [443 128] 936 1817 [1825 129] 1817 1820 2664 1518 1515 [1520 130] 1515 1516 2207 2854 [3055 131] 2854 2207 1516 1515 1245 [482 132] [1245 133] [496 134] 1245 482 2492 2267 2541 991 3383 3385 [532 135] 1917 1863 [3380 136] 2651 1697 [3603 137] 1697 2272 2883 [2216 138] 2883 2839 [3221 139] 2839 [2883 140] 2272 [2570 141] 2272 2883 3313 3270 [1670 142] 2845 664 [1750 143] [2195 144] 2687 2507 454 347 [458 145] 3603 1697 2272 2883 [2839 146] 3221 216 715 [578 147] [715 148] 2122 1657 [36 149] 3055 2854 3054 1465 986 636 2217 3211 2566 [1273 150] [2566 151] 3211 3590 3009 [2421 152] 2376 1557 [2773 153] 1695 [378 154] 2492 2267 2541 954 [1925 155] 954 3780 [3090 156] 2375 1324 1093 2049 1370 [716 157] 1370 2049 3209 [650 158] 3491 2699 [3108 159] 2699 3491 3280 [3780 160] 954 1099 2997 [1751 161] 2997 2572 1371 [1072 162] 1371 2572 2997 [2433 163] 2997 [2572 164] [1646 165] 2498 230 923 922 934 [1790 166] 934 922 923 [460 167] 923 1033 1841 2003 [3885 168] 1959 1272 [2270 169] 90 [409 170] 312 349 [2796 171] 560 3285 2674 2858 263 [1011 172] 263 2858 2674 1796 3300 391 [1847 173] 391 2026 2090 [2683 174] 2090 2827 2603 1073 665 3787 [2202 175] 3787 2606 [227 176] 1516 2209 513 1838 1841 [792 177] 1841 2864 3443 [589 178] 375 178 [816 179] 178 1241 3805 2834 1475 [486 180] 1475 2196 [2011 181] 814 [3169 182] 814 2011 2498 230 [299 183] 145 2158 [319 184] [1136 185] 3198 3322 1460 [1358 186] [3002 187] 2124 3789 3347 [2211 188] [3291 189] 2211 810 2265 364 [3605 190] 1116 [1571 191] 1608 1601 1604 1472 [591 192] 2483 810 1694 [3494 193] 1694 [2482 194] 1694 1389 3054 2854 [1209 195] 2467 2549 2607 [109 196] 2607 2855 2681 38 [3920 197] 38 2975 134 3285 [2674 198] 1796 1238 3003 2996 2276 [2675 199] [2980 200] 2831 T
1451
1335 1185 1339 1029 217 3253 756 2090 [2026 118] 3434 [2787 119] 729 373 [3202 120] 373 [2765 121] 1020 581 [2766 122] 581 1443 [466 123] 1443 581 1020 2765 373 [2091 124] [2053 125] 1369 2036 [1727 126] 2036 1369 1455 2041 1847 1838 1396 [666 127] [443 128] 936 1817 [1825 129] 1817 1820 2664 1518 1515 [1520 130] 1515 1516 2207 2854 [3055 131] 2854 2207 1516 1515 1245 [482 132] [1245 133] [496 134] 1245 482 2492 2267 2541 991 3383 3385 [532 135] 1917 1863 [3380 136] 2651 1697 [3603 137] 1697 2272 2883 [2216 138] 2883 2839 [3221 139] 2839 [2883 140] 2272 [2570 141] 2272 2883 3313 3270 [1670 142] 2845 664 [1750 143] [2195 144] 2687 2507 454 347 [458 145] 3603 1697 2272 2883 [2839 146] 3221 216 715 [578 147] [715 148] 2122 1657 [36 149] 3055 2854 3054 1465 986 636 2217 3211 2566 [1273 150] [2566 151] 3211 3590 3009 [2421 152] 2376 1557 [2773 153] 1695 [378 154] 2492 2267 2541 954 [1925 155] 954 3780 [3090 156] 2375 1324 1093 2049 1370 [716 157] 1370 2049 3209 [650 158] 3491 2699 [3108 159] 2699 3491 3280 [3780 160] 954 1099 2997 [1751 161] 2997 2572 1371 [1072 162] 1371 2572 2997 [2433 163] 2997 [2572 164] [1646 165] 2498 230 923 922 934 [1790 166] 934 922 923 [460 167] 923 1033 1841 2003 [3885 168] 1959 1272 [2270 169] 90 [409 170] 312 349 [2796 171] 560 3285 2674 2858 263 [1011 172] 263 2858 2674 1796 3300 391 [1847 173] 391 2026 2090 [2683 174] 2090 2827 2603 1073 665 3787 [2202 175] 3787 2606 [227 176] 1516 2209 513 1838 1841 [792 177] 1841 2864 3443 [589 178] 375 178 [816 179] 178 1241 3805 2834 1475 [486 180] 1475 2196 [2011 181] 814 [3169 182] 814 2011 2498 230 [299 183] 145 2158 [319 184] [1136 185] 3198 3322 1460 [1358 186] [3002 187] 2124 3789 3347 [2211 188] [3291 189] 2211 810 2265 364 [3605 190] 1116 [1571 191] 1608 1601 1604 1472 [591 192] 2483 810 1694 [3494 193] 1694 [2482 194] 1694 1389 3054 2854 [1209 195] 2467 2549 2607 [109 196] 2607 2855 2681 38 [3920 197] 38 2975 134 3285 [2674 198] 1796 1238 3003 2996 2276 [2675 199] [2980 200] 2831 T
1450
2787 729 880 [2338 119] 880 729 373 [3202 120] 373 [2765 121] 1020 581 [2766 122] 581 1443 [466 123] 1443 581 1020 2765 373 [2091 124] [2053 125] 1369 2036 [1727 126] 2036 1369 1455 2041 1847 1838 1396 [666 127] [443 128] 936 1817 [1825 129] 1817 1820 2664 1518 1515 [1520 130] 1515 1516 2207 2854 [3055 131] 2854 2207 1516 1515 1245 [482 132] [1245 133] [496 134] 1245 482 2492 2267 2541 991 3383 3385 [532 135] 1917 1863 [3380 136] 2651 1697 [3603 137] 1697 2272 2883 [2216 138] 2883 2839 [3221 139] 2839 [2883 140] 2272 [2570 141] 2272 2883 3313 3270 [1670 142] 2845 664 [1750 143] [2195 144] 2687 2507 454 347 [458 145] 3603 1697 2272 2883 [2839 146] 3221 216 715 [578 147] [715 148] 2122 1657 [36 149] 3055 2854 3054 1465 986 636 2217 3211 2566 [1273 150] [2566 151] 3211 3590 3009 [2421 152] 2376 1557 [2773 153] 1695 [378 154] 2492 2267 2541 954 [1925 155] 954 3780 [3090 156] 2375 1324 1093 2049 1370 [716 157] 1370 2049 3209 [650 158] 3491 2699 [3108 159] 2699 3491 3280 [3780 160] 954 1099 2997 [1751 161] 2997 2572 1371 [1072 162] 1371 2572 2997 [2433 163] 2997 [2572 164] [1646 165] 2498 230 923 922 934 [1790 166] 934 922 923 [460 167] 923 1033 1841 2003 [3885 168] 1959 1272 [2270 169] 90 [409 170] 312 349 [2796 171] 560 3285 2674 2858 263 [1011 172] 263 2858 2674 1796 3300 391 [1847 173] 391 2026 2090 [2683 174] 2090 2827 2603 1073 665 3787 [2202 175] 3787 2606 [227 176] 1516 2209 513 1838 1841 [792 177] 1841 2864 3443 [589 178] 375 178 [816 179] 178 1241 3805 2834 1475 [486 180] 1475 2196 [2011 181] 814 [3169 182] 814 2011 2498 230 [299 183] 145 2158 [319 184] [1136 185] 3198 3322 1460 [1358 186] [3002 187] 2124 3789 3347 [2211 188] [3291 189] 2211 810 2265 364 [3605 190] 1116 [1571 191] 1608 1601 1604 1472 [591 192] 2483 810 1694 [3494 193] 1694 [2482 194] 1694 1389 3054 2854 [1209 195] 2467 2549 2607 [109 196] 2607 2855 2681 38 [3920 197] 38 2975 134 3285 [2674 198] 1796 1238 3003 2996 2276 [2675 199] [2980 200] 2831 T
1455
3202 373 2091 2053 2047 [2052 120] 3699 1716 369 [2765 121] 1020 581 [2766 122] 581 1443 [466 123] 1443 581 1020 2765 373 [2091 124] [2053 125] 1369 2036 [1727 126] 2036 1369 1455 2041 1847 1838 1396 [666 127] [443 128] 936 1817 [1825 129] 1817 1820 2664 1518 1515 [1520 130] 1515 1516 2207 2854 [3055 131] 2854 2207 1516 1515 1245 [482 132] [1245 133] [496 134] 1245 482 2492 2267 2541 991 3383 3385 [532 135] 1917 1863 [3380 136] 2651 1697 [3603 137] 1697 2272 2883 [2216 138] 2883 2839 [3221 139] 2839 [2883 140] 2272 [2570 141] 2272 2883 3313 3270 [1670 142] 2845 664 [1750 143] [2195 144] 2687 2507 454 347 [458 145] 3603 1697 2272 2883 [2839 146] 3221 216 715 [578 147] [715 148] 2122 1657 [36 149] 3055 2854 3054 1465 986 636 2217 3211 2566 [1273 150] [2566 151] 3211 3590 3009 [2421 152] 2376 1557 [2773 153] 1695 [378 154] 2492 2267 2541 954 [1925 155] 954 3780 [3090 156] 2375 1324 1093 2049 1370 [716 157] 1370 2049 3209 [650 158] 3491 2699 [3108 159] 2699 3491 3280 [3780 160] 954 1099 2997 [1751 161] 2997 2572 1371 [1072 162] 1371 2572 2997 [2433 163] 2997 [2572 164] [1646 165] 2498 230 923 922 934 [1790 166] 934 922 923 [460 167] 923 1033 1841 2003 [3885 168] 1959 1272 [2270 169] 90 [409 170] 312 349 [2796 171] 560 3285 2674 2858 263 [1011 172] 263 2858 2674 1796 3300 391 [1847 173] 391 2026 2090 [2683 174] 2090 2827 2603 1073 665 3787 [2202 175] 3787 2606 [227 176] 1516 2209 513 1838 1841 [792 177] 1841 2864 3443 [589 178] 375 178 [816 179] 178 1241 3805 2834 1475 [486 180] 1475 2196 [2011 181] 814 [3169 182] 814 2011 2498 230 [299 183] 145 2158 [319 184] [1136 185] 3198 3322 1460 [1358 186] [3002 187] 2124 3789 3347 [2211 188] [3291 189] 2211 810 2265 364 [3605 190] 1116 [1571 191] 1608 1601 1604 1472 [591 192] 2483 810 1694 [3494 193] 1694 [2482 194] 1694 1389 3054 2854 [1209 195] 2467 2549 2607 [109 196] 2607 2855 2681 38 [3920 197] 38 2975 134 3285 [2674 198] 1796 1238 3003 2996 2276 [2675 199] [2980 200] 2831 T
1452
2765 1020 581 1443 1282 [3701 121] 1282 1443 581 [2766 122] 581 1443 [466 123] 1443 581 1020 2765 373 [2091 124] [2053 125] 1369 2036 [1727 126] 2036 1369 1455 2041 1847 1838 1396 [666 127] [443 128] 936 1817 [1825 129] 1817 1820 2664 1518 1515 [1520 130] 1515 1516 2207 2854 [3055 131] 2854 2207 1516 1515 1245 [482 132] [1245 133] [496 134] 1245 482 2492 2267 2541 991 3383 3385 [532 135] 1917 1863 [3380 136] 2651 1697 [3603 137] 1697 2272 2883 [2216 138] 2883 2839 [3221 139] 2839 [2883 140] 2272 [2570 141] 2272 2883 3313 3270 [1670 142] 2845 664 [1750 143] [2195 144] 2687 2507 454 347 [458 145] 3603 1697 2272 2883 [2839 146] 3221 216 715 [578 147] [715 148] 2122 1657 [36 149] 3055 2854 3054 1465 986 636 2217 3211 2566 [1273 150] [2566 151] 3211 3590 3009 [2421 152] 2376 1557 [2773 153] 1695 [378 154] 2492 2267 2541 954 [1925 155] 954 3780 [3090 156] 2375 1324 1093 2049 1370 [716 157] 1370 2049 3209 [650 158] 3491 2699 [3108 159] 2699 3491 3280 [3780 160] 954 1099 2997 [1751 161] 2997 2572 1371 [1072 162] 1371 2572 2997 [2433 163] 2997 [2572 164] [1646 165] 2498 230 923 922 934 [1790 166] 934 922 923 [460 167] 923 1033 1841 2003 [3885 168] 1959 1272 [2270 169] 90 [409 170] 312 349 [2796 171] 560 3285 2674 2858 263 [1011 172] 263 2858 2674 1796 3300 391 [1847 173] 391 2026 2090 [2683 174] 2090 2827 2603 1073 665 3787 [2202 175] 3787 2606 [227 176] 1516 2209 513 1838 1841 [792 177] 1841 2864 3443 [589 178] 375 178 [816 179] 178 1241 3805 2834 1475 [486 180] 1475 2196 [2011 181] 814 [3169 182] 814 2011 2498 230 [299 183] 145 2158 [319 184] [1136 185] 3198 3322 1460 [1358 186] [3002 187] 2124 3789 3347 [2211 188] [3291 189] 2211 810 2265 364 [3605 190] 1116 [1571 191] 1608 1601 1604 1472 [591 192] 2483 810 1694 [3494 193] 1694 [2482 194] 1694 1389 3054 2854 [1209 195] 2467 2549 2607 [109 196] 2607 2855 2681 38 [3920 197] 38 2975 134 3285 [2674 198] 1796 1238 3003 2996 2276 [2675 199] [2980 200] 2831 T
1456
2766 581 1020 2767 3094 [2238 122] 135 917 1882 3383 [991 123] 2541 2267 2492 [3171 124] [840 125] 3171 120 1392 2739 1561 [3122 126] 2067 [87 127] [2376 128] 2856 2607 [1705 129] 2607 2855 2681 768 91 831 [842 130] 672 3018 2745 [120 131] 3171 2492 [482 132] [1245 133] [496 134] 1245 482 2492 2267 2541 991 3383 3385 [532 135] 1917 1863 [3380 136] 2651 1697 [3603 137] 1697 2272 2883 [2216 138] 2883 2839 [3221 139] 2839 [2883 140] 2272 [2570 141] 2272 2883 3313 3270 [1670 142] 2845 664 [1750 143] [2195 144] 2687 2507 454 347 [458 145] 3603 1697 2272 2883 [2839 146] 3221 216 715 [578 147] [715 148] 2122 1657 [36 149] 3055 2854 3054 1465 986 636 2217 3211 2566 [1273 150] [2566 151] 3211 3590 3009 [2421 152] 2376 1557 [2773 153] 1695 [378 154] 2492 2267 2541 954 [1925 155] 954 3780 [3090 156] 2375 1324 1093 2049 1370 [716 157] 1370 2049 3209 [650 158] 3491 2699 [3108 159] 2699 3491 3280 [3780 160] 954 1099 2997 [1751 161] 2997 2572 1371 [1072 162] 1371 2572 2997 [2433 163] 2997 [2572 164] [1646 165] 2498 230 923 922 934 [1790 166] 934 922 923 [460 167] 923 1033 1841 2003 [3885 168] 1959 1272 [2270 169] 90 [409 170] 312 349 [2796 171] 560 3285 2674 2858 263 [1011 172] 263 2858 2674 1796 3300 391 [1847 173] 391 2026 2090 [2683 174] 2090 2827 2603 1073 665 3787 [2202 175] 3787 2606 [227 176] 1516 2209 513 1838 1841 [792 177] 1841 2864 3443 [589 178] 375 178 [816 179] 178 1241 3805 2834 1475 [486 180] 1475 2196 [2011 181] 814 [3169 182] 814 2011 2498 230 [299 183] 145 2158 [319 184] [1136 185] 3198 3322 1460 [1358 186] [3002 187] 2124 3789 3347 [2211 188] [3291 189] 2211 810 2265 364 [3605 190] 1116 [1571 191] 1608 1601 1604 1472 [591 192] 2483 810 1694 [3494 193] 1694 [2482 194] 1694 1389 3054 2854 [1209 195] 2467 2549 2607 [109 196] 2607 2855 2681 38 [3920 197] 38 2975 134 3285 [2674 198] 1796 1238 3003 2996 2276 [2675 199] [2980 200] 2831 T
1453
466 1443 581 1020 2455 2806 2983 1882 3383 [991 123] 2541 2267 2492 [3171 124] [840 125] 3171 120 1392 2739 1561 [3122 126] 2067 [87 127] [2376 128] 2856 2607 [1705 129] 2607 2855 2681 768 91 831 [842 130] 672 3018 2745 [120 131] 3171 2492 [482 132] [1245 133] [496 134] 1245 482 2492 2267 2541 991 3383 3385 [532 135] 1917 1863 [3380 136] 2651 1697 [3603 137] 1697 2272 2883 [2216 138] 2883 2839 [3221 139] 2839 [2883 140] 2272 [2570 141] 2272 2883 3313 3270 [1670 142] 2845 664 [1750 143] [2195 144] 2687 2507 454 347 [458 145] 3603 1697 2272 2883 [2839 146] 3221 216 715 [578 147] [715 148] 2122 1657 [36 149] 3055 2854 3054 1465 986 636 2217 3211 2566 [1273 150] [2566 151] 3211 3590 3009 [2421 152] 2376 1557 [2773 153] 1695 [378 154] 2492 2267 2541 954 [1925 155] 954 3780 [3090 156] 2375 1324 1093 2049 1370 [716 157] 1370 2049 3209 [650 158] 3491 2699 [3108 159] 2699 3491 3280 [3780 160] 954 1099 2997 [1751 161] 2997 2572 1371 [1072 162] 1371 2572 2997 [2433 163] 2997 [2572 164] [1646 165] 2498 230 923 922 934 [1790 166] 934 922 923 [460 167] 923 1033 1841 2003 [3885 168] 1959 1272 [2270 169] 90 [409 170] 312 349 [2796 171] 560 3285 2674 2858 263 [1011 172] 263 2858 2674 1796 3300 391 [1847 173] 391 2026 2090 [2683 174] 2090 2827 2603 1073 665 3787 [2202 175] 3787 2606 [227 176] 1516 2209 513 1838 1841 [792 177] 1841 2864 3443 [589 178] 375 178 [816 179] 178 1241 3805 2834 1475 [486 180] 1475 2196 [2011 181] 814 [3169 182] 814 2011 2498 230 [299 183] 145 2158 [319 184] [1136 185] 3198 3322 1460 [1358 186] [3002 187] 2124 3789 3347 [2211 188] [3291 189] 2211 810 2265 364 [3605 190] 1116 [1571 191] 1608 1601 1604 1472 [591 192] 2483 810 1694 [3494 193] 1694 [2482 194] 1694 1389 3054 2854 [1209 195] 2467 2549 2607 [109 196] 2607 2855 2681 38 [3920 197] 38 2975 134 3285 [2674 198] 1796 1238 3003 2996 2276 [2675 199] [2980 200] 2831 T
1449
2091 373 [102 124] 912 [3180 125] 912 1561 [3122 126] 2067 [87 127] [2376 128] 2856 2607 [1705 129] 2607 2855 2681 768 91 831 [842 130] 672 3018 2745 [120 131] 3171 2492 [482 132] [1245 133] [496 134] 1245 482 2492 2267 2541 991 3383 3385 [532 135] 1917 1863 [3380 136] 2651 1697 [3603 137] 1697 2272 2883 [2216 138] 2883 2839 [3221 139] 2839 [2883 140] 2272 [2570 141] 2272 2883 3313 3270 [1670 142] 2845 664 [1750 143] [2195 144] 2687 2507 454 347 [458 145] 3603 1697 2272 2883 [2839 146] 3221 216 715 [578 147] [715 148] 2122 1657 [36 149] 3055 2854 3054 1465 986 636 2217 3211 2566 [1273 150] [2566 151] 3211 3590 3009 [2421 152] 2376 1557 [2773 153] 1695 [378 154] 2492 2267 2541 954 [1925 155] 954 3780 [3090 156] 2375 1324 1093 2049 1370 [716 157] 1370 2049 3209 [650 158] 3491 2699 [3108 159] 2699 3491 3280 [3780 160] 954 1099 2997 [1751 161] 2997 2572 1371 [1072 162] 1371 2572 2997 [2433 163] 2997 [2572 164] [1646 165] 2498 230 923 922 934 [1790 166] 934 922 923 [460 167] 923 1033 1841 2003 [3885 168] 1959 1272 [2270 169] 90 [409 170] 312 349 [2796 171] 560 3285 2674 2858 263 [1011 172] 263 2858 2674 1796 3300 391 [1847 173] 391 2026 2090 [2683 174] 2090 2827 2603 1073 665 3787 [2202 175] 3787 2606 [227 176] 1516 2209 513 1838 1841 [792 177] 1841 2864 3443 [589 178] 375 178 [816 179] 178 1241 3805 2834 1475 [486 180] 1475 2196 [2011 181] 814 [3169 182] 814 2011 2498 230 [299 183] 145 2158 [319 184] [1136 185] 3198 3322 1460 [1358 186] [3002 187] 2124 3789 3347 [2211 188] [3291 189] 2211 810 2265 364 [3605 190] 1116 [1571 191] 1608 1601 1604 1472 [591 192] 2483 810 1694 [3494 193] 1694 [2482 194] 1694 1389 3054 2854 [1209 195] 2467 2549 2607 [109 196] 2607 2855 2681 38 [3920 197] 38 2975 134 3285 [2674 198] 1796 1238 3003 2996 2276 [2675 199] [2980 200] 2831 T
1446
2053 1369 [1455 125] 1369 2036 [1727 126] 2036 1369 1455 2041 1847 1838 1396 [666 127] [443 128] 936 1817 [1825 129] 1817 1820 2664 1518 1515 [1520 130] 1515 1516 2207 2854 [3055 131] 2854 2207 1516 1515 1245 [482 132] [1245 133] [496 134] 1245 482 2492 2267 2541 991 3383 3385 [532 135] 1917 1863 [3380 136] 2651 1697 [3603 137] 1697 2272 2883 [2216 138] 2883 2839 [3221 139] 2839 [2883 140] 2272 [2570 141] 2272 2883 3313 3270 [1670 142] 2845 664 [1750 143] [2195 144] 2687 2507 454 347 [458 145] 3603 1697 2272 2883 [2839 146] 3221 216 715 [578 147] [715 148] 2122 1657 [36 149] 3055 2854 3054 1465 986 636 2217 3211 2566 [1273 150] [2566 151] 3211 3590 3009 [2421 152] 2376 1557 [2773 153] 1695 [378 154] 2492 2267 2541 954 [1925 155] 954 3780 [3090 156] 2375 1324 1093 2049 1370 [716 157] 1370 2049 3209 [650 158] 3491 2699 [3108 159] 2699 3491 3280 [3780 160] 954 1099 2997 [1751 161] 2997 2572 1371 [1072 162] 1371 2572 2997 [2433 163] 2997 [2572 164] [1646 165] 2498 230 923 922 934 [1790 166] 934 922 923 [460 167] 923 1033 1841 2003 [3885 168] 1959 1272 [2270 169] 90 [409 170] 312 349 [2796 171] 560 3285 2674 2858 263 [1011 172] 263 2858 2674 1796 3300 391 [1847 173] 391 2026 2090 [2683 174] 2090 2827 2603 1073 665 3787 [2202 175] 3787 2606 [227 176] 1516 2209 513 1838 1841 [792 177] 1841 2864 3443 [589 178] 375 178 [816 179] 178 1241 3805 2834 1475 [486 180] 1475 2196 [2011 181] 814 [3169 182] 814 2011 2498 230 [299 183] 145 2158 [319 184] [1136 185] 3198 3322 1460 [1358 186] [3002 187] 2124 3789 3347 [2211 188] [3291 189] 2211 810 2265 364 [3605 190] 1116 [1571 191] 1608 1601 1604 1472 [591 192] 2483 810 1694 [3494 193] 1694 [2482 194] 1694 1389 3054 2854 [1209 195] 2467 2549 2607 [109 196] 2607 2855 2681 38 [3920 197] 38 2975 134 3285 [2674 198] 1796 1238 3003 2996 2276 [2675 199] [2980 200] 2831 T
1451
1906 312 349 2796 [1862 126] 1571 [87 127] [2376 128] 2856 2607 [1705 129] 2607 2855 2681 768 91 831 [842 130] 672 3018 2745 [120 131] 3171 2492 [482 132] [1245 133] [496 134] 1245 482 2492 2267 2541 991 3383 3385 [532 135] 1917 1863 [3380 136] 2651 1697 [3603 137] 1697 2272 2883 [2216 138] 2883 2839 [3221 139] 2839 [2883 140] 2272 [2570 141] 2272 2883 3313 3270 [1670 142] 2845 664 [1750 143] [2195 144] 2687 2507 454 347 [458 145] 3603 1697 2272 2883 [2839 146] 3221 216 715 [578 147] [715 148] 2122 1657 [36 149] 3055 2854 3054 1465 986 636 2217 3211 2566 [1273 150] [2566 151] 3211 3590 3009 [2421 152] 2376 1557 [2773 153] 1695 [378 154] 2492 2267 2541 954 [1925 155] 954 3780 [3090 156] 2375 1324 1093 2049 1370 [716 157] 1370 2049 3209 [650 158] 3491 2699 [3108 159] 2699 3491 3280 [3780 160] 954 1099 2997 [1751 161] 2997 2572 1371 [1072 162] 1371 2572 2997 [2433 163] 2997 [2572 164] [1646 165] 2498 230 923 922 934 [1790 166] 934 922 923 [460 167] 923 1033 1841 2003 [3885 168] 1959 1272 [2270 169] 90 [409 170] 312 349 [2796 171] 560 3285 2674 2858 263 [1011 172] 263 2858 2674 1796 3300 391 [1847 173] 391 2026 2090 [2683 174] 2090 2827 2603 1073 665 3787 [2202 175] 3787 2606 [227 176] 1516 2209 513 1838 1841 [792 177] 1841 2864 3443 [589 178] 375 178 [816 179] 178 1241 3805 2834 1475 [486 180] 1475 2196 [2011 181] 814 [3169 182] 814 2011 2498 230 [299 183] 145 2158 [319 184] [1136 185] 3198 3322 1460 [1358 186] [3002 187] 2124 3789 3347 [2211 188] [3291 189] 2211 810 2265 364 [3605 190] 1116 [1571 191] 1608 1601 1604 1472 [591 192] 2483 810 1694 [3494 193] 1694 [2482 194] 1694 1389 3054 2854 [1209 195] 2467 2549 2607 [109 196] 2607 2855 2681 38 [3920 197] 38 2975 134 3285 [2674 198] 1796 1238 3003 2996 2276 [2675 199] [2980 200] 2831 T
1454
87 2376 2856 249 3722 1396 [666 127] [443 128] 936 1817 [1825 129] 1817 1820 2664 1518 1515 [1520 130] 1515 1516 2207 2854 [3055 131] 2854 2207 1516 1515 1245 [482 132] [1245 133] [496 134] 1245 482 2492 2267 2541 991 3383 3385 [532 135] 1917 1863 [3380 136] 2651 1697 [3603 137] 1697 2272 2883 [2216 138] 2883 2839 [3221 139] 2839 [2883 140] 2272 [2570 141] 2272 2883 3313 3270 [1670 142] 2845 664 [1750 143] [2195 144] 2687 2507 454 347 [458 145] 3603 1697 2272 2883 [2839 146] 3221 216 715 [578 147] [715 148] 2122 1657 [36 149] 3055 2854 3054 1465 986 636 2217 3211 2566 [1273 150] [2566 151] 3211 3590 3009 [2421 152] 2376 1557 [2773 153] 1695 [378 154] 2492 2267 2541 954 [1925 155] 954 3780 [3090 156] 2375 1324 1093 2049 1370 [716 157] 1370 2049 3209 [650 158] 3491 2699 [3108 159] 2699 3491 3280 [3780 160] 954 1099 2997 [1751 161] 2997 2572 1371 [1072 162] 1371 2572 2997 [2433 163] 2997 [2572 164] [1646 165] 2498 230 923 922 934 [1790 166] 934 922 923 [460 167] 923 1033 1841 2003 [3885 168] 1959 1272 [2270 169] 90 [409 170] 312 349 [2796 171] 560 3285 2674 2858 263 [1011 172] 263 2858 2674 1796 3300 391 [1847 173] 391 2026 2090 [2683 174] 2090 2827 2603 1073 665 3787 [2202 175] 3787 2606 [227 176] 1516 2209 513 1838 1841 [792 177] 1841 2864 3443 [589 178] 375 178 [816 179] 178 1241 3805 2834 1475 [486 180] 1475 2196 [2011 181] 814 [3169 182] 814 2011 2498 230 [299 183] 145 2158 [319 184] [1136 185] 3198 3322 1460 [1358 186] [3002 187] 2124 3789 3347 [2211 188] [3291 189] 2211 810 2265 364 [3605 190] 1116 [1571 191] 1608 1601 1604 1472 [591 192] 2483 810 1694 [3494 193] 1694 [2482 194] 1694 1389 3054 2854 [1209 195] 2467 2549 2607 [109 196] 2607 2855 2681 38 [3920 197] 38 2975 134 3285 [2674 198] 1796 1238 3003 2996 2276 [2675 199] [2980 200] 2831 T
1453
2376 3920 38 2975 1910 2650 241 [443 128] 936 1817 [1825 129] 1817 1820 2664 1518 1515 [1520 130] 1515 1516 2207 2854 [3055 131] 2854 2207 1516 1515 1245 [482 132] [1245 133] [496 134] 1245 482 2492 2267 2541 991 3383 3385 [532 135] 1917 1863 [3380 136] 2651 1697 [3603 137] 1697 2272 2883 [2216 138] 2883 2839 [3221 139] 2839 [2883 140] 2272 [2570 141] 2272 2883 3313 3270 [1670 142] 2845 664 [1750 143] [2195 144] 2687 2507 454 347 [458 145] 3603 1697 2272 2883 [2839 146] 3221 216 715 [578 147] [715 148] 2122 1657 [36 149] 3055 2854 3054 1465 986 636 2217 3211 2566 [1273 150] [2566 151] 3211 3590 3009 [2421 152] 2376 1557 [2773 153] 1695 [378 154] 2492 2267 2541 954 [1925 155] 954 3780 [3090 156] 2375 1324 1093 2049 1370 [716 157] 1370 2049 3209 [650 158] 3491 2699 [3108 159] 2699 3491 3280 [3780 160] 954 1099 2997 [1751 161] 2997 2572 1371 [1072 162] 1371 2572 2997 [2433 163] 2997 [2572 164] [1646 165] 2498 230 923 922 934 [1790 166] 934 922 923 [460 167] 923 1033 1841 2003 [3885 168] 1959 1272 [2270 169] 90 [409 170] 312 349 [2796 171] 560 3285 2674 2858 263 [1011 172] 263 2858 2674 1796 3300 391 [1847 173] 391 2026 2090 [2683 174] 2090 2827 2603 1073 665 3787 [2202 175] 3787 2606 [227 176] 1516 2209 513 1838 1841 [792 177] 1841 2864 3443 [589 178] 375 178 [816 179] 178 1241 3805 2834 1475 [486 180] 1475 2196 [2011 181] 814 [3169 182] 814 2011 2498 230 [299 183] 145 2158 [319 184] [1136 185] 3198 3322 1460 [1358 186] [3002 187] 2124 3789 3347 [2211 188] [3291 189] 2211 810 2265 364 [3605 190] 1116 [1571 191] 1608 1601 1604 1472 [591 192] 2483 810 1694 [3494 193] 1694 [2482 194] 1694 1389 3054 2854 [1209 195] 2467 2549 2607 [109 196] 2607 2855 2681 38 [3920 197] 38 2975 134 3285 [2674 198] 1796 1238 3003 2996 2276 [2675 199] [2980 200] 2831 T
1446
1705 2640 2973 2488 [1824 129] 2488 1119 [842 130] 672 3018 2745 [120 131] 3171 2492 [482 132] [1245 133] [496 134] 1245 482 2492 2267 2541 991 3383 3385 [532 135] 1917 1863 [3380 136] 2651 1697 [3603 137] 1697 2272 2883 [2216 138] 2883 2839 [3221 139] 2839 [2883 140] 2272 [2570 141] 2272 2883 3313 3270 [1670 142] 2845 664 [1750 143] [2195 144] 2687 2507 454 347 [458 145] 3603 1697 2272 2883 [2839 146] 3221 216 715 [578 147] [715 148] 2122 1657 [36 149] 3055 2854 3054 1465 986 636 2217 3211 2566 [1273 150] [2566 151] 3211 3590 3009 [2421 152] 2376 1557 [2773 153] 1695 [378 154] 2492 2267 2541 954 [1925 155] 954 3780 [3090 156] 2375 1324 1093 2049 1370 [716 157] 1370 2049 3209 [650 158] 3491 2699 [3108 159] 2699 3491 3280 [3780 160] 954 1099 2997 [1751 161] 2997 2572 1371 [1072 162] 1371 2572 2997 [2433 163] 2997 [2572 164] [1646 165] 2498 230 923 922 934 [1790 166] 934 922 923 [460 167] 923 1033 1841 2003 [3885 168] 1959 1272 [2270 169] 90 [409 170] 312 349 [2796 171] 560 3285 2674 2858 263 [1011 172] 263 2858 2674 1796 3300 391 [1847 173] 391 2026 2090 [2683 174] 2090 2827 2603 1073 665 3787 [2202 175] 3787 2606 [227 176] 1516 2209 513 1838 1841 [792 177] 1841 2864 3443 [589 178] 375 178 [816 179] 178 1241 3805 2834 1475 [486 180] 1475 2196 [2011 181] 814 [3169 182] 814 2011 2498 230 [299 183] 145 2158 [319 184] [1136 185] 3198 3322 1460 [1358 186] [3002 187] 2124 3789 3347 [2211 188] [3291 189] 2211 810 2265 364 [3605 190] 1116 [1571 191] 1608 1601 1604 1472 [591 192] 2483 810 1694 [3494 193] 1694 [2482 194] 1694 1389 3054 2854 [1209 195] 2467 2549 2607 [109 196] 2607 2855 2681 38 [3920 197] 38 2975 134 3285 [2674 198] 1796 1238 3003 2996 2276 [2675 199] [2980 200] 2831 T
1454
842 3685 3068 3212 1245 1515 [1520 130] 1515 1516 2207 2854 [3055 131] 2854 2207 1516 1515 1245 [482 132] [1245 133] [496 134] 1245 482 2492 2267 2541 991 3383 3385 [532 135] 1917 1863 [3380 136] 2651 1697 [3603 137] 1697 2272 2883 [2216 138] 2883 2839 [3221 139] 2839 [2883 140] 2272 [2570 141] 2272 2883 3313 3270 [1670 142] 2845 664 [1750 143] [2195 144] 2687 2507 454 347 [458 145] 3603 1697 2272 2883 [2839 146] 3221 216 715 [578 147] [715 148] 2122 1657 [36 149] 3055 2854 3054 1465 986 636 2217 3211 2566 [1273 150] [2566 151] 3211 3590 3009 [2421 152] 2376 1557 [2773 153] 1695 [378 154] 2492 2267 2541 954 [1925 155] 954 3780 [3090 156] 2375 1324 1093 2049 1370 [716 157] 1370 2049 3209 [650 158] 3491 2699 [3108 159] 2699 3491 3280 [3780 160] 954 1099 2997 [1751 161] 2997 2572 1371 [1072 162] 1371 2572 2997 [2433 163] 2997 [2572 164] [1646 165] 2498 230 923 922 934 [1790 166] 934 922 923 [460 167] 923 1033 1841 2003 [3885 168] 1959 1272 [2270 169] 90 [409 170] 312 349 [2796 171] 560 3285 2674 2858 263 [1011 172] 263 2858 2674 1796 3300 391 [1847 173] 391 2026 2090 [2683 174] 2090 2827 2603 1073 665 3787 [2202 175] 3787 2606 [227 176] 1516 2209 513 1838 1841 [792 177] 1841 2864 3443 [589 178] 375 178 [816 179] 178 1241 3805 2834 1475 [486 180] 1475 2196 [2011 181] 814 [3169 182] 814 2011 2498 230 [299 183] 145 2158 [319 184] [1136 185] 3198 3322 1460 [1358 186] [3002 187] 2124 3789 3347 [2211 188] [3291 189] 2211 810 2265 364 [3605 190] 1116 [1571 191] 1608 1601 1604 1472 [591 192] 2483 810 1694 [3494 193] 1694 [2482 194] 1694 1389 3054 2854 [1209 195] 2467 2549 2607 [109 196] 2607 2855 2681 38 [3920 197] 38 2975 134 3285 [2674 198] 1796 1238 3003 2996 2276 [2675 199] [2980 200] 2831 T
1454
120 3171 2492 3404 [2857 131] 3404 2492 [482 132] [1245 133] [496 134] 1245 482 2492 2267 2541 991 3383 3385 [532 135] 1917 1863 [3380 136] 2651 1697 [3603 137] 1697 2272 2883 [2216 138] 2883 2839 [3221 139] 2839 [2883 140] 2272 [2570 141] 2272 2883 3313 3270 [1670 142] 2845 664 [1750 143] [2195 144] 2687 2507 454 347 [458 145] 3603 1697 2272 2883 [2839 146] 3221 216 715 [578 147] [715 148] 2122 1657 [36 149] 3055 2854 3054 1465 986 636 2217 3211 2566 [1273 150] [2566 151] 3211 3590 3009 [2421 152] 2376 1557 [2773 153] 1695 [378 154] 2492 2267 2541 954 [1925 155] 954 3780 [3090 156] 2375 1324 1093 2049 1370 [716 157] 1370 2049 3209 [650 158] 3491 2699 [3108 159] 2699 3491 3280 [3780 160] 954 1099 2997 [1751 161] 2997 2572 1371 [1072 162] 1371 2572 2997 [2433 163] 2997 [2572 164] [1646 165] 2498 230 923 922 934 [1790 166] 934 922 923 [460 167] 923 1033 1841 2003 [3885 168] 1959 1272 [2270 169] 90 [409 170] 312 349 [2796 171] 560 3285 2674 2858 263 [1011 172] 263 2858 2674 1796 3300 391 [1847 173] 391 2026 2090 [2683 174] 2090 2827 2603 1073 665 3787 [2202 175] 3787 2606 [227 176] 1516 2209 513 1838 1841 [792 177] 1841 2864 3443 [589 178] 375 178 [816 179] 178 1241 3805 2834 1475 [486 180] 1475 2196 [2011 181] 814 [3169 182] 814 2011 2498 230 [299 183] 145 2158 [319 184] [1136 185] 3198 3322 1460 [1358 186] [3002 187] 2124 3789 3347 [2211 188] [3291 189] 2211 810 2265 364 [3605 190] 1116 [1571 191] 1608 1601 1604 1472 [591 192] 2483 810 1694 [3494 193] 1694 [2482 194] 1694 1389 3054 2854 [1209 195] 2467 2549 2607 [109 196] 2607 2855 2681 38 [3920 197] 38 2975 134 3285 [2674 198] 1796 1238 3003 2996 2276 [2675 199] [2980 200] 2831 T
1457
482 1245 496 1854 154 [1031 132] 1404 1643 [2431 133] 2294 [3777 134] 2294 2593 [3181 135] [910 136] 2770 814 2011 2498 2272 1697 [3603 137] 1697 2272 2883 [2216 138] 2883 2839 [3221 139] 2839 [2883 140] 2272 [2570 141] 2272 2883 3313 3270 [1670 142] 2845 664 [1750 143] [2195 144] 2687 2507 454 347 [458 145] 3603 1697 2272 2883 [2839 146] 3221 216 715 [578 147] [715 148] 2122 1657 [36 149] 3055 2854 3054 1465 986 636 2217 3211 2566 [1273 150] [2566 151] 3211 3590 3009 [2421 152] 2376 1557 [2773 153] 1695 [378 154] 2492 2267 2541 954 [1925 155] 954 3780 [3090 156] 2375 1324 1093 2049 1370 [716 157] 1370 2049 3209 [650 158] 3491 2699 [3108 159] 2699 3491 3280 [3780 160] 954 1099 2997 [1751 161] 2997 2572 1371 [1072 162] 1371 2572 2997 [2433 163] 2997 [2572 164] [1646 165] 2498 230 923 922 934 [1790 166] 934 922 923 [460 167] 923 1033 1841 2003 [3885 168] 1959 1272 [2270 169] 90 [409 170] 312 349 [2796 171] 560 3285 2674 2858 263 [1011 172] 263 2858 2674 1796 3300 391 [1847 173] 391 2026 2090 [2683 174] 2090 2827 2603 1073 665 3787 [2202 175] 3787 2606 [227 176] 1516 2209 513 1838 1841 [792 177] 1841 2864 3443 [589 178] 375 178 [816 179] 178 1241 3805 2834 1475 [486 180] 1475 2196 [2011 181] 814 [3169 182] 814 2011 2498 230 [299 183] 145 2158 [319 184] [1136 185] 3198 3322 1460 [1358 186] [3002 187] 2124 3789 3347 [2211 188] [3291 189] 2211 810 2265 364 [3605 190] 1116 [1571 191] 1608 1601 1604 1472 [591 192] 2483 810 1694 [3494 193] 1694 [2482 194] 1694 1389 3054 2854 [1209 195] 2467 2549 2607 [109 196] 2607 2855 2681 38 [3920 197] 38 2975 134 3285 [2674 198] 1796 1238 3003 2996 2276 [2675 199] [2980 200] 2831 T
1454
1245 482 797 2307 2257 1844 [1212 133] 512 [483 134] 577 444 [2704 135] 444 577 3190 [3047 136] 3190 577 2216 2883 2272 1697 [3603 137] 1697 2272 2883 [2216 138] 2883 2839 [3221 139] 2839 [2883 140] 2272 [2570 141] 2272 2883 3313 3270 [1670 142] 2845 664 [1750 143] [2195 144] 2687 2507 454 347 [458 145] 3603 1697 2272 2883 [2839 146] 3221 216 715 [578 147] [715 148] 2122 1657 [36 149] 3055 2854 3054 1465 986 636 2217 3211 2566 [1273 150] [2566 151] 3211 3590 3009 [2421 152] 2376 1557 [2773 153] 1695 [378 154] 2492 2267 2541 954 [1925 155] 954 3780 [3090 156] 2375 1324 1093 2049 1370 [716 157] 1370 2049 3209 [650 158] 3491 2699 [3108 159] 2699 3491 3280 [3780 160] 954 1099 2997 [1751 161] 2997 2572 1371 [1072 162] 1371 2572 2997 [2433 163] 2997 [2572 164] [1646 165] 2498 230 923 922 934 [1790 166] 934 922 923 [460 167] 923 1033 1841 2003 [3885 168] 1959 1272 [2270 169] 90 [409 170] 312 349 [2796 171] 560 3285 2674 2858 263 [1011 172] 263 2858 2674 1796 3300 391 [1847 173] 391 2026 2090 [2683 174] 2090 2827 2603 1073 665 3787 [2202 175] 3787 2606 [227 176] 1516 2209 513 1838 1841 [792 177] 1841 2864 3443 [589 178] 375 178 [816 179] 178 1241 3805 2834 1475 [486 180] 1475 2196 [2011 181] 814 [3169 182] 814 2011 2498 230 [299 183] 145 2158 [319 184] [1136 185] 3198 3322 1460 [1358 186] [3002 187] 2124 3789 3347 [2211 188] [3291 189] 2211 810 2265 364 [3605 190] 1116 [1571 191] 1608 1601 1604 1472 [591 192] 2483 810 1694 [3494 193] 1694 [2482 194] 1694 1389 3054 2854 [1209 195] 2467 2549 2607 [109 196] 2607 2855 2681 38 [3920 197] 38 2975 134 3285 [2674 198] 1796 1238 3003 2996 2276 [2675 199] [2980 200] 2831 T
1450
496 1245 1515 1516 2209 513 3085 3769 [426 134] 2025 1314 3160 [532 135] 1917 1863 [3380 136] 2651 1697 [3603 137] 1697 2272 2883 [2216 138] 2883 2839 [3221 139] 2839 [2883 140] 2272 [2570 141] 2272 2883 3313 3270 [1670 142] 2845 664 [1750 143] [2195 144] 2687 2507 454 347 [458 145] 3603 1697 2272 2883 [2839 146] 3221 216 715 [578 147] [715 148] 2122 1657 [36 149] 3055 2854 3054 1465 986 636 2217 3211 2566 [1273 150] [2566 151] 3211 3590 3009 [2421 152] 2376 1557 [2773 153] 1695 [378 154] 2492 2267 2541 954 [1925 155] 954 3780 [3090 156] 2375 1324 1093 2049 1370 [716 157] 1370 2049 3209 [650 158] 3491 2699 [3108 159] 2699 3491 3280 [3780 160] 954 1099 2997 [1751 161] 2997 2572 1371 [1072 162] 1371 2572 2997 [2433 163] 2997 [2572 164] [1646 165] 2498 230 923 922 934 [1790 166] 934 922 923 [460 167] 923 1033 1841 2003 [3885 168] 1959 1272 [2270 169] 90 [409 170] 312 349 [2796 171] 560 3285 2674 2858 263 [1011 172] 263 2858 2674 1796 3300 391 [1847 173] 391 2026 2090 [2683 174] 2090 2827 2603 1073 665 3787 [2202 175] 3787 2606 [227 176] 1516 2209 513 1838 1841 [792 177] 1841 2864 3443 [589 178] 375 178 [816 179] 178 1241 3805 2834 1475 [486 180] 1475 2196 [2011 181] 814 [3169 182] 814 2011 2498 230 [299 183] 145 2158 [319 184] [1136 185] 3198 3322 1460 [1358 186] [3002 187] 2124 3789 3347 [2211 188] [3291 189] 2211 810 2265 364 [3605 190] 1116 [1571 191] 1608 1601 1604 1472 [591 192] 2483 810 1694 [3494 193] 1694 [2482 194] 1694 1389 3054 2854 [1209 195] 2467 2549 2607 [109 196] 2607 2855 2681 38 [3920 197] 38 2975 134 3285 [2674 198] 1796 1238 3003 2996 2276 [2675 199] [2980 200] 2831 T
1448
1471 1597 [136 135] 1597 1471 2201 2018 733 [3145 136] [741 137] 3145 733 3143 2339 3216 2883 [2216 138] 2883 2839 [3221 139] 2839 [2883 140] 2272 [2570 141] 2272 2883 3313 3270 [1670 142] 2845 664 [1750 143] [2195 144] 2687 2507 454 347 [458 145] 3603 1697 2272 2883 [2839 146] 3221 216 715 [578 147] [715 148] 2122 1657 [36 149] 3055 2854 3054 1465 986 636 2217 3211 2566 [1273 150] [2566 151] 3211 3590 3009 [2421 152] 2376 1557 [2773 153] 1695 [378 154] 2492 2267 2541 954 [1925 155] 954 3780 [3090 156] 2375 1324 1093 2049 1370 [716 157] 1370 2049 3209 [650 158] 3491 2699 [3108 159] 2699 3491 3280 [3780 160] 954 1099 2997 [1751 161] 2997 2572 1371 [1072 162] 1371 2572 2997 [2433 163] 2997 [2572 164] [1646 165] 2498 230 923 922 934 [1790 166] 934 922 923 [460 167] 923 1033 1841 2003 [3885 168] 1959 1272 [2270 169] 90 [409 170] 312 349 [2796 171] 560 3285 2674 2858 263 [1011 172] 263 2858 2674 1796 3300 391 [1847 173] 391 2026 2090 [2683 174] 2090 2827 2603 1073 665 3787 [2202 175] 3787 2606 [227 176] 1516 2209 513 1838 1841 [792 177] 1841 2864 3443 [589 178] 375 178 [816 179] 178 1241 3805 2834 1475 [486 180] 1475 2196 [2011 181] 814 [3169 182] 814 2011 2498 230 [299 183] 145 2158 [319 184] [1136 185] 3198 3322 1460 [1358 186] [3002 187] 2124 3789 3347 [2211 188] [3291 189] 2211 810 2265 364 [3605 190] 1116 [1571 191] 1608 1601 1604 1472 [591 192] 2483 810 1694 [3494 193] 1694 [2482 194] 1694 1389 3054 2854 [1209 195] 2467 2549 2607 [109 196] 2607 2855 2681 38 [3920 197] 38 2975 134 3285 [2674 198] 1796 1238 3003 2996 2276 [2675 199] [2980 200] 2831 T
1457
3145 733 2018 [2041 136] 1292 1768 [933 137] 1288 675 1817 [1826 138] 1817 1820 [3221 139] 2839 [2883 140] 2272 [2570 141] 2272 2883 3313 3270 [1670 142] 2845 664 [1750 143] [2195 144] 2687 2507 454 347 [458 145] 3603 1697 2272 2883 [2839 146] 3221 216 715 [578 147] [715 148] 2122 1657 [36 149] 3055 2854 3054 1465 986 636 2217 3211 2566 [1273 150] [2566 151] 3211 3590 3009 [2421 152] 2376 1557 [2773 153] 1695 [378 154] 2492 2267 2541 954 [1925 155] 954 3780 [3090 156] 2375 1324 1093 2049 1370 [716 157] 1370 2049 3209 [650 158] 3491 2699 [3108 159] 2699 3491 3280 [3780 160] 954 1099 2997 [1751 161] 2997 2572 1371 [1072 162] 1371 2572 2997 [2433 163] 2997 [2572 164] [1646 165] 2498 230 923 922 934 [1790 166] 934 922 923 [460 167] 923 1033 1841 2003 [3885 168] 1959 1272 [2270 169] 90 [409 170] 312 349 [2796 171] 560 3285 2674 2858 263 [1011 172] 263 2858 2674 1796 3300 391 [1847 173] 391 2026 2090 [2683 174] 2090 2827 2603 1073 665 3787 [2202 175] 3787 2606 [227 176] 1516 2209 513 1838 1841 [792 177] 1841 2864 3443 [589 178] 375 178 [816 179] 178 1241 3805 2834 1475 [486 180] 1475 2196 [2011 181] 814 [3169 182] 814 2011 2498 230 [299 183] 145 2158 [319 184] [1136 185] 3198 3322 1460 [1358 186] [3002 187] 2124 3789 3347 [2211 188] [3291 189] 2211 810 2265 364 [3605 190] 1116 [1571 191] 1608 1601 1604 1472 [591 192] 2483 810 1694 [3494 193] 1694 [2482 194] 1694 1389 3054 2854 [1209 195] 2467 2549 2607 [109 196] 2607 2855 2681 38 [3920 197] 38 2975 134 3285 [2674 198] 1796 1238 3003 2996 2276 [2675 199] [2980 200] 2831 T
1449
741 1778 212 1768 [933 137] 1288 675 1817 [1826 138] 1817 1820 [3221 139] 2839 [2883 140] 2272 [2570 141] 2272 2883 3313 3270 [1670 142] 2845 664 [1750 143] [2195 144] 2687 2507 454 347 [458 145] 3603 1697 2272 2883 [2839 146] 3221 216 715 [578 147] [715 148] 2122 1657 [36 149] 3055 2854 3054 1465 986 636 2217 3211 2566 [1273 150] [2566 151] 3211 3590 3009 [2421 152] 2376 1557 [2773 153] 1695 [378 154] 2492 2267 2541 954 [1925 155] 954 3780 [3090 156] 2375 1324 1093 2049 1370 [716 157] 1370 2049 3209 [650 158] 3491 2699 [3108 159] 2699 3491 3280 [3780 160] 954 1099 2997 [1751 161] 2997 2572 1371 [1072 162] 1371 2572 2997 [2433 163] 2997 [2572 164] [1646 165] 2498 230 923 922 934 [1790 166] 934 922 923 [460 167] 923 1033 1841 2003 [3885 168] 1959 1272 [2270 169] 90 [409 170] 312 349 [2796 171] 560 3285 2674 2858 263 [1011 172] 263 2858 2674 1796 3300 391 [1847 173] 391 2026 2090 [2683 174] 2090 2827 2603 1073 665 3787 [2202 175] 3787 2606 [227 176] 1516 2209 513 1838 1841 [792 177] 1841 2864 3443 [589 178] 375 178 [816 179] 178 1241 3805 2834 1475 [486 180] 1475 2196 [2011 181] 814 [3169 182] 814 2011 2498 230 [299 183] 145 2158 [319 184] [1136 185] 3198 3322 1460 [1358 186] [3002 187] 2124 3789 3347 [2211 188] [3291 189] 2211 810 2265 364 [3605 190] 1116 [1571 191] 1608 1601 1604 1472 [591 192] 2483 810 1694 [3494 193] 1694 [2482 194] 1694 1389 3054 2854 [1209 195] 2467 2549 2607 [109 196] 2607 2855 2681 38 [3920 197] 38 2975 134 3285 [2674 198] 1796 1238 3003 2996 2276 [2675 199] [2980 200] 2831 T
1452
2216 2883 2839 3221 1820 1817 [1826 138] 1817 1820 [3221 139] 2839 [2883 140] 2272 [2570 141] 2272 2883 3313 3270 [1670 142] 2845 664 [1750 143] [2195 144] 2687 2507 454 347 [458 145] 3603 1697 2272 2883 [2839 146] 3221 216 715 [578 147] [715 148] 2122 1657 [36 149] 3055 2854 3054 1465 986 636 2217 3211 2566 [1273 150] [2566 151] 3211 3590 3009 [2421 152] 2376 1557 [2773 153] 1695 [378 154] 2492 2267 2541 954 [1925 155] 954 3780 [3090 156] 2375 1324 1093 2049 1370 [716 157] 1370 2049 3209 [650 158] 3491 2699 [3108 159] 2699 3491 3280 [3780 160] 954 1099 2997 [1751 161] 2997 2572 1371 [1072 162] 1371 2572 2997 [2433 163] 2997 [2572 164] [1646 165] 2498 230 923 922 934 [1790 166] 934 922 923 [460 167] 923 1033 1841 2003 [3885 168] 1959 1272 [2270 169] 90 [409 170] 312 349 [2796 171] 560 3285 2674 2858 263 [1011 172] 263 2858 2674 1796 3300 391 [1847 173] 391 2026 2090 [2683 174] 2090 2827 2603 1073 665 3787 [2202 175] 3787 2606 [227 176] 1516 2209 513 1838 1841 [792 177] 1841 2864 3443 [589 178] 375 178 [816 179] 178 1241 3805 2834 1475 [486 180] 1475 2196 [2011 181] 814 [3169 182] 814 2011 2498 230 [299 183] 145 2158 [319 184] [1136 185] 3198 3322 1460 [1358 186] [3002 187] 2124 3789 3347 [2211 188] [3291 189] 2211 810 2265 364 [3605 190] 1116 [1571 191] 1608 1601 1604 1472 [591 192] 2483 810 1694 [3494 193] 1694 [2482 194] 1694 1389 3054 2854 [1209 195] 2467 2549 2607 [109 196] 2607 2855 2681 38 [3920 197] 38 2975 134 3285 [2674 198] 1796 1238 3003 2996 2276 [2675 199] [2980 200] 2831 T
1452
3221 2839 2883 2272 2583 2741 [2947 139] 2741 2583 2272 [2883 140] 2272 [2570 141] 2272 2883 3313 3270 [1670 142] 2845 664 [1750 143] [2195 144] 2687 2507 454 347 [458 145] 3603 1697 2272 2883 [2839 146] 3221 216 715 [578 147] [715 148] 2122 1657 [36 149] 3055 2854 3054 1465 986 636 2217 3211 2566 [1273 150] [2566 151] 3211 3590 3009 [2421 152] 2376 1557 [2773 153] 1695 [378 154] 2492 2267 2541 954 [1925 155] 954 3780 [3090 156] 2375 1324 1093 2049 1370 [716 157] 1370 2049 3209 [650 158] 3491 2699 [3108 159] 2699 3491 3280 [3780 160] 954 1099 2997 [1751 161] 2997 2572 1371 [1072 162] 1371 2572 2997 [2433 163] 2997 [2572 164] [1646 165] 2498 230 923 922 934 [1790 166] 934 922 923 [460 167] 923 1033 1841 2003 [3885 168] 1959 1272 [2270 169] 90 [409 170] 312 349 [2796 171] 560 3285 2674 2858 263 [1011 172] 263 2858 2674 1796 3300 391 [1847 173] 391 2026 2090 [2683 174] 2090 2827 2603 1073 665 3787 [2202 175] 3787 2606 [227 176] 1516 2209 513 1838 1841 [792 177] 1841 2864 3443 [589 178] 375 178 [816 179] 178 1241 3805 2834 1475 [486 180] 1475 2196 [2011 181] 814 [3169 182] 814 2011 2498 230 [299 183] 145 2158 [319 184] [1136 185] 3198 3322 1460 [1358 186] [3002 187] 2124 3789 3347 [2211 188] [3291 189] 2211 810 2265 364 [3605 190] 1116 [1571 191] 1608 1601 1604 1472 [591 192] 2483 810 1694 [3494 193] 1694 [2482 194] 1694 1389 3054 2854 [1209 195] 2467 2549 2607 [109 196] 2607 2855 2681 38 [3920 197] 38 2975 134 3285 [2674 198] 1796 1238 3003 2996 2276 [2675 199] [2980 200] 2831 T
1450
2883 3216 [2339 140] 2039 [728 141] 2039 294 [1635 142] 885 [1750 143] [2195 144] 2687 2507 454 347 [458 145] 3603 1697 2272 2883 [2839 146] 3221 216 715 [578 147] [715 148] 2122 1657 [36 149] 3055 2854 3054 1465 986 636 2217 3211 2566 [1273 150] [2566 151] 3211 3590 3009 [2421 152] 2376 1557 [2773 153] 1695 [378 154] 2492 2267 2541 954 [1925 155] 954 3780 [3090 156] 2375 1324 1093 2049 1370 [716 157] 1370 2049 3209 [650 158] 3491 2699 [3108 159] 2699 3491 3280 [3780 160] 954 1099 2997 [1751 161] 2997 2572 1371 [1072 162] 1371 2572 2997 [2433 163] 2997 [2572 164] [1646 165] 2498 230 923 922 934 [1790 166] 934 922 923 [460 167] 923 1033 1841 2003 [3885 168] 1959 1272 [2270 169] 90 [409 170] 312 349 [2796 171] 560 3285 2674 2858 263 [1011 172] 263 2858 2674 1796 3300 391 [1847 173] 391 2026 2090 [2683 174] 2090 2827 2603 1073 665 3787 [2202 175] 3787 2606 [227 176] 1516 2209 513 1838 1841 [792 177] 1841 2864 3443 [589 178] 375 178 [816 179] 178 1241 3805 2834 1475 [486 180] 1475 2196 [2011 181] 814 [3169 182] 814 2011 2498 230 [299 183] 145 2158 [319 184] [1136 185] 3198 3322 1460 [1358 186] [3002 187] 2124 3789 3347 [2211 188] [3291 189] 2211 810 2265 364 [3605 190] 1116 [1571 191] 1608 1601 1604 1472 [591 192] 2483 810 1694 [3494 193] 1694 [2482 194] 1694 1389 3054 2854 [1209 195] 2467 2549 2607 [109 196] 2607 2855 2681 38 [3920 197] 38 2975 134 3285 [2674 198] 1796 1238 3003 2996 2276 [2675 199] [2980 200] 2831 T
1453
2570 2272 2883 2839 1631 [2405 141] 2677 2682 [1670 142] 2845 664 [1750 143] [2195 144] 2687 2507 454 347 [458 145] 3603 1697 2272 2883 [2839 146] 3221 216 715 [578 147] [715 148] 2122 1657 [36 149] 3055 2854 3054 1465 986 636 2217 3211 2566 [1273 150] [2566 151] 3211 3590 3009 [2421 152] 2376 1557 [2773 153] 1695 [378 154] 2492 2267 2541 954 [1925 155] 954 3780 [3090 156] 2375 1324 1093 2049 1370 [716 157] 1370 2049 3209 [650 158] 3491 2699 [3108 159] 2699 3491 3280 [3780 160] 954 1099 2997 [1751 161] 2997 2572 1371 [1072 162] 1371 2572 2997 [2433 163] 2997 [2572 164] [1646 165] 2498 230 923 922 934 [1790 166] 934 922 923 [460 167] 923 1033 1841 2003 [3885 168] 1959 1272 [2270 169] 90 [409 170] 312 349 [2796 171] 560 3285 2674 2858 263 [1011 172] 263 2858 2674 1796 3300 391 [1847 173] 391 2026 2090 [2683 174] 2090 2827 2603 1073 665 3787 [2202 175] 3787 2606 [227 176] 1516 2209 513 1838 1841 [792 177] 1841 2864 3443 [589 178] 375 178 [816 179] 178 1241 3805 2834 1475 [486 180] 1475 2196 [2011 181] 814 [3169 182] 814 2011 2498 230 [299 183] 145 2158 [319 184] [1136 185] 3198 3322 1460 [1358 186] [3002 187] 2124 3789 3347 [2211 188] [3291 189] 2211 810 2265 364 [3605 190] 1116 [1571 191] 1608 1601 1604 1472 [591 192] 2483 810 1694 [3494 193] 1694 [2482 194] 1694 1389 3054 2854 [1209 195] 2467 2549 2607 [109 196] 2607 2855 2681 38 [3920 197] 38 2975 134 3285 [2674 198] 1796 1238 3003 2996 2276 [2675 199] [2980 200] 2831 T
1450
1670 2845 664 1750 885 [1635 142] 885 [1750 143] [2195 144] 2687 2507 454 347 [458 145] 3603 1697 2272 2883 [2839 146] 3221 216 715 [578 147] [715 148] 2122 1657 [36 149] 3055 2854 3054 1465 986 636 2217 3211 2566 [1273 150] [2566 151] 3211 3590 3009 [2421 152] 2376 1557 [2773 153] 1695 [378 154] 2492 2267 2541 954 [1925 155] 954 3780 [3090 156] 2375 1324 1093 2049 1370 [716 157] 1370 2049 3209 [650 158] 3491 2699 [3108 159] 2699 3491 3280 [3780 160] 954 1099 2997 [1751 161] 2997 2572 1371 [1072 162] 1371 2572 2997 [2433 163] 2997 [2572 164] [1646 165] 2498 230 923 922 934 [1790 166] 934 922 923 [460 167] 923 1033 1841 2003 [3885 168] 1959 1272 [2270 169] 90 [409 170] 312 349 [2796 171] 560 3285 2674 2858 263 [1011 172] 263 2858 2674 1796 3300 391 [1847 173] 391 2026 2090 [2683 174] 2090 2827 2603 1073 665 3787 [2202 175] 3787 2606 [227 176] 1516 2209 513 1838 1841 [792 177] 1841 2864 3443 [589 178] 375 178 [816 179] 178 1241 3805 2834 1475 [486 180] 1475 2196 [2011 181] 814 [3169 182] 814 2011 2498 230 [299 183] 145 2158 [319 184] [1136 185] 3198 3322 1460 [1358 186] [3002 187] 2124 3789 3347 [2211 188] [3291 189] 2211 810 2265 364 [3605 190] 1116 [1571 191] 1608 1601 1604 1472 [591 192] 2483 810 1694 [3494 193] 1694 [2482 194] 1694 1389 3054 2854 [1209 195] 2467 2549 2607 [109 196] 2607 2855 2681 38 [3920 197] 38 2975 134 3285 [2674 198] 1796 1238 3003 2996 2276 [2675 199] [2980 200] 2831 T
1457
1750 2801 1448 2798 [769 143] 905 1238 705 1606 2620 661 [1697 144] 3603 [458 145] 3603 1697 2272 2883 [2839 146] 3221 216 715 [578 147] [715 148] 2122 1657 [36 149] 3055 2854 3054 1465 986 636 2217 3211 2566 [1273 150] [2566 151] 3211 3590 3009 [2421 152] 2376 1557 [2773 153] 1695 [378 154] 2492 2267 2541 954 [1925 155] 954 3780 [3090 156] 2375 1324 1093 2049 1370 [716 157] 1370 2049 3209 [650 158] 3491 2699 [3108 159] 2699 3491 3280 [3780 160] 954 1099 2997 [1751 161] 2997 2572 1371 [1072 162] 1371 2572 2997 [2433 163] 2997 [2572 164] [1646 165] 2498 230 923 922 934 [1790 166] 934 922 923 [460 167] 923 1033 1841 2003 [3885 168] 1959 1272 [2270 169] 90 [409 170] 312 349 [2796 171] 560 3285 2674 2858 263 [1011 172] 263 2858 2674 1796 3300 391 [1847 173] 391 2026 2090 [2683 174] 2090 2827 2603 1073 665 3787 [2202 175] 3787 2606 [227 176] 1516 2209 513 1838 1841 [792 177] 1841 2864 3443 [589 178] 375 178 [816 179] 178 1241 3805 2834 1475 [486 180] 1475 2196 [2011 181] 814 [3169 182] 814 2011 2498 230 [299 183] 145 2158 [319 184] [1136 185] 3198 3322 1460 [1358 186] [3002 187] 2124 3789 3347 [2211 188] [3291 189] 2211 810 2265 364 [3605 190] 1116 [1571 191] 1608 1601 1604 1472 [591 192] 2483 810 1694 [3494 193] 1694 [2482 194] 1694 1389 3054 2854 [1209 195] 2467 2549 2607 [109 196] 2607 2855 2681 38 [3920 197] 38 2975 134 3285 [2674 198] 1796 1238 3003 2996 2276 [2675 199] [2980 200] 2831 T
1446
2195 2687 2507 [770 144] 2507 454 347 [458 145] 3603 1697 2272 2883 [2839 146] 3221 216 715 [578 147] [715 148] 2122 1657 [36 149] 3055 2854 3054 1465 986 636 2217 3211 2566 [1273 150] [2566 151] 3211 3590 3009 [2421 152] 2376 1557 [2773 153] 1695 [378 154] 2492 2267 2541 954 [1925 155] 954 3780 [3090 156] 2375 1324 1093 2049 1370 [716 157] 1370 2049 3209 [650 158] 3491 2699 [3108 159] 2699 3491 3280 [3780 160] 954 1099 2997 [1751 161] 2997 2572 1371 [1072 162] 1371 2572 2997 [2433 163] 2997 [2572 164] [1646 165] 2498 230 923 922 934 [1790 166] 934 922 923 [460 167] 923 1033 1841 2003 [3885 168] 1959 1272 [2270 169] 90 [409 170] 312 349 [2796 171] 560 3285 2674 2858 263 [1011 172] 263 2858 2674 1796 3300 391 [1847 173] 391 2026 2090 [2683 174] 2090 2827 2603 1073 665 3787 [2202 175] 3787 2606 [227 176] 1516 2209 513 1838 1841 [792 177] 1841 2864 3443 [589 178] 375 178 [816 179] 178 1241 3805 2834 1475 [486 180] 1475 2196 [2011 181] 814 [3169 182] 814 2011 2498 230 [299 183] 145 2158 [319 184] [1136 185] 3198 3322 1460 [1358 186] [3002 187] 2124 3789 3347 [2211 188] [3291 189] 2211 810 2265 364 [3605 190] 1116 [1571 191] 1608 1601 1604 1472 [591 192] 2483 810 1694 [3494 193] 1694 [2482 194] 1694 1389 3054 2854 [1209 195] 2467 2549 2607 [109 196] 2607 2855 2681 38 [3920 197] 38 2975 134 3285 [2674 198] 1796 1238 3003 2996 2276 [2675 199] [2980 200] 2831 T
1456
458 3603 1697 2272 2883 3313 209 198 [215 145] 198 209 3313 2883 [2839 146] 3221 216 715 [578 147] [715 148] 2122 1657 [36 149] 3055 2854 3054 1465 986 636 2217 3211 2566 [1273 150] [2566 151] 3211 3590 3009 [2421 152] 2376 1557 [2773 153] 1695 [378 154] 2492 2267 2541 954 [1925 155] 954 3780 [3090 156] 2375 1324 1093 2049 1370 [716 157] 1370 2049 3209 [650 158] 3491 2699 [3108 159] 2699 3491 3280 [3780 160] 954 1099 2997 [1751 161] 2997 2572 1371 [1072 162] 1371 2572 2997 [2433 163] 2997 [2572 164] [1646 165] 2498 230 923 922 934 [1790 166] 934 922 923 [460 167] 923 1033 1841 2003 [3885 168] 1959 1272 [2270 169] 90 [409 170] 312 349 [2796 171] 560 3285 2674 2858 263 [1011 172] 263 2858 2674 1796 3300 391 [1847 173] 391 2026 2090 [2683 174] 2090 2827 2603 1073 665 3787 [2202 175] 3787 2606 [227 176] 1516 2209 513 1838 1841 [792 177] 1841 2864 3443 [589 178] 375 178 [816 179] 178 1241 3805 2834 1475 [486 180] 1475 2196 [2011 181] 814 [3169 182] 814 2011 2498 230 [299 183] 145 2158 [319 184] [1136 185] 3198 3322 1460 [1358 186] [3002 187] 2124 3789 3347 [2211 188] [3291 189] 2211 810 2265 364 [3605 190] 1116 [1571 191] 1608 1601 1604 1472 [591 192] 2483 810 1694 [3494 193] 1694 [2482 194] 1694 1389 3054 2854 [1209 195] 2467 2549 2607 [109 196] 2607 2855 2681 38 [3920 197] 38 2975 134 3285 [2674 198] 1796 1238 3003 2996 2276 [2675 199] [2980 200] 2831 T
1452
2839 2883 2244 1944 3395 [484 146] 165 3491 1584 [3482 147] 1584 3491 3280 647 [485 148] [647 149] 485 3097 2743 3211 2566 [1273 150] [2566 151] 3211 3590 3009 [2421 152] 2376 1557 [2773 153] 1695 [378 154] 2492 2267 2541 954 [1925 155] 954 3780 [3090 156] 2375 1324 1093 2049 1370 [716 157] 1370 2049 3209 [650 158] 3491 2699 [3108 159] 2699 3491 3280 [3780 160] 954 1099 2997 [1751 161] 2997 2572 1371 [1072 162] 1371 2572 2997 [2433 163] 2997 [2572 164] [1646 165] 2498 230 923 922 934 [1790 166] 934 922 923 [460 167] 923 1033 1841 2003 [3885 168] 1959 1272 [2270 169] 90 [409 170] 312 349 [2796 171] 560 3285 2674 2858 263 [1011 172] 263 2858 2674 1796 3300 391 [1847 173] 391 2026 2090 [2683 174] 2090 2827 2603 1073 665 3787 [2202 175] 3787 2606 [227 176] 1516 2209 513 1838 1841 [792 177] 1841 2864 3443 [589 178] 375 178 [816 179] 178 1241 3805 2834 1475 [486 180] 1475 2196 [2011 181] 814 [3169 182] 814 2011 2498 230 [299 183] 145 2158 [319 184] [1136 185] 3198 3322 1460 [1358 186] [3002 187] 2124 3789 3347 [2211 188] [3291 189] 2211 810 2265 364 [3605 190] 1116 [1571 191] 1608 1601 1604 1472 [591 192] 2483 810 1694 [3494 193] 1694 [2482 194] 1694 1389 3054 2854 [1209 195] 2467 2549 2607 [109 196] 2607 2855 2681 38 [3920 197] 38 2975 134 3285 [2674 198] 1796 1238 3003 2996 2276 [2675 199] [2980 200] 2831 T
1459
578 715 945 91 2236 [3141 147] 1198 1859 647 [485 148] [647 149] 485 3097 2743 3211 2566 [1273 150] [2566 151] 3211 3590 3009 [2421 152] 2376 1557 [2773 153] 1695 [378 154] 2492 2267 2541 954 [1925 155] 954 3780 [3090 156] 2375 1324 1093 2049 1370 [716 157] 1370 2049 3209 [650 158] 3491 2699 [3108 159] 2699 3491 3280 [3780 160] 954 1099 2997 [1751 161] 2997 2572 1371 [1072 162] 1371 2572 2997 [2433 163] 2997 [2572 164] [1646 165] 2498 230 923 922 934 [1790 166] 934 922 923 [460 167] 923 1033 1841 2003 [3885 168] 1959 1272 [2270 169] 90 [409 170] 312 349 [2796 171] 560 3285 2674 2858 263 [1011 172] 263 2858 2674 1796 3300 391 [1847 173] 391 2026 2090 [2683 174] 2090 2827 2603 1073 665 3787 [2202 175] 3787 2606 [227 176] 1516 2209 513 1838 1841 [792 177] 1841 2864 3443 [589 178] 375 178 [816 179] 178 1241 3805 2834 1475 [486 180] 1475 2196 [2011 181] 814 [3169 182] 814 2011 2498 230 [299 183] 145 2158 [319 184] [1136 185] 3198 3322 1460 [1358 186] [3002 187] 2124 3789 3347 [2211 188] [3291 189] 2211 810 2265 364 [3605 190] 1116 [1571 191] 1608 1601 1604 1472 [591 192] 2483 810 1694 [3494 193] 1694 [2482 194] 1694 1389 3054 2854 [1209 195] 2467 2549 2607 [109 196] 2607 2855 2681 38 [3920 197] 38 2975 134 3285 [2674 198] 1796 1238 3003 2996 2276 [2675 199] [2980 200] 2831 T
1448
715 945 793 [485 148] [647 149] 485 3097 2743 3211 2566 [1273 150] [2566 151] 3211 3590 3009 [2421 152] 2376 1557 [2773 153] 1695 [378 154] 2492 2267 2541 954 [1925 155] 954 3780 [3090 156] 2375 1324 1093 2049 1370 [716 157] 1370 2049 3209 [650 158] 3491 2699 [3108 159] 2699 3491 3280 [3780 160] 954 1099 2997 [1751 161] 2997 2572 1371 [1072 162] 1371 2572 2997 [2433 163] 2997 [2572 164] [1646 165] 2498 230 923 922 934 [1790 166] 934 922 923 [460 167] 923 1033 1841 2003 [3885 168] 1959 1272 [2270 169] 90 [409 170] 312 349 [2796 171] 560 3285 2674 2858 263 [1011 172] 263 2858 2674 1796 3300 391 [1847 173] 391 2026 2090 [2683 174] 2090 2827 2603 1073 665 3787 [2202 175] 3787 2606 [227 176] 1516 2209 513 1838 1841 [792 177] 1841 2864 3443 [589 178] 375 178 [816 179] 178 1241 3805 2834 1475 [486 180] 1475 2196 [2011 181] 814 [3169 182] 814 2011 2498 230 [299 183] 145 2158 [319 184] [1136 185] 3198 3322 1460 [1358 186] [3002 187] 2124 3789 3347 [2211 188] [3291 189] 2211 810 2265 364 [3605 190] 1116 [1571 191] 1608 1601 1604 1472 [591 192] 2483 810 1694 [3494 193] 1694 [2482 194] 1694 1389 3054 2854 [1209 195] 2467 2549 2607 [109 196] 2607 2855 2681 38 [3920 197] 38 2975 134 3285 [2674 198] 1796 1238 3003 2996 2276 [2675 199] [2980 200] 2831 T
1450
36 3055 2854 2207 3341 1579 [2984 149] 1956 1900 2217 3211 2566 [1273 150] [2566 151] 3211 3590 3009 [2421 152] 2376 1557 [2773 153] 1695 [378 154] 2492 2267 2541 954 [1925 155] 954 3780 [3090 156] 2375 1324 1093 2049 1370 [716 157] 1370 2049 3209 [650 158] 3491 2699 [3108 159] 2699 3491 3280 [3780 160] 954 1099 2997 [1751 161] 2997 2572 1371 [1072 162] 1371 2572 2997 [2433 163] 2997 [2572 164] [1646 165] 2498 230 923 922 934 [1790 166] 934 922 923 [460 167] 923 1033 1841 2003 [3885 168] 1959 1272 [2270 169] 90 [409 170] 312 349 [2796 171] 560 3285 2674 2858 263 [1011 172] 263 2858 2674 1796 3300 391 [1847 173] 391 2026 2090 [2683 174] 2090 2827 2603 1073 665 3787 [2202 175] 3787 2606 [227 176] 1516 2209 513 1838 1841 [792 177] 1841 2864 3443 [589 178] 375 178 [816 179] 178 1241 3805 2834 1475 [486 180] 1475 2196 [2011 181] 814 [3169 182] 814 2011 2498 230 [299 183] 145 2158 [319 184] [1136 185] 3198 3322 1460 [1358 186] [3002 187] 2124 3789 3347 [2211 188] [3291 189] 2211 810 2265 364 [3605 190] 1116 [1571 191] 1608 1601 1604 1472 [591 192] 2483 810 1694 [3494 193] 1694 [2482 194] 1694 1389 3054 2854 [1209 195] 2467 2549 2607 [109 196] 2607 2855 2681 38 [3920 197] 38 2975 134 3285 [2674 198] 1796 1238 3003 2996 2276 [2675 199] [2980 200] 2831 T
1444
1965 2854 3054 1465 986 636 2217 3211 2566 [1273 150] [2566 151] 3211 3590 3009 [2421 152] 2376 1557 [2773 153] 1695 [378 154] 2492 2267 2541 954 [1925 155] 954 3780 [3090 156] 2375 1324 1093 2049 1370 [716 157] 1370 2049 3209 [650 158] 3491 2699 [3108 159] 2699 3491 3280 [3780 160] 954 1099 2997 [1751 161] 2997 2572 1371 [1072 162] 1371 2572 2997 [2433 163] 2997 [2572 164] [1646 165] 2498 230 923 922 934 [1790 166] 934 922 923 [460 167] 923 1033 1841 2003 [3885 168] 1959 1272 [2270 169] 90 [409 170] 312 349 [2796 171] 560 3285 2674 2858 263 [1011 172] 263 2858 2674 1796 3300 391 [1847 173] 391 2026 2090 [2683 174] 2090 2827 2603 1073 665 3787 [2202 175] 3787 2606 [227 176] 1516 2209 513 1838 1841 [792 177] 1841 2864 3443 [589 178] 375 178 [816 179] 178 1241 3805 2834 1475 [486 180] 1475 2196 [2011 181] 814 [3169 182] 814 2011 2498 230 [299 183] 145 2158 [319 184] [1136 185] 3198 3322 1460 [1358 186] [3002 187] 2124 3789 3347 [2211 188] [3291 189] 2211 810 2265 364 [3605 190] 1116 [1571 191] 1608 1601 1604 1472 [591 192] 2483 810 1694 [3494 193] 1694 [2482 194] 1694 1389 3054 2854 [1209 195] 2467 2549 2607 [109 196] 2607 2855 2681 38 [3920 197] 38 2975 134 3285 [2674 198] 1796 1238 3003 2996 2276 [2675 199] [2980 200] 2831 T
1460
3239 551 1710 1725 [744 151] 1725 1710 [2249 152] 1710 1321 [981 153] 1321 1710 1707 1709 [378 154] 2492 2267 2541 954 [1925 155] 954 3780 [3090 156] 2375 1324 1093 2049 1370 [716 157] 1370 2049 3209 [650 158] 3491 2699 [3108 159] 2699 3491 3280 [3780 160] 954 1099 2997 [1751 161] 2997 2572 1371 [1072 162] 1371 2572 2997 [2433 163] 2997 [2572 164] [1646 165] 2498 230 923 922 934 [1790 166] 934 922 923 [460 167] 923 1033 1841 2003 [3885 168] 1959 1272 [2270 169] 90 [409 170] 312 349 [2796 171] 560 3285 2674 2858 263 [1011 172] 263 2858 2674 1796 3300 391 [1847 173] 391 2026 2090 [2683 174] 2090 2827 2603 1073 665 3787 [2202 175] 3787 2606 [227 176] 1516 2209 513 1838 1841 [792 177] 1841 2864 3443 [589 178] 375 178 [816 179] 178 1241 3805 2834 1475 [486 180] 1475 2196 [2011 181] 814 [3169 182] 814 2011 2498 230 [299 183] 145 2158 [319 184] [1136 185] 3198 3322 1460 [1358 186] [3002 187] 2124 3789 3347 [2211 188] [3291 189] 2211 810 2265 364 [3605 190] 1116 [1571 191] 1608 1601 1604 1472 [591 192] 2483 810 1694 [3494 193] 1694 [2482 194] 1694 1389 3054 2854 [1209 195] 2467 2549 2607 [109 196] 2607 2855 2681 38 [3920 197] 38 2975 134 3285 [2674 198] 1796 1238 3003 2996 2276 [2675 199] [2980 200] 2831 T
1454
1555 3113 551 1710 [2249 152] 1710 1321 [981 153] 1321 1710 1707 1709 [378 154] 2492 2267 2541 954 [1925 155] 954 3780 [3090 156] 2375 1324 1093 2049 1370 [716 157] 1370 2049 3209 [650 158] 3491 2699 [3108 159] 2699 3491 3280 [3780 160] 954 1099 2997 [1751 161] 2997 2572 1371 [1072 162] 1371 2572 2997 [2433 163] 2997 [2572 164] [1646 165] 2498 230 923 922 934 [1790 166] 934 922 923 [460 167] 923 1033 1841 2003 [3885 168] 1959 1272 [2270 169] 90 [409 170] 312 349 [2796 171] 560 3285 2674 2858 263 [1011 172] 263 2858 2674 1796 3300 391 [1847 173] 391 2026 2090 [2683 174] 2090 2827 2603 1073 665 3787 [2202 175] 3787 2606 [227 176] 1516 2209 513 1838 1841 [792 177] 1841 2864 3443 [589 178] 375 178 [816 179] 178 1241 3805 2834 1475 [486 180] 1475 2196 [2011 181] 814 [3169 182] 814 2011 2498 230 [299 183] 145 2158 [319 184] [1136 185] 3198 3322 1460 [1358 186] [3002 187] 2124 3789 3347 [2211 188] [3291 189] 2211 810 2265 364 [3605 190] 1116 [1571 191] 1608 1601 1604 1472 [591 192] 2483 810 1694 [3494 193] 1694 [2482 194] 1694 1389 3054 2854 [1209 195] 2467 2549 2607 [109 196] 2607 2855 2681 38 [3920 197] 38 2975 134 3285 [2674 198] 1796 1238 3003 2996 2276 [2675 199] [2980 200] 2831 T
1455
2773 962 523 928 738 [784 153] 1237 1236 535 212 2990 [378 154] 2492 2267 2541 954 [1925 155] 954 3780 [3090 156] 2375 1324 1093 2049 1370 [716 157] 1370 2049 3209 [650 158] 3491 2699 [3108 159] 2699 3491 3280 [3780 160] 954 1099 2997 [1751 161] 2997 2572 1371 [1072 162] 1371 2572 2997 [2433 163] 2997 [2572 164] [1646 165] 2498 230 923 922 934 [1790 166] 934 922 923 [460 167] 923 1033 1841 2003 [3885 168] 1959 1272 [2270 169] 90 [409 170] 312 349 [2796 171] 560 3285 2674 2858 263 [1011 172] 263 2858 2674 1796 3300 391 [1847 173] 391 2026 2090 [2683 174] 2090 2827 2603 1073 665 3787 [2202 175] 3787 2606 [227 176] 1516 2209 513 1838 1841 [792 177] 1841 2864 3443 [589 178] 375 178 [816 179] 178 1241 3805 2834 1475 [486 180] 1475 2196 [2011 181] 814 [3169 182] 814 2011 2498 230 [299 183] 145 2158 [319 184] [1136 185] 3198 3322 1460 [1358 186] [3002 187] 2124 3789 3347 [2211 188] [3291 189] 2211 810 2265 364 [3605 190] 1116 [1571 191] 1608 1601 1604 1472 [591 192] 2483 810 1694 [3494 193] 1694 [2482 194] 1694 1389 3054 2854 [1209 195] 2467 2549 2607 [109 196] 2607 2855 2681 38 [3920 197] 38 2975 134 3285 [2674 198] 1796 1238 3003 2996 2276 [2675 199] [2980 200] 2831 T
1455
378 2990 1379 [3673 154] 3001 1703 2593 1668 [1474 155] 3152 1597 1471 [2201 156] 2018 733 2842 121 [716 157] 1370 2049 3209 [650 158] 3491 2699 [3108 159] 2699 3491 3280 [3780 160] 954 1099 2997 [1751 161] 2997 2572 1371 [1072 162] 1371 2572 2997 [2433 163] 2997 [2572 164] [1646 165] 2498 230 923 922 934 [1790 166] 934 922 923 [460 167] 923 1033 1841 2003 [3885 168] 1959 1272 [2270 169] 90 [409 170] 312 349 [2796 171] 560 3285 2674 2858 263 [1011 172] 263 2858 2674 1796 3300 391 [1847 173] 391 2026 2090 [2683 174] 2090 2827 2603 1073 665 3787 [2202 175] 3787 2606 [227 176] 1516 2209 513 1838 1841 [792 177] 1841 2864 3443 [589 178] 375 178 [816 179] 178 1241 3805 2834 1475 [486 180] 1475 2196 [2011 181] 814 [3169 182] 814 2011 2498 230 [299 183] 145 2158 [319 184] [1136 185] 3198 3322 1460 [1358 186] [3002 187] 2124 3789 3347 [2211 188] [3291 189] 2211 810 2265 364 [3605 190] 1116 [1571 191] 1608 1601 1604 1472 [591 192] 2483 810 1694 [3494 193] 1694 [2482 194] 1694 1389 3054 2854 [1209 195] 2467 2549 2607 [109 196] 2607 2855 2681 38 [3920 197] 38 2975 134 3285 [2674 198] 1796 1238 3003 2996 2276 [2675 199] [2980 200] 2831 T
1452
1925 954 1801 [1143 155] 1801 [2535 156] 3400 1370 [716 157] 1370 2049 3209 [650 158] 3491 2699 [3108 159] 2699 3491 3280 [3780 160] 954 1099 2997 [1751 161] 2997 2572 1371 [1072 162] 1371 2572 2997 [2433 163] 2997 [2572 164] [1646 165] 2498 230 923 922 934 [1790 166] 934 922 923 [460 167] 923 1033 1841 2003 [3885 168] 1959 1272 [2270 169] 90 [409 170] 312 349 [2796 171] 560 3285 2674 2858 263 [1011 172] 263 2858 2674 1796 3300 391 [1847 173] 391 2026 2090 [2683 174] 2090 2827 2603 1073 665 3787 [2202 175] 3787 2606 [227 176] 1516 2209 513 1838 1841 [792 177] 1841 2864 3443 [589 178] 375 178 [816 179] 178 1241 3805 2834 1475 [486 180] 1475 2196 [2011 181] 814 [3169 182] 814 2011 2498 230 [299 183] 145 2158 [319 184] [1136 185] 3198 3322 1460 [1358 186] [3002 187] 2124 3789 3347 [2211 188] [3291 189] 2211 810 2265 364 [3605 190] 1116 [1571 191] 1608 1601 1604 1472 [591 192] 2483 810 1694 [3494 193] 1694 [2482 194] 1694 1389 3054 2854 [1209 195] 2467 2549 2607 [109 196] 2607 2855 2681 38 [3920 197] 38 2975 134 3285 [2674 198] 1796 1238 3003 2996 2276 [2675 199] [2980 200] 2831 T
1451
3090 2679 1818 [2688 156] 1814 672 914 121 [716 157] 1370 2049 3209 [650 158] 3491 2699 [3108 159] 2699 3491 3280 [3780 160] 954 1099 2997 [1751 161] 2997 2572 1371 [1072 162] 1371 2572 2997 [2433 163] 2997 [2572 164] [1646 165] 2498 230 923 922 934 [1790 166] 934 922 923 [460 167] 923 1033 1841 2003 [3885 168] 1959 1272 [2270 169] 90 [409 170] 312 349 [2796 171] 560 3285 2674 2858 263 [1011 172] 263 2858 2674 1796 3300 391 [1847 173] 391 2026 2090 [2683 174] 2090 2827 2603 1073 665 3787 [2202 175] 3787 2606 [227 176] 1516 2209 513 1838 1841 [792 177] 1841 2864 3443 [589 178] 375 178 [816 179] 178 1241 3805 2834 1475 [486 180] 1475 2196 [2011 181] 814 [3169 182] 814 2011 2498 230 [299 183] 145 2158 [319 184] [1136 185] 3198 3322 1460 [1358 186] [3002 187] 2124 3789 3347 [2211 188] [3291 189] 2211 810 2265 364 [3605 190] 1116 [1571 191] 1608 1601 1604 1472 [591 192] 2483 810 1694 [3494 193] 1694 [2482 194] 1694 1389 3054 2854 [1209 195] 2467 2549 2607 [109 196] 2607 2855 2681 38 [3920 197] 38 2975 134 3285 [2674 198] 1796 1238 3003 2996 2276 [2675 199] [2980 200] 2831 T
1448
3426 2375 1324 1093 2049 1370 [716 157] 1370 2049 3209 [650 158] 3491 2699 [3108 159] 2699 3491 3280 [3780 160] 954 1099 2997 [1751 161] 2997 2572 1371 [1072 162] 1371 2572 2997 [2433 163] 2997 [2572 164] [1646 165] 2498 230 923 922 934 [1790 166] 934 922 923 [460 167] 923 1033 1841 2003 [3885 168] 1959 1272 [2270 169] 90 [409 170] 312 349 [2796 171] 560 3285 2674 2858 263 [1011 172] 263 2858 2674 1796 3300 391 [1847 173] 391 2026 2090 [2683 174] 2090 2827 2603 1073 665 3787 [2202 175] 3787 2606 [227 176] 1516 2209 513 1838 1841 [792 177] 1841 2864 3443 [589 178] 375 178 [816 179] 178 1241 3805 2834 1475 [486 180] 1475 2196 [2011 181] 814 [3169 182] 814 2011 2498 230 [299 183] 145 2158 [319 184] [1136 185] 3198 3322 1460 [1358 186] [3002 187] 2124 3789 3347 [2211 188] [3291 189] 2211 810 2265 364 [3605 190] 1116 [1571 191] 1608 1601 1604 1472 [591 192] 2483 810 1694 [3494 193] 1694 [2482 194] 1694 1389 3054 2854 [1209 195] 2467 2549 2607 [109 196] 2607 2855 2681 38 [3920 197] 38 2975 134 3285 [2674 198] 1796 1238 3003 2996 2276 [2675 199] [2980 200] 2831 T
1452
2715 1847 391 3300 3360 2450 308 3180 2686 [650 158] 3491 2699 [3108 159] 2699 3491 3280 [3780 160] 954 1099 2997 [1751 161] 2997 2572 1371 [1072 162] 1371 2572 2997 [2433 163] 2997 [2572 164] [1646 165] 2498 230 923 922 934 [1790 166] 934 922 923 [460 167] 923 1033 1841 2003 [3885 168] 1959 1272 [2270 169] 90 [409 170] 312 349 [2796 171] 560 3285 2674 2858 263 [1011 172] 263 2858 2674 1796 3300 391 [1847 173] 391 2026 2090 [2683 174] 2090 2827 2603 1073 665 3787 [2202 175] 3787 2606 [227 176] 1516 2209 513 1838 1841 [792 177] 1841 2864 3443 [589 178] 375 178 [816 179] 178 1241 3805 2834 1475 [486 180] 1475 2196 [2011 181] 814 [3169 182] 814 2011 2498 230 [299 183] 145 2158 [319 184] [1136 185] 3198 3322 1460 [1358 186] [3002 187] 2124 3789 3347 [2211 188] [3291 189] 2211 810 2265 364 [3605 190] 1116 [1571 191] 1608 1601 1604 1472 [591 192] 2483 810 1694 [3494 193] 1694 [2482 194] 1694 1389 3054 2854 [1209 195] 2467 2549 2607 [109 196] 2607 2855 2681 38 [3920 197] 38 2975 134 3285 [2674 198] 1796 1238 3003 2996 2276 [2675 199] [2980 200] 2831 T
1450
705 1238 3003 2996 2329 [3642 159] 2329 3742 3525 [1051 160] 3525 3742 2329 2996 2997 [1751 161] 2997 2572 1371 [1072 162] 1371 2572 2997 [2433 163] 2997 [2572 164] [1646 165] 2498 230 923 922 934 [1790 166] 934 922 923 [460 167] 923 1033 1841 2003 [3885 168] 1959 1272 [2270 169] 90 [409 170] 312 349 [2796 171] 560 3285 2674 2858 263 [1011 172] 263 2858 2674 1796 3300 391 [1847 173] 391 2026 2090 [2683 174] 2090 2827 2603 1073 665 3787 [2202 175] 3787 2606 [227 176] 1516 2209 513 1838 1841 [792 177] 1841 2864 3443 [589 178] 375 178 [816 179] 178 1241 3805 2834 1475 [486 180] 1475 2196 [2011 181] 814 [3169 182] 814 2011 2498 230 [299 183] 145 2158 [319 184] [1136 185] 3198 3322 1460 [1358 186] [3002 187] 2124 3789 3347 [2211 188] [3291 189] 2211 810 2265 364 [3605 190] 1116 [1571 191] 1608 1601 1604 1472 [591 192] 2483 810 1694 [3494 193] 1694 [2482 194] 1694 1389 3054 2854 [1209 195] 2467 2549 2607 [109 196] 2607 2855 2681 38 [3920 197] 38 2975 134 3285 [2674 198] 1796 1238 3003 2996 2276 [2675 199] [2980 200] 2831 T
1454
1051 3525 905 2938 424 1654 166 [1682 160] 2182 378 1068 2572 2997 [1751 161] 2997 2572 1371 [1072 162] 1371 2572 2997 [2433 163] 2997 [2572 164] [1646 165] 2498 230 923 922 934 [1790 166] 934 922 923 [460 167] 923 1033 1841 2003 [3885 168] 1959 1272 [2270 169] 90 [409 170] 312 349 [2796 171] 560 3285 2674 2858 263 [1011 172] 263 2858 2674 1796 3300 391 [1847 173] 391 2026 2090 [2683 174] 2090 2827 2603 1073 665 3787 [2202 175] 3787 2606 [227 176] 1516 2209 513 1838 1841 [792 177] 1841 2864 3443 [589 178] 375 178 [816 179] 178 1241 3805 2834 1475 [486 180] 1475 2196 [2011 181] 814 [3169 182] 814 2011 2498 230 [299 183] 145 2158 [319 184] [1136 185] 3198 3322 1460 [1358 186] [3002 187] 2124 3789 3347 [2211 188] [3291 189] 2211 810 2265 364 [3605 190] 1116 [1571 191] 1608 1601 1604 1472 [591 192] 2483 810 1694 [3494 193] 1694 [2482 194] 1694 1389 3054 2854 [1209 195] 2467 2549 2607 [109 196] 2607 2855 2681 38 [3920 197] 38 2975 134 3285 [2674 198] 1796 1238 3003 2996 2276 [2675 199] [2980 200] 2831 T
1451
1897 1394 595 188 3423 [2448 161] 1567 1558 1565 1568 781 [935 162] 781 1568 2209 [513 163] [2209 164] 513 66 3074 1613 3775 3567 1532 [3805 165] 2834 92 993 [3026 166] [993 167] 2806 [746 168] 669 1826 1817 [936 169] 1008 308 2450 [409 170] 312 349 [2796 171] 560 3285 2674 2858 263 [1011 172] 263 2858 2674 1796 3300 391 [1847 173] 391 2026 2090 [2683 174] 2090 2827 2603 1073 665 3787 [2202 175] 3787 2606 [227 176] 1516 2209 513 1838 1841 [792 177] 1841 2864 3443 [589 178] 375 178 [816 179] 178 1241 3805 2834 1475 [486 180] 1475 2196 [2011 181] 814 [3169 182] 814 2011 2498 230 [299 183] 145 2158 [319 184] [1136 185] 3198 3322 1460 [1358 186] [3002 187] 2124 3789 3347 [2211 188] [3291 189] 2211 810 2265 364 [3605 190] 1116 [1571 191] 1608 1601 1604 1472 [591 192] 2483 810 1694 [3494 193] 1694 [2482 194] 1694 1389 3054 2854 [1209 195] 2467 2549 2607 [109 196] 2607 2855 2681 38 [3920 197] 38 2975 134 3285 [2674 198] 1796 1238 3003 2996 2276 [2675 199] [2980 200] 2831 T
1457
935 781 972 856 1086 [1072 162] 1371 2572 2997 [2433 163] 2997 [2572 164] [1646 165] 2498 230 923 922 934 [1790 166] 934 922 923 [460 167] 923 1033 1841 2003 [3885 168] 1959 1272 [2270 169] 90 [409 170] 312 349 [2796 171] 560 3285 2674 2858 263 [1011 172] 263 2858 2674 1796 3300 391 [1847 173] 391 2026 2090 [2683 174] 2090 2827 2603 1073 665 3787 [2202 175] 3787 2606 [227 176] 1516 2209 513 1838 1841 [792 177] 1841 2864 3443 [589 178] 375 178 [816 179] 178 1241 3805 2834 1475 [486 180] 1475 2196 [2011 181] 814 [3169 182] 814 2011 2498 230 [299 183] 145 2158 [319 184] [1136 185] 3198 3322 1460 [1358 186] [3002 187] 2124 3789 3347 [2211 188] [3291 189] 2211 810 2265 364 [3605 190] 1116 [1571 191] 1608 1601 1604 1472 [591 192] 2483 810 1694 [3494 193] 1694 [2482 194] 1694 1389 3054 2854 [1209 195] 2467 2549 2607 [109 196] 2607 2855 2681 38 [3920 197] 38 2975 134 3285 [2674 198] 1796 1238 3003 2996 2276 [2675 199] [2980 200] 2831 T
1453
513 2209 3217 2997 [2433 163] 2997 [2572 164] [1646 165] 2498 230 923 922 934 [1790 166] 934 922 923 [460 167] 923 1033 1841 2003 [3885 168] 1959 1272 [2270 169] 90 [409 170] 312 349 [2796 171] 560 3285 2674 2858 263 [1011 172] 263 2858 2674 1796 3300 391 [1847 173] 391 2026 2090 [2683 174] 2090 2827 2603 1073 665 3787 [2202 175] 3787 2606 [227 176] 1516 2209 513 1838 1841 [792 177] 1841 2864 3443 [589 178] 375 178 [816 179] 178 1241 3805 2834 1475 [486 180] 1475 2196 [2011 181] 814 [3169 182] 814 2011 2498 230 [299 183] 145 2158 [319 184] [1136 185] 3198 3322 1460 [1358 186] [3002 187] 2124 3789 3347 [2211 188] [3291 189] 2211 810 2265 364 [3605 190] 1116 [1571 191] 1608 1601 1604 1472 [591 192] 2483 810 1694 [3494 193] 1694 [2482 194] 1694 1389 3054 2854 [1209 195] 2467 2549 2607 [109 196] 2607 2855 2681 38 [3920 197] 38 2975 134 3285 [2674 198] 1796 1238 3003 2996 2276 [2675 199] [2980 200] 2831 T
1449
2209 1516 2211 [1870 164] 296 3256 3343 [3805 165] 2834 92 993 [3026 166] [993 167] 2806 [746 168] 669 1826 1817 [936 169] 1008 308 2450 [409 170] 312 349 [2796 171] 560 3285 2674 2858 263 [1011 172] 263 2858 2674 1796 3300 391 [1847 173] 391 2026 2090 [2683 174] 2090 2827 2603 1073 665 3787 [2202 175] 3787 2606 [227 176] 1516 2209 513 1838 1841 [792 177] 1841 2864 3443 [589 178] 375 178 [816 179] 178 1241 3805 2834 1475 [486 180] 1475 2196 [2011 181] 814 [3169 182] 814 2011 2498 230 [299 183] 145 2158 [319 184] [1136 185] 3198 3322 1460 [1358 186] [3002 187] 2124 3789 3347 [2211 188] [3291 189] 2211 810 2265 364 [3605 190] 1116 [1571 191] 1608 1601 1604 1472 [591 192] 2483 810 1694 [3494 193] 1694 [2482 194] 1694 1389 3054 2854 [1209 195] 2467 2549 2607 [109 196] 2607 2855 2681 38 [3920 197] 38 2975 134 3285 [2674 198] 1796 1238 3003 2996 2276 [2675 199] [2980 200] 2831 T
1456
3805 2834 3089 3087 1705 2607 [1536 165] 2607 2855 2806 993 [3026 166] [993 167] 2806 [746 168] 669 1826 1817 [936 169] 1008 308 2450 [409 170] 312 349 [2796 171] 560 3285 2674 2858 263 [1011 172] 263 2858 2674 1796 3300 391 [1847 173] 391 2026 2090 [2683 174] 2090 2827 2603 1073 665 3787 [2202 175] 3787 2606 [227 176] 1516 2209 513 1838 1841 [792 177] 1841 2864 3443 [589 178] 375 178 [816 179] 178 1241 3805 2834 1475 [486 180] 1475 2196 [2011 181] 814 [3169 182] 814 2011 2498 230 [299 183] 145 2158 [319 184] [1136 185] 3198 3322 1460 [1358 186] [3002 187] 2124 3789 3347 [2211 188] [3291 189] 2211 810 2265 364 [3605 190] 1116 [1571 191] 1608 1601 1604 1472 [591 192] 2483 810 1694 [3494 193] 1694 [2482 194] 1694 1389 3054 2854 [1209 195] 2467 2549 2607 [109 196] 2607 2855 2681 38 [3920 197] 38 2975 134 3285 [2674 198] 1796 1238 3003 2996 2276 [2675 199] [2980 200] 2831 T
1452
3026 993 2806 [2374 166] 2806 [993 167] 2806 [746 168] 669 1826 1817 [936 169] 1008 308 2450 [409 170] 312 349 [2796 171] 560 3285 2674 2858 263 [1011 172] 263 2858 2674 1796 3300 391 [1847 173] 391 2026 2090 [2683 174] 2090 2827 2603 1073 665 3787 [2202 175] 3787 2606 [227 176] 1516 2209 513 1838 1841 [792 177] 1841 2864 3443 [589 178] 375 178 [816 179] 178 1241 3805 2834 1475 [486 180] 1475 2196 [2011 181] 814 [3169 182] 814 2011 2498 230 [299 183] 145 2158 [319 184] [1136 185] 3198 3322 1460 [1358 186] [3002 187] 2124 3789 3347 [2211 188] [3291 189] 2211 810 2265 364 [3605 190] 1116 [1571 191] 1608 1601 1604 1472 [591 192] 2483 810 1694 [3494 193] 1694 [2482 194] 1694 1389 3054 2854 [1209 195] 2467 2549 2607 [109 196] 2607 2855 2681 38 [3920 197] 38 2975 134 3285 [2674 198] 1796 1238 3003 2996 2276 [2675 199] [2980 200] 2831 T
1451
993 2806 2983 1882 3383 991 2541 2267 [2492 167] 2478 2592 1415 [3885 168] 1959 1272 [2270 169] 90 [409 170] 312 349 [2796 171] 560 3285 2674 2858 263 [1011 172] 263 2858 2674 1796 3300 391 [1847 173] 391 2026 2090 [2683 174] 2090 2827 2603 1073 665 3787 [2202 175] 3787 2606 [227 176] 1516 2209 513 1838 1841 [792 177] 1841 2864 3443 [589 178] 375 178 [816 179] 178 1241 3805 2834 1475 [486 180] 1475 2196 [2011 181] 814 [3169 182] 814 2011 2498 230 [299 183] 145 2158 [319 184] [1136 185] 3198 3322 1460 [1358 186] [3002 187] 2124 3789 3347 [2211 188] [3291 189] 2211 810 2265 364 [3605 190] 1116 [1571 191] 1608 1601 1604 1472 [591 192] 2483 810 1694 [3494 193] 1694 [2482 194] 1694 1389 3054 2854 [1209 195] 2467 2549 2607 [109 196] 2607 2855 2681 38 [3920 197] 38 2975 134 3285 [2674 198] 1796 1238 3003 2996 2276 [2675 199] [2980 200] 2831 T
1451
746 669 1128 471 2086 1959 [3885 168] 1959 1272 [2270 169] 90 [409 170] 312 349 [2796 171] 560 3285 2674 2858 263 [1011 172] 263 2858 2674 1796 3300 391 [1847 173] 391 2026 2090 [2683 174] 2090 2827 2603 1073 665 3787 [2202 175] 3787 2606 [227 176] 1516 2209 513 1838 1841 [792 177] 1841 2864 3443 [589 178] 375 178 [816 179] 178 1241 3805 2834 1475 [486 180] 1475 2196 [2011 181] 814 [3169 182] 814 2011 2498 230 [299 183] 145 2158 [319 184] [1136 185] 3198 3322 1460 [1358 186] [3002 187] 2124 3789 3347 [2211 188] [3291 189] 2211 810 2265 364 [3605 190] 1116 [1571 191] 1608 1601 1604 1472 [591 192] 2483 810 1694 [3494 193] 1694 [2482 194] 1694 1389 3054 2854 [1209 195] 2467 2549 2607 [109 196] 2607 2855 2681 38 [3920 197] 38 2975 134 3285 [2674 198] 1796 1238 3003 2996 2276 [2675 199] [2980 200] 2831 T
1448
936 1008 308 2450 409 90 [2270 169] 90 [409 170] 312 349 [2796 171] 560 3285 2674 2858 263 [1011 172] 263 2858 2674 1796 3300 391 [1847 173] 391 2026 2090 [2683 174] 2090 2827 2603 1073 665 3787 [2202 175] 3787 2606 [227 176] 1516 2209 513 1838 1841 [792 177] 1841 2864 3443 [589 178] 375 178 [816 179] 178 1241 3805 2834 1475 [486 180] 1475 2196 [2011 181] 814 [3169 182] 814 2011 2498 230 [299 183] 145 2158 [319 184] [1136 185] 3198 3322 1460 [1358 186] [3002 187] 2124 3789 3347 [2211 188] [3291 189] 2211 810 2265 364 [3605 190] 1116 [1571 191] 1608 1601 1604 1472 [591 192] 2483 810 1694 [3494 193] 1694 [2482 194] 1694 1389 3054 2854 [1209 195] 2467 2549 2607 [109 196] 2607 2855 2681 38 [3920 197] 38 2975 134 3285 [2674 198] 1796 1238 3003 2996 2276 [2675 199] [2980 200] 2831 T
1448
409 1923 3774 [3241 170] 3044 1803 2520 [3630 171] 2520 1803 [3044 172] 3241 1845 2984 526 2941 [2859 173] 2941 526 2984 [3904 174] 2984 [3737 175] 3380 3787 2606 [227 176] 1516 2209 513 1838 1841 [792 177] 1841 2864 3443 [589 178] 375 178 [816 179] 178 1241 3805 2834 1475 [486 180] 1475 2196 [2011 181] 814 [3169 182] 814 2011 2498 230 [299 183] 145 2158 [319 184] [1136 185] 3198 3322 1460 [1358 186] [3002 187] 2124 3789 3347 [2211 188] [3291 189] 2211 810 2265 364 [3605 190] 1116 [1571 191] 1608 1601 1604 1472 [591 192] 2483 810 1694 [3494 193] 1694 [2482 194] 1694 1389 3054 2854 [1209 195] 2467 2549 2607 [109 196] 2607 2855 2681 38 [3920 197] 38 2975 134 3285 [2674 198] 1796 1238 3003 2996 2276 [2675 199] [2980 200] 2831 T
1453
2796 560 3285 2674 905 2938 424 1689 [2735 171] 1460 1446 1462 1845 3241 [3044 172] 3241 1845 2984 526 2941 [2859 173] 2941 526 2984 [3904 174] 2984 [3737 175] 3380 3787 2606 [227 176] 1516 2209 513 1838 1841 [792 177] 1841 2864 3443 [589 178] 375 178 [816 179] 178 1241 3805 2834 1475 [486 180] 1475 2196 [2011 181] 814 [3169 182] 814 2011 2498 230 [299 183] 145 2158 [319 184] [1136 185] 3198 3322 1460 [1358 186] [3002 187] 2124 3789 3347 [2211 188] [3291 189] 2211 810 2265 364 [3605 190] 1116 [1571 191] 1608 1601 1604 1472 [591 192] 2483 810 1694 [3494 193] 1694 [2482 194] 1694 1389 3054 2854 [1209 195] 2467 2549 2607 [109 196] 2607 2855 2681 38 [3920 197] 38 2975 134 3285 [2674 198] 1796 1238 3003 2996 2276 [2675 199] [2980 200] 2831 T
1447
1011 854 1944 252 2848 [2825 172] 695 3705 2238 [2859 173] 2941 526 2984 [3904 174] 2984 [3737 175] 3380 3787 2606 [227 176] 1516 2209 513 1838 1841 [792 177] 1841 2864 3443 [589 178] 375 178 [816 179] 178 1241 3805 2834 1475 [486 180] 1475 2196 [2011 181] 814 [3169 182] 814 2011 2498 230 [299 183] 145 2158 [319 184] [1136 185] 3198 3322 1460 [1358 186] [3002 187] 2124 3789 3347 [2211 188] [3291 189] 2211 810 2265 364 [3605 190] 1116 [1571 191] 1608 1601 1604 1472 [591 192] 2483 810 1694 [3494 193] 1694 [2482 194] 1694 1389 3054 2854 [1209 195] 2467 2549 2607 [109 196] 2607 2855 2681 38 [3920 197] 38 2975 134 3285 [2674 198] 1796 1238 3003 2996 2276 [2675 199] [2980 200] 2831 T
1446
1847 1838 513 1286 [2859 173] 2941 526 2984 [3904 174] 2984 [3737 175] 3380 3787 2606 [227 176] 1516 2209 513 1838 1841 [792 177] 1841 2864 3443 [589 178] 375 178 [816 179] 178 1241 3805 2834 1475 [486 180] 1475 2196 [2011 181] 814 [3169 182] 814 2011 2498 230 [299 183] 145 2158 [319 184] [1136 185] 3198 3322 1460 [1358 186] [3002 187] 2124 3789 3347 [2211 188] [3291 189] 2211 810 2265 364 [3605 190] 1116 [1571 191] 1608 1601 1604 1472 [591 192] 2483 810 1694 [3494 193] 1694 [2482 194] 1694 1389 3054 2854 [1209 195] 2467 2549 2607 [109 196] 2607 2855 2681 38 [3920 197] 38 2975 134 3285 [2674 198] 1796 1238 3003 2996 2276 [2675 199] [2980 200] 2831 T
1446
2683 3500 3592 2057 3178 [2710 174] 3580 2600 2598 [2202 175] 3787 2606 [227 176] 1516 2209 513 1838 1841 [792 177] 1841 2864 3443 [589 178] 375 178 [816 179] 178 1241 3805 2834 1475 [486 180] 1475 2196 [2011 181] 814 [3169 182] 814 2011 2498 230 [299 183] 145 2158 [319 184] [1136 185] 3198 3322 1460 [1358 186] [3002 187] 2124 3789 3347 [2211 188] [3291 189] 2211 810 2265 364 [3605 190] 1116 [1571 191] 1608 1601 1604 1472 [591 192] 2483 810 1694 [3494 193] 1694 [2482 194] 1694 1389 3054 2854 [1209 195] 2467 2549 2607 [109 196] 2607 2855 2681 38 [3920 197] 38 2975 134 3285 [2674 198] 1796 1238 3003 2996 2276 [2675 199] [2980 200] 2831 T
1453
2202 2598 1946 3454 [3372 175] 855 1994 [2395 176] 1390 3093 3094 2238 3705 [695 177] 2075 2597 972 2973 2640 [2965 178] 2640 178 [816 179] 178 1241 3805 2834 1475 [486 180] 1475 2196 [2011 181] 814 [3169 182] 814 2011 2498 230 [299 183] 145 2158 [319 184] [1136 185] 3198 3322 1460 [1358 186] [3002 187] 2124 3789 3347 [2211 188] [3291 189] 2211 810 2265 364 [3605 190] 1116 [1571 191] 1608 1601 1604 1472 [591 192] 2483 810 1694 [3494 193] 1694 [2482 194] 1694 1389 3054 2854 [1209 195] 2467 2549 2607 [109 196] 2607 2855 2681 38 [3920 197] 38 2975 134 3285 [2674 198] 1796 1238 3003 2996 2276 [2675 199] [2980 200] 2831 T
1450
227 221 224 688 296 104 [1673 176] 104 2508 [913 177] 2508 104 956 968 [1988 178] 3571 1870 [2711 179] 3848 3731 2936 [1884 180] 2936 3731 2753 2196 [2011 181] 814 [3169 182] 814 2011 2498 230 [299 183] 145 2158 [319 184] [1136 185] 3198 3322 1460 [1358 186] [3002 187] 2124 3789 3347 [2211 188] [3291 189] 2211 810 2265 364 [3605 190] 1116 [1571 191] 1608 1601 1604 1472 [591 192] 2483 810 1694 [3494 193] 1694 [2482 194] 1694 1389 3054 2854 [1209 195] 2467 2549 2607 [109 196] 2607 2855 2681 38 [3920 197] 38 2975 134 3285 [2674 198] 1796 1238 3003 2996 2276 [2675 199] [2980 200] 2831 T
1455
792 1449 2951 [2353 177] 2951 1416 185 [1765 178] 3161 [747 179] 937 [3832 180] 2276 2996 2196 [2011 181] 814 [3169 182] 814 2011 2498 230 [299 183] 145 2158 [319 184] [1136 185] 3198 3322 1460 [1358 186] [3002 187] 2124 3789 3347 [2211 188] [3291 189] 2211 810 2265 364 [3605 190] 1116 [1571 191] 1608 1601 1604 1472 [591 192] 2483 810 1694 [3494 193] 1694 [2482 194] 1694 1389 3054 2854 [1209 195] 2467 2549 2607 [109 196] 2607 2855 2681 38 [3920 197] 38 2975 134 3285 [2674 198] 1796 1238 3003 2996 2276 [2675 199] [2980 200] 2831 T
1452
589 375 178 2640 [2965 178] 2640 178 [816 179] 178 1241 3805 2834 1475 [486 180] 1475 2196 [2011 181] 814 [3169 182] 814 2011 2498 230 [299 183] 145 2158 [319 184] [1136 185] 3198 3322 1460 [1358 186] [3002 187] 2124 3789 3347 [2211 188] [3291 189] 2211 810 2265 364 [3605 190] 1116 [1571 191] 1608 1601 1604 1472 [591 192] 2483 810 1694 [3494 193] 1694 [2482 194] 1694 1389 3054 2854 [1209 195] 2467 2549 2607 [109 196] 2607 2855 2681 38 [3920 197] 38 2975 134 3285 [2674 198] 1796 1238 3003 2996 2276 [2675 199] [2980 200] 2831 T
1455
816 3436 [772 179] 923 230 [486 180] 1475 2196 [2011 181] 814 [3169 182] 814 2011 2498 230 [299 183] 145 2158 [319 184] [1136 185] 3198 3322 1460 [1358 186] [3002 187] 2124 3789 3347 [2211 188] [3291 189] 2211 810 2265 364 [3605 190] 1116 [1571 191] 1608 1601 1604 1472 [591 192] 2483 810 1694 [3494 193] 1694 [2482 194] 1694 1389 3054 2854 [1209 195] 2467 2549 2607 [109 196] 2607 2855 2681 38 [3920 197] 38 2975 134 3285 [2674 198] 1796 1238 3003 2996 2276 [2675 199] [2980 200] 2831 T
1458
486 1475 2834 92 89 105 [1884 180] 2936 3731 2753 2196 [2011 181] 814 [3169 182] 814 2011 2498 230 [299 183] 145 2158 [319 184] [1136 185] 3198 3322 1460 [1358 186] [3002 187] 2124 3789 3347 [2211 188] [3291 189] 2211 810 2265 364 [3605 190] 1116 [1571 191] 1608 1601 1604 1472 [591 192] 2483 810 1694 [3494 193] 1694 [2482 194] 1694 1389 3054 2854 [1209 195] 2467 2549 2607 [109 196] 2607 2855 2681 38 [3920 197] 38 2975 134 3285 [2674 198] 1796 1238 3003 2996 2276 [2675 199] [2980 200] 2831 T
1454
2011 3531 [2136 181] 3531 2011 814 [3169 182] 814 2011 2498 230 [299 183] 145 2158 [319 184] [1136 185] 3198 3322 1460 [1358 186] [3002 187] 2124 3789 3347 [2211 188] [3291 189] 2211 810 2265 364 [3605 190] 1116 [1571 191] 1608 1601 1604 1472 [591 192] 2483 810 1694 [3494 193] 1694 [2482 194] 1694 1389 3054 2854 [1209 195] 2467 2549 2607 [109 196] 2607 2855 2681 38 [3920 197] 38 2975 134 3285 [2674 198] 1796 1238 3003 2996 2276 [2675 199] [2980 200] 2831 T
1451
3169 814 2770 [983 182] 2827 2090 2774 1740 3301 [299 183] 145 2158 [319 184] [1136 185] 3198 3322 1460 [1358 186] [3002 187] 2124 3789 3347 [2211 188] [3291 189] 2211 810 2265 364 [3605 190] 1116 [1571 191] 1608 1601 1604 1472 [591 192] 2483 810 1694 [3494 193] 1694 [2482 194] 1694 1389 3054 2854 [1209 195] 2467 2549 2607 [109 196] 2607 2855 2681 38 [3920 197] 38 2975 134 3285 [2674 198] 1796 1238 3003 2996 2276 [2675 199] [2980 200] 2831 T
1455
299 3301 1740 1298 [538 183] 3776 1624 1619 291 [2805 184] 291 1619 905 3525 2059 [1266 185] 2059 3525 65 70 [1358 186] [3002 187] 2124 3789 3347 [2211 188] [3291 189] 2211 810 2265 364 [3605 190] 1116 [1571 191] 1608 1601 1604 1472 [591 192] 2483 810 1694 [3494 193] 1694 [2482 194] 1694 1389 3054 2854 [1209 195] 2467 2549 2607 [109 196] 2607 2855 2681 38 [3920 197] 38 2975 134 3285 [2674 198] 1796 1238 3003 2996 2276 [2675 199] [2980 200] 2831 T
1454
319 209 198 [219 184] 2208 3805 [1386 185] 3805 2208 219 2790 2988 316 [1358 186] [3002 187] 2124 3789 3347 [2211 188] [3291 189] 2211 810 2265 364 [3605 190] 1116 [1571 191] 1608 1601 1604 1472 [591 192] 2483 810 1694 [3494 193] 1694 [2482 194] 1694 1389 3054 2854 [1209 195] 2467 2549 2607 [109 196] 2607 2855 2681 38 [3920 197] 38 2975 134 3285 [2674 198] 1796 1238 3003 2996 2276 [2675 199] [2980 200] 2831 T
1448
1136 3198 1261 750 [1266 185] 2059 3525 65 70 [1358 186] [3002 187] 2124 3789 3347 [2211 188] [3291 189] 2211 810 2265 364 [3605 190] 1116 [1571 191] 1608 1601 1604 1472 [591 192] 2483 810 1694 [3494 193] 1694 [2482 194] 1694 1389 3054 2854 [1209 195] 2467 2549 2607 [109 196] 2607 2855 2681 38 [3920 197] 38 2975 134 3285 [2674 198] 1796 1238 3003 2996 2276 [2675 199] [2980 200] 2831 T
1455
1358 3320 3066 933 3091 1508 [1415 186] 1508 [2797 187] 1801 1143 3524 [2211 188] [3291 189] 2211 810 2265 364 [3605 190] 1116 [1571 191] 1608 1601 1604 1472 [591 192] 2483 810 1694 [3494 193] 1694 [2482 194] 1694 1389 3054 2854 [1209 195] 2467 2549 2607 [109 196] 2607 2855 2681 38 [3920 197] 38 2975 134 3285 [2674 198] 1796 1238 3003 2996 2276 [2675 199] [2980 200] 2831 T
1453
3002 2996 2276 2675 2802 185 [1416 187] 1447 1175 3461 3442 2023 1870 [2211 188] [3291 189] 2211 810 2265 364 [3605 190] 1116 [1571 191] 1608 1601 1604 1472 [591 192] 2483 810 1694 [3494 193] 1694 [2482 194] 1694 1389 3054 2854 [1209 195] 2467 2549 2607 [109 196] 2607 2855 2681 38 [3920 197] 38 2975 134 3285 [2674 198] 1796 1238 3003 2996 2276 [2675 199] [2980 200] 2831 T
1456
2211 3626 2192 1164 [2002 188] 1164 2192 3626 2211 [3291 189] 2211 810 2265 364 [3605 190] 1116 [1571 191] 1608 1601 1604 1472 [591 192] 2483 810 1694 [3494 193] 1694 [2482 194] 1694 1389 3054 2854 [1209 195] 2467 2549 2607 [109 196] 2607 2855 2681 38 [3920 197] 38 2975 134 3285 [2674 198] 1796 1238 3003 2996 2276 [2675 199] [2980 200] 2831 T
1456
3291 2211 1516 2209 513 1286 2859 2941 143 [1176 189] 143 2941 526 2984 1845 [1462 190] 1845 3241 3774 2192 [1164 191] 1748 2358 1982 [2563 192] 97 2856 29 2971 2338 [3494 193] 1694 [2482 194] 1694 1389 3054 2854 [1209 195] 2467 2549 2607 [109 196] 2607 2855 2681 38 [3920 197] 38 2975 134 3285 [2674 198] 1796 1238 3003 2996 2276 [2675 199] [2980 200] 2831 T
1454
3605 589 375 [178 190] 1241 3805 1532 1526 1533 1589 [1284 191] 1901 97 [2563 192] 97 2856 29 2971 2338 [3494 193] 1694 [2482 194] 1694 1389 3054 2854 [1209 195] 2467 2549 2607 [109 196] 2607 2855 2681 38 [3920 197] 38 2975 134 3285 [2674 198] 1796 1238 3003 2996 2276 [2675 199] [2980 200] 2831 T
1446
1571 1608 1601 [1611 191] 1601 1604 1472 [591 192] 2483 810 1694 [3494 193] 1694 [2482 194] 1694 1389 3054 2854 [1209 195] 2467 2549 2607 [109 196] 2607 2855 2681 38 [3920 197] 38 2975 134 3285 [2674 198] 1796 1238 3003 2996 2276 [2675 199] [2980 200] 2831 T
1451
591 1472 1463 312 2690 3360 3300 [3010 192] 342 3175 1024 2338 [3494 193] 1694 [2482 194] 1694 1389 3054 2854 [1209 195] 2467 2549 2607 [109 196] 2607 2855 2681 38 [3920 197] 38 2975 134 3285 [2674 198] 1796 1238 3003 2996 2276 [2675 199] [2980 200] 2831 T
1455
3494 3001 2996 2196 [2753 193] 2196 2011 2959 [2778 194] 2959 3721 3055 2854 [1209 195] 2467 2549 2607 [109 196] 2607 2855 2681 38 [3920 197] 38 2975 134 3285 [2674 198] 1796 1238 3003 2996 2276 [2675 199] [2980 200] 2831 T
1450
2482 1694 1389 3054 1465 986 [3688 194] 986 1465 3054 2854 [1209 195] 2467 2549 2607 [109 196] 2607 2855 2681 38 [3920 197] 38 2975 134 3285 [2674 198] 1796 1238 3003 2996 2276 [2675 199] [2980 200] 2831 T
1456
1209 946 3033 656 615 [599 195] 3602 62 [2003 196] 1835 2202 [2186 197] [3755 198] 2186 2202 3787 665 1073 3149 [1034 199] 3149 1073 2603 [1167 200] 2603 2831 T
1448
109 2607 1705 2969 1239 3035 1029 [1339 196] 1029 [627 197] 3131 800 295 848 549 [860 198] [1034 199] 3149 1073 2603 [1167 200] 2603 2831 T
1450
3920 38 2975 2753 2196 2996 [3003 197] 1238 1796 [2674 198] 1796 1238 3003 2996 2276 [2675 199] [2980 200] 2831 T
1448
2674 1796 947 [1227 198] 947 1796 1238 3003 2996 2276 [2675 199] [2980 200] 2831 T
1459
2675 2276 2996 3001 3494 1694 3290 1230 [698 199] 684 694 174 151 [1167 200] 2603 2831 T
1450
2980 2831 2603 [1167 200] 2603 2831 T
